{"stats":{"minecraft:killed_by":{"minecraft:skeleton":2},"minecraft:picked_up":{"sophisticatedbackpacks:gold_backpack":1,"minecraft:cocoa_beans":4,"minecraft:crafting_table":7,"minecraft:chicken":12,"minecraft:chest_minecart":1,"minecraft:suspicious_stew":1,"minecraft:wooden_pickaxe":2,"gravestone:obituary":5,"minecraft:cornflower":2,"minecraft:string":16,"minecraft:beetroot":3,"minecraft:cobbled_deepslate":83,"minecraft:beef":27,"minecraft:poppy":4,"minecraft:melon_slice":53,"minecraft:sugar_cane":25,"minecraft:birch_sapling":11,"minecraft:furnace":2,"minecraft:egg":1,"minecraft:stick":21,"minecraft:raw_iron":59,"minecraft:torch":31,"minecraft:bowl":1,"sophisticatedbackpacks:backpack":8,"minecraft:porkchop":13,"minecraft:redstone":4,"minecraft:arrow":6,"minecraft:rotten_flesh":11,"minecraft:beetroot_seeds":8,"minecraft:mutton":9,"minecraft:white_wool":6,"minecraft:cobblestone":43,"minecraft:oxeye_daisy":4,"minecraft:birch_log":57,"minecraft:feather":11,"minecraft:lilac":1,"minecraft:glow_ink_sac":13,"minecraft:andesite":5,"minecraft:leather":17,"minecraft:filled_map":1,"minecraft:potato":36,"minecraft:tuff":12,"minecraft:oak_log":66,"minecraft:gunpowder":3,"minecraft:lapis_lazuli":33,"minecraft:dirt":32,"minecraft:bone":11,"minecraft:coast_armor_trim_smithing_template":1,"minecraft:apple":1,"minecraft:bow":2,"minecraft:wheat_seeds":1,"minecraft:raw_gold":15,"minecraft:iron_ingot":25,"minecraft:stone_pickaxe":1,"minecraft:bamboo":33,"minecraft:stone_hoe":1,"minecraft:iron_sword":1,"minecraft:oak_planks":2,"minecraft:dandelion":18,"minecraft:spyglass":1,"minecraft:poisonous_potato":1,"minecraft:white_bed":3,"minecraft:spider_eye":6,"minecraft:diamond":4,"minecraft:baked_potato":4,"minecraft:oak_sapling":30,"minecraft:coal":44},"minecraft:mined":{"minecraft:tuff":12,"minecraft:white_bed":3,"minecraft:oak_sapling":1,"minecraft:deepslate_diamond_ore":5,"sophisticatedbackpacks:gold_backpack":1,"gravestone:gravestone":2,"minecraft:grass_block":28,"minecraft:oxeye_daisy":4,"minecraft:furnace":2,"minecraft:andesite":1,"minecraft:deepslate_lapis_ore":5,"minecraft:potatoes":11,"minecraft:deepslate_iron_ore":57,"minecraft:bamboo":3,"minecraft:stone":28,"sophisticatedbackpacks:backpack":8,"minecraft:deepslate_redstone_ore":1,"minecraft:dandelion":18,"minecraft:crafting_table":7,"minecraft:cornflower":4,"minecraft:torch":12,"minecraft:poppy":4,"minecraft:melon":10,"minecraft:tall_grass":3,"minecraft:deepslate_gold_ore":15,"minecraft:sugar_cane":12,"minecraft:wall_torch":11,"minecraft:birch_log":57,"minecraft:lilac":1,"minecraft:birch_leaves":2,"minecraft:grass":19,"minecraft:oak_log":64,"minecraft:coal_ore":44,"minecraft:beetroots":3,"minecraft:cocoa":2,"minecraft:dirt":5,"minecraft:cobweb":1,"minecraft:oak_leaves":23,"minecraft:deepslate":67,"minecraft:fern":1},"minecraft:broken":{"minecraft:shield":1,"minecraft:stone_axe":1,"minecraft:iron_sword":1},"minecraft:custom":{"minecraft:mob_kills":91,"minecraft:interact_with_crafting_table":61,"minecraft:leave_game":7,"minecraft:time_since_death":106892,"minecraft:climb_one_cm":7887,"minecraft:sprint_one_cm":480660,"minecraft:walk_one_cm":602126,"minecraft:damage_blocked_by_shield":3331,"minecraft:drop":47,"minecraft:play_time":192630,"minecraft:deaths":2,"minecraft:sneak_time":4679,"minecraft:walk_under_water_one_cm":68519,"minecraft:jump":4179,"minecraft:walk_on_water_one_cm":63019,"minecraft:total_world_time":192630,"minecraft:interact_with_furnace":76,"minecraft:sleep_in_bed":8,"minecraft:time_since_rest":24726,"minecraft:damage_taken":4267,"minecraft:damage_dealt":14302,"minecraft:player_kills":5,"minecraft:swim_one_cm":76032,"minecraft:fly_one_cm":732528,"minecraft:open_chest":33,"minecraft:crouch_one_cm":6648,"minecraft:interact_with_smoker":15,"minecraft:fall_one_cm":116337},"minecraft:dropped":{"minecraft:iron_ingot":9,"minecraft:cooked_beef":3,"minecraft:lilac":1,"minecraft:oak_log":6,"minecraft:cobblestone":20,"minecraft:coal":9,"minecraft:mutton":5,"minecraft:melon_slice":27,"gravestone:obituary":5,"minecraft:spyglass":1,"minecraft:cooked_chicken":6,"minecraft:stone_sword":1,"minecraft:bowl":2,"minecraft:tuff":2,"minecraft:beetroot":3,"minecraft:rotten_flesh":1,"sophisticatedbackpacks:backpack":1,"minecraft:suspicious_stew":1,"minecraft:filled_map":1,"minecraft:beetroot_seeds":8,"minecraft:andesite":5,"minecraft:leather_boots":1,"minecraft:leather_leggings":1,"minecraft:spider_eye":6,"minecraft:bow":2,"minecraft:wooden_pickaxe":3,"minecraft:stone_pickaxe":2},"minecraft:crafted":{"minecraft:wooden_sword":1,"easy_hammers:iron_hammer":1,"minecraft:oak_planks":64,"minecraft:cooked_chicken":12,"minecraft:furnace":2,"minecraft:bone_meal":36,"minecraft:iron_boots":1,"minecraft:iron_axe":1,"securitycraft:universal_block_remover":1,"minecraft:stone_pickaxe":1,"minecraft:chest":3,"minecraft:smoker":1,"sophisticatedbackpacks:iron_backpack":1,"minecraft:cooked_beef":22,"minecraft:red_dye":1,"sophisticatedbackpacks:backpack":22,"minecraft:cooked_porkchop":8,"minecraft:crafting_table":2,"minecraft:iron_helmet":1,"minecraft:baked_potato":18,"minecraft:wooden_pickaxe":1,"minecraft:iron_sword":1,"sophisticatedbackpacks:gold_backpack":1,"minecraft:stone_axe":1,"minecraft:air":0,"minecraft:blue_dye":1,"minecraft:yellow_dye":18,"minecraft:shield":2,"minecraft:stick":12,"minecraft:iron_ingot":40,"minecraft:iron_pickaxe":2,"minecraft:stone_sword":1,"minecraft:iron_leggings":1,"minecraft:gold_ingot":13,"minecraft:white_bed":2,"minecraft:torch":20,"minecraft:shears":1},"minecraft:killed":{"minecraft:spider":8,"minecraft:skeleton":12,"minecraft:chicken":12,"minecraft:pig":6,"minecraft:creeper":1,"minecraft:sheep":6,"minecraft:zombie":25,"minecraft:glow_squid":6,"minecraft:cow":13},"minecraft:used":{"minecraft:stone_sword":138,"minecraft:shield":43,"minecraft:iron_sword":176,"minecraft:stone_hoe":25,"minecraft:cooked_chicken":6,"minecraft:rotten_flesh":10,"minecraft:torch":42,"minecraft:spyglass":2,"minecraft:dirt":11,"minecraft:mutton":4,"minecraft:tuff":10,"easy_hammers:iron_hammer":13,"minecraft:beef":5,"minecraft:oak_sapling":11,"minecraft:furnace":2,"minecraft:egg":1,"minecraft:cooked_beef":19,"minecraft:potato":23,"minecraft:cobbled_deepslate":23,"sophisticatedbackpacks:gold_backpack":2,"minecraft:baked_potato":10,"minecraft:stone_pickaxe":40,"minecraft:oak_planks":4,"minecraft:wooden_pickaxe":8,"minecraft:sugar_cane":1,"minecraft:rail":1,"minecraft:crafting_table":8,"minecraft:white_bed":5,"minecraft:smoker":1,"sophisticatedbackpacks:backpack":9,"minecraft:apple":1,"minecraft:oxeye_daisy":4,"minecraft:melon_slice":23,"minecraft:suspicious_stew":1,"minecraft:iron_pickaxe":200,"minecraft:stone_axe":156,"minecraft:wooden_sword":39,"minecraft:cobblestone":6,"minecraft:porkchop":5,"minecraft:cooked_porkchop":8,"minecraft:poisonous_potato":1,"minecraft:chest_minecart":1,"minecraft:bone_meal":36}},"DataVersion":3465}