{"stats":{"minecraft:custom":{"minecraft:interact_with_crafting_table":188,"minecraft:bell_ring":26,"minecraft:leave_game":28,"minecraft:time_since_death":97833,"minecraft:damage_blocked_by_shield":6849,"minecraft:sprint_one_cm":3115253,"minecraft:drop":473,"minecraft:talked_to_villager":30,"minecraft:play_time":1306508,"minecraft:deaths":18,"minecraft:jump":25971,"minecraft:walk_on_water_one_cm":216584,"minecraft:interact_with_furnace":221,"minecraft:traded_with_villager":54,"minecraft:sleep_in_bed":37,"minecraft:damage_dealt":38293,"minecraft:player_kills":7,"minecraft:crouch_one_cm":200262,"minecraft:interact_with_smoker":99,"minecraft:use_cauldron":27,"minecraft:interact_with_smithing_table":4,"minecraft:mob_kills":249,"minecraft:inspect_hopper":14,"minecraft:damage_dealt_resisted":244,"minecraft:climb_one_cm":98384,"minecraft:walk_one_cm":4429243,"minecraft:damage_dealt_absorbed":168,"minecraft:raid_win":1,"minecraft:sneak_time":61795,"minecraft:walk_under_water_one_cm":159029,"minecraft:boat_one_cm":1231662,"minecraft:interact_with_blast_furnace":106,"minecraft:total_world_time":1306508,"minecraft:raid_trigger":1,"minecraft:time_since_rest":102,"minecraft:damage_taken":20070,"minecraft:swim_one_cm":257609,"minecraft:fly_one_cm":4754664,"minecraft:open_chest":330,"minecraft:fall_one_cm":569566},"minecraft:mined":{"minecraft:dark_oak_planks":32,"minecraft:white_bed":14,"minecraft:oak_sapling":1,"minecraft:cobblestone_stairs":1,"sophisticatedbackpacks:gold_backpack":8,"minecraft:jungle_leaves":6,"minecraft:brewing_stand":1,"minecraft:granite":49,"minecraft:acacia_log":7,"minecraft:grass_block":374,"minecraft:jungle_log":153,"minecraft:cracked_polished_blackstone_bricks":20,"minecraft:composter":3,"minecraft:hopper":3,"minecraft:oxeye_daisy":4,"minecraft:spawner":1,"minecraft:polished_blackstone_bricks":37,"minecraft:magma_block":42,"minecraft:glowstone":12,"minecraft:iron_ore":11,"minecraft:fire":78,"minecraft:cobbled_deepslate":18,"minecraft:deepslate_lapis_ore":20,"minecraft:azure_bluet":1,"minecraft:dark_oak_stairs":4,"minecraft:twisting_vines":2,"minecraft:pointed_dripstone":7,"minecraft:cave_vines":1,"minecraft:dirt_path":34,"minecraft:tripwire":1,"minecraft:deepslate_redstone_ore":16,"minecraft:quartz_block":23,"minecraft:blackstone":11,"minecraft:soul_fire":2,"minecraft:crimson_nylium":5,"minecraft:smoker":5,"minecraft:torch":47,"minecraft:blast_furnace":6,"minecraft:melon":16,"minecraft:poppy":10,"minecraft:chest":6,"minecraft:glass":84,"minecraft:nether_quartz_ore":53,"minecraft:cobblestone":61,"minecraft:oak_planks":18,"minecraft:sugar_cane":12,"minecraft:iron_door":3,"minecraft:wall_torch":51,"minecraft:cauldron":8,"minecraft:seagrass":1,"minecraft:dark_oak_slab":116,"minecraft:nether_wart_block":2,"minecraft:birch_log":57,"minecraft:wheat":15,"minecraft:lava_cauldron":1,"minecraft:lilac":1,"minecraft:grass":578,"minecraft:oak_log":70,"minecraft:beetroots":5,"minecraft:sand":1024,"minecraft:dirt":172,"minecraft:ancient_debris":1,"minecraft:netherrack":1274,"minecraft:deepslate":1379,"minecraft:oak_leaves":25,"minecraft:nether_gold_ore":9,"minecraft:tuff":199,"minecraft:deepslate_diamond_ore":38,"minecraft:dark_oak_log":226,"minecraft:nether_bricks":3,"gravestone:gravestone":12,"minecraft:dark_oak_fence":12,"minecraft:jungle_planks":2,"minecraft:redstone_wire":1,"minecraft:spruce_leaves":13,"minecraft:red_mushroom":1,"minecraft:sandstone":3,"minecraft:crimson_stem":1,"minecraft:hay_block":20,"minecraft:spruce_sapling":1,"minecraft:furnace":7,"minecraft:carrots":17,"minecraft:andesite":25,"minecraft:gold_block":4,"minecraft:bookshelf":65,"minecraft:potatoes":125,"minecraft:deepslate_iron_ore":69,"minecraft:vine":150,"minecraft:lantern":1,"minecraft:bamboo":3,"minecraft:stone":240,"sophisticatedbackpacks:backpack":14,"minecraft:acacia_leaves":1,"minecraft:glass_pane":63,"minecraft:soul_sand":1,"minecraft:infested_stone_bricks":4,"minecraft:basalt":7,"minecraft:dandelion":31,"minecraft:crafting_table":16,"minecraft:cornflower":4,"minecraft:lectern":1,"minecraft:copper_ore":2,"minecraft:tall_grass":6,"minecraft:deepslate_gold_ore":44,"minecraft:diorite":21,"minecraft:birch_planks":39,"minecraft:birch_leaves":2,"minecraft:spruce_log":475,"minecraft:yellow_bed":1,"minecraft:coal_ore":62,"minecraft:cocoa":2,"minecraft:gravel":22,"minecraft:dripstone_block":8,"minecraft:cobweb":2,"minecraft:cracked_stone_bricks":13,"minecraft:stone_bricks":41,"minecraft:mossy_stone_bricks":10,"minecraft:fern":139},"minecraft:dropped":{"minecraft:cooked_beef":3,"minecraft:oak_log":6,"minecraft:baked_potato":110,"minecraft:glow_ink_sac":2,"minecraft:glass_bottle":2,"minecraft:crafting_table":1,"minecraft:dark_oak_sapling":5,"minecraft:glow_berries":1,"minecraft:jungle_planks":1,"minecraft:cracked_stone_bricks":83,"minecraft:red_mushroom":1,"minecraft:cobblestone_stairs":2,"minecraft:music_disc_13":1,"minecraft:flint":1,"minecraft:cracked_polished_blackstone_bricks":29,"minecraft:dirt":18,"minecraft:grass":2,"minecraft:stone_button":5,"minecraft:polished_blackstone_brick_stairs":2,"securitycraft:reinforced_sand":37,"minecraft:mutton":5,"gravestone:obituary":31,"minecraft:gold_nugget":24,"minecraft:bone_meal":3,"minecraft:sand":9,"minecraft:polished_blackstone_bricks":132,"minecraft:gold_ingot":9,"minecraft:gravel":4,"minecraft:dark_oak_door":2,"minecraft:blackstone":3,"minecraft:spyglass":2,"minecraft:cooked_chicken":6,"minecraft:iron_nugget":6,"minecraft:cobbled_deepslate":5371,"minecraft:nether_brick":8,"minecraft:twisting_vines":1,"minecraft:pointed_dripstone":3,"minecraft:beetroot":3,"minecraft:rotten_flesh":18,"minecraft:golden_shovel":1,"minecraft:nether_brick_fence":1,"minecraft:carrot":1,"minecraft:poppy":1,"minecraft:gunpowder":6,"minecraft:beetroot_seeds":11,"minecraft:leather_boots":1,"minecraft:leather_leggings":1,"minecraft:basalt":13,"minecraft:iron_bars":3,"minecraft:arrow":17,"minecraft:quartz":3,"minecraft:netherrack":2908,"minecraft:iron_ingot":11,"minecraft:stone_hoe":2,"easy_hammers:diamond_hammer":1,"minecraft:bread":5,"minecraft:wheat_seeds":34,"minecraft:lilac":1,"minecraft:poisonous_potato":4,"minecraft:cobblestone":484,"minecraft:spectral_arrow":9,"minecraft:granite":82,"minecraft:chainmail_helmet":1,"minecraft:coal":9,"minecraft:golden_apple":1,"minecraft:diorite":118,"minecraft:nether_wart_block":2,"minecraft:melon_slice":34,"minecraft:iron_door":8,"minecraft:iron_leggings":2,"minecraft:mud":1,"minecraft:iron_shovel":1,"minecraft:spruce_sapling":9,"minecraft:dandelion":1,"minecraft:soul_soil":4,"minecraft:stone_sword":4,"minecraft:cocoa_beans":10,"minecraft:bowl":2,"minecraft:tuff":835,"minecraft:raw_iron":1,"minecraft:wither_skeleton_skull":2,"minecraft:iron_boots":2,"sophisticatedbackpacks:backpack":1,"easy_hammers:iron_hammer":1,"minecraft:nether_bricks":4,"minecraft:pumpkin_seeds":4,"minecraft:suspicious_stew":1,"minecraft:filled_map":3,"minecraft:stone":5,"minecraft:iron_chestplate":2,"minecraft:andesite":99,"minecraft:mossy_stone_bricks":56,"minecraft:golden_sword":1,"minecraft:stone_bricks":179,"minecraft:spider_eye":6,"minecraft:sandstone":40,"minecraft:bow":2,"minecraft:stone_pickaxe":3,"minecraft:wooden_pickaxe":3,"minecraft:magma_cream":3},"minecraft:crafted":{"minecraft:black_dye":7,"easy_hammers:iron_hammer":2,"minecraft:smooth_stone":3,"minecraft:oak_planks":100,"minecraft:melon":2,"minecraft:chain":8,"minecraft:cooked_chicken":12,"minecraft:cobblestone_stairs":8,"minecraft:stone":3,"minecraft:diamond_shovel":1,"securitycraft:laser_block":1,"minecraft:dark_oak_door":3,"minecraft:quartz_block":32,"minecraft:glass":84,"minecraft:hopper":3,"minecraft:diamond_helmet":1,"minecraft:diamond_leggings":1,"minecraft:iron_boots":1,"minecraft:birch_fence_gate":1,"minecraft:chest":12,"minecraft:netherite_upgrade_smithing_template":10,"minecraft:smoker":1,"minecraft:oak_slab":6,"minecraft:emerald":54,"sophisticatedbackpacks:backpack":31,"minecraft:cooked_porkchop":8,"minecraft:diamond_axe":1,"minecraft:crafting_table":5,"minecraft:spruce_planks":312,"minecraft:iron_helmet":1,"minecraft:wooden_pickaxe":1,"minecraft:baked_potato":158,"minecraft:brush":1,"minecraft:smithing_table":1,"minecraft:copper_ingot":1,"minecraft:birch_planks":32,"minecraft:dark_oak_slab":408,"minecraft:yellow_dye":30,"minecraft:diamond_pickaxe":1,"minecraft:shield":3,"minecraft:birch_fence":15,"minecraft:stick":1821,"minecraft:iron_ingot":141,"minecraft:iron_pickaxe":3,"minecraft:iron_block":1,"minecraft:stone_sword":1,"minecraft:gold_ingot":91,"minecraft:light_gray_dye":1,"minecraft:netherite_ingot":3,"minecraft:shears":2,"securitycraft:universal_block_reinforcer_lvl1":1,"minecraft:wooden_sword":1,"minecraft:iron_nugget":189,"minecraft:diamond_hoe":1,"minecraft:furnace":2,"minecraft:blast_furnace":1,"minecraft:dark_oak_sign":3,"minecraft:bone_meal":162,"minecraft:glass_pane":288,"minecraft:flint_and_steel":1,"minecraft:lantern":13,"minecraft:iron_axe":5,"securitycraft:universal_block_remover":1,"minecraft:iron_hoe":2,"minecraft:stone_pickaxe":1,"minecraft:diamond_boots":1,"minecraft:redstone_block":22,"minecraft:netherite_scrap":14,"minecraft:dark_oak_planks":636,"sophisticatedbackpacks:iron_backpack":2,"minecraft:wheat":180,"minecraft:cooked_beef":22,"minecraft:red_dye":13,"minecraft:crimson_planks":4,"easy_hammers:diamond_hammer":1,"minecraft:diamond_sword":1,"minecraft:iron_sword":2,"securitycraft:taser":1,"sophisticatedbackpacks:gold_backpack":18,"minecraft:golden_shovel":4,"minecraft:bucket":5,"minecraft:stone_axe":1,"minecraft:bread":62,"minecraft:air":0,"minecraft:jungle_planks":576,"minecraft:blue_dye":3,"minecraft:oak_boat":1,"minecraft:white_dye":1,"minecraft:iron_shovel":5,"minecraft:iron_leggings":1,"minecraft:white_bed":2,"minecraft:coast_armor_trim_smithing_template":2,"minecraft:torch":160,"minecraft:diamond_chestplate":1},"minecraft:picked_up":{"minecraft:iron_chestplate":2,"minecraft:wheat":5,"minecraft:nether_brick_fence":1,"minecraft:suspicious_stew":1,"securitycraft:reinforced_sand":117,"minecraft:golden_shovel":1,"minecraft:nether_brick":8,"minecraft:brewing_stand":1,"minecraft:golden_sword":1,"minecraft:polished_blackstone_brick_stairs":2,"minecraft:string":56,"minecraft:soul_soil":4,"minecraft:raw_copper":1,"minecraft:cooked_salmon":1,"minecraft:iron_leggings":2,"minecraft:beetroot":4,"minecraft:gold_nugget":132,"minecraft:cobbled_deepslate":5936,"minecraft:bucket":5,"minecraft:eye_armor_trim_smithing_template":1,"minecraft:melon_slice":79,"minecraft:iron_boots":2,"minecraft:furnace":7,"minecraft:stick":67,"minecraft:composter":3,"minecraft:torch":286,"minecraft:porkchop":13,"minecraft:pointed_dripstone":14,"minecraft:diorite":115,"minecraft:vine":112,"securitycraft:reinforced_mossy_cobblestone":1,"minecraft:cauldron":9,"minecraft:quartz_block":20,"minecraft:stone_sword":2,"minecraft:rotten_flesh":38,"minecraft:obsidian":22,"minecraft:iron_bars":3,"minecraft:cobblestone":758,"minecraft:birch_log":57,"minecraft:magma_block":137,"minecraft:feather":11,"minecraft:lilac":1,"minecraft:jungle_log":152,"minecraft:magma_cream":2,"minecraft:iron_door":15,"minecraft:andesite":98,"minecraft:smoker":5,"minecraft:potato":1011,"minecraft:flint":3,"minecraft:tuff":850,"securitycraft:reinforced_obsidian":38,"minecraft:wither_skeleton_skull":3,"minecraft:lapis_lazuli":238,"minecraft:dirt":634,"minecraft:lantern":3,"minecraft:twisting_vines":4,"minecraft:glass":265,"minecraft:bone":61,"minecraft:bow":3,"minecraft:wheat_seeds":124,"minecraft:raw_gold":96,"minecraft:mossy_stone_bricks":65,"minecraft:glowstone_dust":35,"minecraft:bamboo":37,"minecraft:oak_planks":20,"minecraft:stone_hoe":3,"minecraft:music_disc_13":2,"minecraft:poisonous_potato":5,"minecraft:sand":1415,"minecraft:bamboo_raft":1,"minecraft:jungle_planks":2,"minecraft:ink_sac":7,"securitycraft:reinforced_stone":2,"minecraft:grass_block":1,"minecraft:spectral_arrow":9,"minecraft:dark_oak_log":221,"minecraft:jungle_leaves":6,"minecraft:diamond":110,"minecraft:cracked_polished_blackstone_bricks":29,"minecraft:granite":82,"minecraft:bone_meal":22,"minecraft:grass":3,"minecraft:chainmail_helmet":1,"minecraft:emerald":5,"minecraft:bread":69,"minecraft:oak_sapling":32,"minecraft:netherrack":5442,"minecraft:dark_oak_fence":2,"minecraft:cocoa_beans":10,"sophisticatedbackpacks:gold_backpack":9,"minecraft:mud":11,"minecraft:crafting_table":16,"securitycraft:reinforced_dark_oak_slab":2,"minecraft:azure_bluet":1,"minecraft:chicken":12,"minecraft:chest_minecart":1,"minecraft:wooden_pickaxe":2,"minecraft:gold_block":7,"securitycraft:reinforced_glass_pane":29,"gravestone:obituary":16,"minecraft:shield":1,"minecraft:cornflower":2,"minecraft:moss_carpet":1,"minecraft:iron_axe":2,"minecraft:flint_and_steel":1,"minecraft:iron_shovel":1,"minecraft:blackstone":58,"minecraft:glass_pane":17,"minecraft:cracked_stone_bricks":97,"minecraft:beef":27,"minecraft:oak_boat":36,"minecraft:jungle_sapling":18,"minecraft:poppy":11,"minecraft:lectern":1,"minecraft:sugar_cane":88,"minecraft:chest":5,"minecraft:birch_sapling":11,"minecraft:egg":19,"minecraft:dark_oak_sapling":10,"minecraft:raw_iron":103,"minecraft:sandstone":40,"minecraft:stone":5,"minecraft:bowl":1,"sophisticatedbackpacks:backpack":18,"minecraft:polished_blackstone_bricks":133,"easy_hammers:diamond_hammer":1,"minecraft:stone_button":5,"minecraft:carrot":25,"minecraft:redstone":240,"minecraft:dark_oak_planks":32,"minecraft:arrow":36,"minecraft:beetroot_seeds":12,"minecraft:nether_bricks":4,"minecraft:hay_block":20,"minecraft:saddle":1,"minecraft:gold_ingot":10,"minecraft:mutton":9,"minecraft:glow_berries":4,"minecraft:rail":13,"minecraft:white_wool":6,"minecraft:oxeye_daisy":5,"minecraft:basalt":20,"minecraft:glow_ink_sac":13,"minecraft:crimson_stem":1,"minecraft:leather":24,"minecraft:red_mushroom":2,"minecraft:birch_planks":39,"minecraft:filled_map":1,"minecraft:oak_log":72,"minecraft:ancient_debris":12,"minecraft:yellow_bed":1,"minecraft:nether_wart_block":2,"minecraft:gunpowder":11,"minecraft:cobblestone_stairs":3,"easy_hammers:iron_hammer":2,"minecraft:white_banner":4,"minecraft:cooked_mutton":2,"minecraft:coast_armor_trim_smithing_template":1,"minecraft:apple":5,"minecraft:stone_bricks":186,"minecraft:iron_ingot":77,"minecraft:stone_pickaxe":2,"minecraft:glass_bottle":2,"minecraft:iron_sword":1,"minecraft:dark_oak_stairs":1,"minecraft:book":222,"minecraft:dark_oak_slab":153,"minecraft:quartz":187,"minecraft:dandelion":33,"minecraft:spyglass":1,"minecraft:dripstone_block":7,"minecraft:gravel":19,"minecraft:lava_bucket":2,"minecraft:spruce_sapling":37,"minecraft:blast_furnace":7,"minecraft:white_bed":14,"minecraft:spruce_log":421,"minecraft:spider_eye":6,"minecraft:iron_helmet":1,"minecraft:baked_potato":15,"minecraft:coal":88,"minecraft:hopper":3,"minecraft:ender_pearl":3},"minecraft:killed":{"minecraft:zombified_piglin":1,"minecraft:witch":3,"minecraft:spider":15,"minecraft:skeleton":33,"minecraft:chicken":12,"minecraft:silverfish":20,"minecraft:piglin_brute":2,"minecraft:magma_cube":27,"minecraft:piglin":10,"minecraft:pig":6,"minecraft:creeper":5,"minecraft:sheep":6,"minecraft:pillager":14,"minecraft:zombie":46,"minecraft:ghast":1,"minecraft:glow_squid":6,"minecraft:cow":13,"minecraft:vex":2,"minecraft:vindicator":6,"minecraft:squid":4,"minecraft:wither_skeleton":5},"minecraft:used":{"minecraft:beetroot":1,"minecraft:light_gray_dye":1,"minecraft:moss_carpet":1,"minecraft:iron_shovel":1278,"minecraft:melon":2,"minecraft:poppy":2,"minecraft:diamond_hoe":1,"minecraft:shield":93,"minecraft:chest":9,"minecraft:iron_sword":390,"minecraft:grass":1,"minecraft:rotten_flesh":29,"minecraft:iron_chestplate":1,"minecraft:mutton":4,"minecraft:jungle_planks":63,"minecraft:carrot":23,"minecraft:tuff":15,"minecraft:obsidian":22,"minecraft:glass":334,"minecraft:lava_bucket":29,"minecraft:jungle_sapling":18,"minecraft:grass_block":1,"minecraft:lantern":16,"minecraft:quartz_block":43,"minecraft:dark_oak_slab":561,"minecraft:stone_bricks":5,"minecraft:oak_sapling":13,"minecraft:furnace":7,"minecraft:beetroot_seeds":1,"minecraft:egg":19,"minecraft:potato":327,"minecraft:oak_planks":22,"minecraft:stone_pickaxe":40,"minecraft:diorite":1,"minecraft:wither_skeleton_skull":1,"minecraft:dark_oak_stairs":1,"minecraft:mossy_stone_bricks":9,"securitycraft:reinforced_sand":80,"minecraft:dark_oak_sign":3,"minecraft:blackstone":4,"minecraft:wooden_pickaxe":8,"securitycraft:reinforced_mossy_cobblestone":1,"minecraft:composter":3,"minecraft:sugar_cane":1,"minecraft:diamond_axe":58,"securitycraft:reinforced_glass_pane":29,"minecraft:glow_berries":1,"minecraft:sand":78,"minecraft:blast_furnace":8,"securitycraft:universal_block_remover":203,"minecraft:dripstone_block":7,"minecraft:shears":122,"minecraft:birch_fence":15,"securitycraft:reinforced_dark_oak_slab":2,"sophisticatedbackpacks:backpack":20,"easy_hammers:diamond_hammer":2254,"minecraft:birch_fence_gate":1,"minecraft:melon_slice":24,"minecraft:string":1,"minecraft:bread":105,"minecraft:iron_door":7,"minecraft:gravel":13,"minecraft:diamond_sword":123,"minecraft:wooden_sword":39,"minecraft:dark_oak_fence":2,"minecraft:smithing_table":1,"minecraft:andesite":1,"minecraft:poisonous_potato":1,"minecraft:chain":8,"minecraft:chest_minecart":1,"minecraft:oak_boat":37,"minecraft:bone_meal":171,"minecraft:experience_bottle":2,"minecraft:jungle_leaves":6,"minecraft:stone_sword":156,"minecraft:flint_and_steel":24,"minecraft:redstone":1,"minecraft:cooked_salmon":1,"minecraft:stone_hoe":38,"minecraft:cooked_chicken":6,"minecraft:netherrack":1994,"minecraft:torch":422,"securitycraft:reinforced_obsidian":38,"minecraft:dirt":545,"minecraft:spyglass":2,"minecraft:wheat":1,"minecraft:hopper":6,"minecraft:twisting_vines":3,"minecraft:golden_chestplate":1,"securitycraft:reinforced_stone":2,"minecraft:golden_shovel":128,"minecraft:iron_hoe":239,"minecraft:dark_oak_planks":452,"minecraft:bamboo_raft":1,"minecraft:iron_axe":1241,"easy_hammers:iron_hammer":285,"minecraft:iron_boots":1,"minecraft:bamboo":13,"minecraft:basalt":4,"minecraft:beef":5,"minecraft:goat_horn":5,"minecraft:cooked_beef":19,"minecraft:pointed_dripstone":11,"minecraft:cobbled_deepslate":480,"sophisticatedbackpacks:gold_backpack":11,"minecraft:iron_leggings":1,"minecraft:wheat_seeds":49,"minecraft:cooked_mutton":2,"minecraft:water_bucket":96,"minecraft:cobblestone_stairs":9,"minecraft:birch_planks":39,"minecraft:baked_potato":193,"minecraft:cauldron":9,"minecraft:glow_ink_sac":1,"minecraft:cracked_stone_bricks":14,"minecraft:polished_blackstone_bricks":1,"minecraft:crafting_table":18,"minecraft:rail":1,"minecraft:vine":112,"minecraft:oak_slab":4,"minecraft:red_mushroom":1,"minecraft:white_bed":14,"minecraft:spruce_log":2,"minecraft:dark_oak_door":1,"minecraft:smoker":6,"minecraft:mud":1,"minecraft:yellow_dye":1,"minecraft:diamond_pickaxe":997,"minecraft:apple":8,"minecraft:oxeye_daisy":5,"minecraft:iron_pickaxe":452,"minecraft:suspicious_stew":1,"minecraft:spruce_sapling":28,"minecraft:stone_axe":156,"minecraft:cobblestone":234,"minecraft:porkchop":5,"minecraft:cooked_porkchop":9,"minecraft:bucket":146,"minecraft:glass_pane":273,"minecraft:brush":6,"minecraft:dandelion":2},"minecraft:killed_by":{"minecraft:piglin_brute":1,"minecraft:creeper":3,"minecraft:pillager":1,"minecraft:magma_cube":1,"minecraft:piglin":1,"minecraft:blaze":1,"minecraft:player":1,"minecraft:spider":1,"minecraft:skeleton":2},"minecraft:broken":{"minecraft:iron_shovel":5,"minecraft:golden_shovel":4,"easy_hammers:iron_hammer":1,"minecraft:stone_axe":1,"minecraft:iron_sword":1,"easy_hammers:diamond_hammer":1,"minecraft:iron_hoe":2,"minecraft:shield":2,"minecraft:iron_axe":5,"minecraft:iron_pickaxe":1,"minecraft:iron_helmet":1}},"DataVersion":3465}