{"stats":{"minecraft:used":{"minecraft:torch":1,"minecraft:apple":10,"minecraft:crafting_table":2,"minecraft:bread":1,"minecraft:oak_boat":1},"minecraft:picked_up":{"minecraft:crafting_table":2,"minecraft:rotten_flesh":2,"minecraft:torch":1,"minecraft:hay_block":20,"minecraft:oak_boat":1,"minecraft:oak_log":3},"minecraft:custom":{"minecraft:open_chest":2,"minecraft:time_since_rest":236,"minecraft:deaths":1,"minecraft:play_time":10264,"minecraft:sprint_one_cm":46394,"minecraft:damage_taken":305,"minecraft:walk_one_cm":26054,"minecraft:sneak_time":1,"minecraft:boat_one_cm":20366,"minecraft:jump":371,"minecraft:leave_game":1,"minecraft:damage_dealt":141,"minecraft:time_since_death":198,"minecraft:walk_on_water_one_cm":3238,"minecraft:sleep_in_bed":2,"minecraft:total_world_time":10264,"minecraft:fall_one_cm":11688,"minecraft:interact_with_crafting_table":2,"minecraft:fly_one_cm":62355,"minecraft:horse_one_cm":627},"minecraft:mined":{"minecraft:short_grass":1,"minecraft:hay_block":20,"minecraft:oak_log":3,"minecraft:birch_leaves":1,"minecraft:oak_leaves":4,"minecraft:wall_torch":1,"minecraft:crafting_table":2},"minecraft:crafted":{"minecraft:oak_boat":1,"minecraft:oak_planks":12,"minecraft:crafting_table":1,"minecraft:stick":4,"minecraft:bread":60,"minecraft:wheat":180}},"DataVersion":3953}