{"stats":{"minecraft:custom":{"minecraft:mob_kills":88,"minecraft:interact_with_crafting_table":46,"minecraft:leave_game":5,"minecraft:time_since_death":60581,"minecraft:climb_one_cm":2697,"minecraft:sprint_one_cm":441281,"minecraft:walk_one_cm":450791,"minecraft:damage_blocked_by_shield":3151,"minecraft:drop":42,"minecraft:play_time":146319,"minecraft:deaths":2,"minecraft:sneak_time":3870,"minecraft:walk_under_water_one_cm":61375,"minecraft:jump":3588,"minecraft:walk_on_water_one_cm":46704,"minecraft:total_world_time":146319,"minecraft:interact_with_furnace":51,"minecraft:sleep_in_bed":5,"minecraft:time_since_rest":60630,"minecraft:damage_taken":4104,"minecraft:damage_dealt":13672,"minecraft:swim_one_cm":73058,"minecraft:fly_one_cm":706262,"minecraft:player_kills":5,"minecraft:open_chest":19,"minecraft:crouch_one_cm":4505,"minecraft:interact_with_smoker":4,"minecraft:fall_one_cm":109184},"minecraft:mined":{"minecraft:tuff":2,"minecraft:white_bed":3,"minecraft:oak_sapling":1,"minecraft:deepslate_diamond_ore":5,"gravestone:gravestone":2,"minecraft:grass_block":2,"minecraft:oxeye_daisy":4,"minecraft:furnace":2,"minecraft:andesite":1,"minecraft:deepslate_lapis_ore":5,"minecraft:potatoes":1,"minecraft:deepslate_iron_ore":25,"minecraft:bamboo":3,"minecraft:stone":28,"sophisticatedbackpacks:backpack":5,"minecraft:deepslate_redstone_ore":1,"minecraft:dandelion":18,"minecraft:crafting_table":7,"minecraft:cornflower":4,"minecraft:torch":10,"minecraft:poppy":4,"minecraft:melon":10,"minecraft:tall_grass":3,"minecraft:deepslate_gold_ore":13,"minecraft:sugar_cane":12,"minecraft:wall_torch":4,"minecraft:birch_log":57,"minecraft:lilac":1,"minecraft:birch_leaves":2,"minecraft:grass":19,"minecraft:oak_log":64,"minecraft:coal_ore":44,"minecraft:cocoa":2,"minecraft:dirt":5,"minecraft:oak_leaves":23,"minecraft:deepslate":49,"minecraft:fern":1},"minecraft:dropped":{"minecraft:iron_ingot":9,"minecraft:cooked_beef":3,"minecraft:oak_log":6,"minecraft:lilac":1,"minecraft:cobblestone":20,"minecraft:coal":9,"minecraft:mutton":5,"minecraft:melon_slice":27,"gravestone:obituary":5,"minecraft:cooked_chicken":6,"minecraft:stone_sword":1,"minecraft:bowl":2,"minecraft:tuff":2,"minecraft:rotten_flesh":1,"sophisticatedbackpacks:backpack":1,"minecraft:suspicious_stew":1,"minecraft:andesite":5,"minecraft:leather_boots":1,"minecraft:leather_leggings":1,"minecraft:spider_eye":6,"minecraft:bow":2,"minecraft:wooden_pickaxe":3,"minecraft:stone_pickaxe":1},"minecraft:crafted":{"minecraft:wooden_sword":1,"easy_hammers:iron_hammer":1,"minecraft:oak_planks":64,"minecraft:cooked_chicken":12,"minecraft:furnace":2,"minecraft:bone_meal":24,"minecraft:iron_boots":1,"securitycraft:universal_block_remover":1,"minecraft:stone_pickaxe":1,"minecraft:chest":3,"minecraft:smoker":1,"minecraft:cooked_beef":22,"minecraft:red_dye":1,"sophisticatedbackpacks:backpack":4,"minecraft:cooked_porkchop":8,"minecraft:crafting_table":2,"minecraft:baked_potato":1,"minecraft:iron_helmet":1,"minecraft:wooden_pickaxe":1,"minecraft:stone_axe":1,"minecraft:air":0,"minecraft:blue_dye":1,"minecraft:yellow_dye":18,"minecraft:shield":2,"minecraft:stick":12,"minecraft:iron_ingot":33,"minecraft:iron_pickaxe":1,"minecraft:stone_sword":1,"minecraft:iron_leggings":1,"minecraft:white_bed":2,"minecraft:torch":20,"minecraft:shears":1},"minecraft:picked_up":{"minecraft:cocoa_beans":4,"minecraft:crafting_table":7,"minecraft:chest_minecart":1,"minecraft:chicken":12,"minecraft:suspicious_stew":1,"minecraft:wooden_pickaxe":2,"gravestone:obituary":5,"minecraft:cornflower":2,"minecraft:string":15,"minecraft:cobbled_deepslate":47,"minecraft:beef":27,"minecraft:poppy":4,"minecraft:sugar_cane":25,"minecraft:melon_slice":53,"minecraft:birch_sapling":11,"minecraft:egg":1,"minecraft:furnace":2,"minecraft:stick":21,"minecraft:raw_iron":24,"minecraft:torch":22,"minecraft:bowl":1,"sophisticatedbackpacks:backpack":5,"minecraft:porkchop":13,"minecraft:redstone":4,"minecraft:arrow":5,"minecraft:rotten_flesh":11,"minecraft:mutton":9,"minecraft:white_wool":6,"minecraft:cobblestone":43,"minecraft:oxeye_daisy":4,"minecraft:birch_log":57,"minecraft:feather":11,"minecraft:lilac":1,"minecraft:glow_ink_sac":13,"minecraft:andesite":5,"minecraft:leather":17,"minecraft:potato":4,"minecraft:tuff":2,"minecraft:oak_log":66,"minecraft:gunpowder":2,"minecraft:lapis_lazuli":33,"minecraft:dirt":6,"minecraft:bone":9,"minecraft:coast_armor_trim_smithing_template":1,"minecraft:apple":1,"minecraft:bow":2,"minecraft:wheat_seeds":1,"minecraft:raw_gold":13,"minecraft:iron_ingot":9,"minecraft:bamboo":33,"minecraft:oak_planks":2,"minecraft:iron_sword":1,"minecraft:dandelion":18,"minecraft:white_bed":3,"minecraft:spider_eye":6,"minecraft:diamond":4,"minecraft:baked_potato":4,"minecraft:oak_sapling":30,"minecraft:coal":44},"minecraft:killed":{"minecraft:spider":8,"minecraft:skeleton":10,"minecraft:chicken":12,"minecraft:pig":6,"minecraft:sheep":6,"minecraft:zombie":25,"minecraft:glow_squid":6,"minecraft:cow":13},"minecraft:used":{"minecraft:stone_sword":138,"minecraft:shield":40,"minecraft:iron_sword":164,"minecraft:cooked_chicken":6,"minecraft:rotten_flesh":10,"minecraft:torch":30,"minecraft:dirt":5,"minecraft:mutton":4,"easy_hammers:iron_hammer":8,"minecraft:beef":5,"minecraft:furnace":2,"minecraft:oak_sapling":11,"minecraft:egg":1,"minecraft:cooked_beef":19,"minecraft:potato":1,"minecraft:cobbled_deepslate":23,"minecraft:baked_potato":5,"minecraft:stone_pickaxe":40,"minecraft:oak_planks":4,"minecraft:wooden_pickaxe":8,"minecraft:sugar_cane":1,"minecraft:crafting_table":8,"minecraft:white_bed":5,"minecraft:smoker":1,"sophisticatedbackpacks:backpack":5,"minecraft:apple":1,"minecraft:oxeye_daisy":4,"minecraft:melon_slice":23,"minecraft:iron_pickaxe":142,"minecraft:suspicious_stew":1,"minecraft:stone_axe":156,"minecraft:wooden_sword":39,"minecraft:cobblestone":6,"minecraft:cooked_porkchop":8,"minecraft:porkchop":5,"minecraft:bone_meal":24},"minecraft:killed_by":{"minecraft:skeleton":2},"minecraft:broken":{"minecraft:shield":1,"minecraft:stone_axe":1,"minecraft:iron_sword":1}},"DataVersion":3465}