{"stats":{"minecraft:killed_by":{"minecraft:creeper":2,"minecraft:spider":1,"minecraft:skeleton":2},"minecraft:picked_up":{"sophisticatedbackpacks:gold_backpack":1,"minecraft:cocoa_beans":4,"minecraft:iron_chestplate":2,"minecraft:crafting_table":7,"minecraft:chest_minecart":1,"minecraft:chicken":12,"minecraft:suspicious_stew":1,"minecraft:wooden_pickaxe":2,"gravestone:obituary":6,"minecraft:shield":1,"minecraft:cornflower":2,"minecraft:cooked_salmon":1,"minecraft:string":21,"minecraft:iron_axe":1,"minecraft:flint_and_steel":1,"minecraft:iron_leggings":2,"minecraft:beetroot":3,"minecraft:cobbled_deepslate":337,"minecraft:beef":27,"minecraft:poppy":4,"minecraft:melon_slice":53,"minecraft:sugar_cane":25,"minecraft:birch_sapling":11,"minecraft:iron_boots":2,"minecraft:furnace":3,"minecraft:egg":1,"minecraft:stick":21,"minecraft:raw_iron":74,"minecraft:sandstone":17,"minecraft:stone":5,"minecraft:torch":48,"minecraft:bowl":1,"sophisticatedbackpacks:backpack":10,"minecraft:porkchop":13,"minecraft:diorite":34,"minecraft:redstone":4,"minecraft:arrow":29,"minecraft:rotten_flesh":22,"minecraft:beetroot_seeds":8,"minecraft:gold_ingot":5,"minecraft:mutton":9,"minecraft:white_wool":6,"minecraft:cobblestone":101,"minecraft:oxeye_daisy":4,"minecraft:birch_log":57,"minecraft:feather":11,"minecraft:lilac":1,"minecraft:glow_ink_sac":13,"minecraft:andesite":15,"minecraft:leather":24,"minecraft:potato":130,"minecraft:filled_map":1,"minecraft:flint":2,"minecraft:tuff":15,"minecraft:oak_log":66,"minecraft:gunpowder":7,"easy_hammers:iron_hammer":1,"minecraft:lapis_lazuli":163,"minecraft:dirt":32,"minecraft:cooked_mutton":2,"minecraft:bone":26,"minecraft:coast_armor_trim_smithing_template":1,"minecraft:apple":1,"minecraft:bow":2,"minecraft:wheat_seeds":1,"minecraft:raw_gold":55,"minecraft:iron_ingot":28,"minecraft:stone_pickaxe":2,"minecraft:bamboo":33,"minecraft:stone_hoe":2,"minecraft:iron_sword":1,"minecraft:oak_planks":2,"minecraft:dandelion":18,"minecraft:spyglass":1,"minecraft:poisonous_potato":1,"minecraft:gravel":15,"minecraft:sand":20,"minecraft:blast_furnace":1,"minecraft:white_bed":3,"securitycraft:reinforced_stone":2,"minecraft:spider_eye":6,"minecraft:diamond":26,"minecraft:iron_helmet":1,"minecraft:bone_meal":9,"minecraft:bread":1,"minecraft:baked_potato":4,"minecraft:oak_sapling":30,"minecraft:coal":59},"minecraft:mined":{"minecraft:white_bed":3,"minecraft:tuff":14,"minecraft:oak_sapling":1,"minecraft:deepslate_diamond_ore":11,"sophisticatedbackpacks:gold_backpack":1,"gravestone:gravestone":5,"minecraft:grass_block":28,"minecraft:oxeye_daisy":4,"minecraft:furnace":3,"minecraft:fire":1,"minecraft:iron_ore":1,"minecraft:cobbled_deepslate":2,"minecraft:andesite":1,"minecraft:deepslate_lapis_ore":14,"minecraft:potatoes":49,"minecraft:deepslate_iron_ore":62,"minecraft:bamboo":3,"minecraft:stone":29,"sophisticatedbackpacks:backpack":9,"minecraft:deepslate_redstone_ore":1,"minecraft:dandelion":18,"minecraft:crafting_table":7,"minecraft:cornflower":4,"minecraft:torch":13,"minecraft:poppy":4,"minecraft:melon":10,"minecraft:tall_grass":3,"minecraft:deepslate_gold_ore":34,"minecraft:sugar_cane":12,"minecraft:wall_torch":15,"minecraft:birch_log":57,"minecraft:lilac":1,"minecraft:birch_leaves":2,"minecraft:grass":19,"minecraft:oak_log":64,"minecraft:coal_ore":44,"minecraft:sand":20,"minecraft:cocoa":2,"minecraft:beetroots":3,"minecraft:gravel":15,"minecraft:dirt":5,"minecraft:cobweb":2,"minecraft:oak_leaves":23,"minecraft:deepslate":130,"minecraft:fern":1},"minecraft:broken":{"minecraft:shield":1,"minecraft:stone_axe":1,"minecraft:iron_sword":1,"minecraft:iron_pickaxe":1},"minecraft:custom":{"minecraft:mob_kills":122,"minecraft:interact_with_crafting_table":82,"minecraft:leave_game":9,"minecraft:time_since_death":45931,"minecraft:climb_one_cm":18379,"minecraft:sprint_one_cm":666080,"minecraft:walk_one_cm":1023987,"minecraft:damage_blocked_by_shield":4936,"minecraft:drop":85,"minecraft:play_time":305868,"minecraft:deaths":6,"minecraft:sneak_time":7755,"minecraft:walk_under_water_one_cm":87647,"minecraft:jump":5985,"minecraft:interact_with_blast_furnace":15,"minecraft:walk_on_water_one_cm":109429,"minecraft:total_world_time":305868,"minecraft:interact_with_furnace":137,"minecraft:sleep_in_bed":12,"minecraft:time_since_rest":14081,"minecraft:damage_taken":6529,"minecraft:damage_dealt":20653,"minecraft:player_kills":5,"minecraft:swim_one_cm":95970,"minecraft:fly_one_cm":932327,"minecraft:open_chest":47,"minecraft:crouch_one_cm":13312,"minecraft:interact_with_smoker":31,"minecraft:fall_one_cm":152971},"minecraft:dropped":{"minecraft:iron_ingot":11,"minecraft:cooked_beef":3,"minecraft:lilac":1,"minecraft:oak_log":6,"minecraft:baked_potato":3,"minecraft:cobblestone":60,"minecraft:golden_apple":1,"minecraft:coal":9,"minecraft:diorite":33,"minecraft:mutton":5,"minecraft:melon_slice":27,"minecraft:iron_leggings":1,"gravestone:obituary":10,"minecraft:spyglass":1,"minecraft:cobbled_deepslate":26,"minecraft:cooked_chicken":6,"minecraft:stone_sword":1,"minecraft:cocoa_beans":4,"minecraft:bowl":2,"minecraft:tuff":3,"minecraft:raw_iron":1,"minecraft:beetroot":3,"minecraft:rotten_flesh":11,"minecraft:iron_boots":1,"sophisticatedbackpacks:backpack":1,"minecraft:pumpkin_seeds":4,"minecraft:suspicious_stew":1,"minecraft:filled_map":1,"minecraft:stone":5,"minecraft:gunpowder":4,"minecraft:iron_chestplate":1,"minecraft:andesite":14,"minecraft:beetroot_seeds":8,"minecraft:leather_boots":1,"minecraft:leather_leggings":1,"minecraft:spider_eye":6,"minecraft:sandstone":17,"minecraft:arrow":11,"minecraft:bow":2,"minecraft:wooden_pickaxe":3,"minecraft:stone_pickaxe":2},"minecraft:crafted":{"minecraft:wooden_sword":1,"easy_hammers:iron_hammer":1,"minecraft:smooth_stone":3,"minecraft:oak_planks":64,"minecraft:cooked_chicken":12,"minecraft:furnace":2,"minecraft:blast_furnace":1,"minecraft:stone":3,"minecraft:bone_meal":78,"minecraft:glass_pane":16,"minecraft:flint_and_steel":1,"securitycraft:laser_block":1,"minecraft:glass":12,"minecraft:iron_boots":1,"minecraft:iron_axe":1,"securitycraft:universal_block_remover":1,"minecraft:stone_pickaxe":1,"minecraft:chest":3,"minecraft:redstone_block":1,"minecraft:smoker":1,"sophisticatedbackpacks:iron_backpack":1,"minecraft:cooked_beef":22,"minecraft:red_dye":9,"sophisticatedbackpacks:backpack":30,"minecraft:cooked_porkchop":8,"minecraft:crafting_table":2,"minecraft:iron_helmet":1,"minecraft:baked_potato":31,"minecraft:wooden_pickaxe":1,"minecraft:iron_sword":1,"sophisticatedbackpacks:gold_backpack":1,"securitycraft:taser":1,"minecraft:stone_axe":1,"minecraft:air":0,"minecraft:blue_dye":1,"minecraft:yellow_dye":18,"minecraft:shield":2,"minecraft:stick":12,"minecraft:iron_ingot":96,"minecraft:iron_pickaxe":3,"minecraft:stone_sword":1,"minecraft:iron_leggings":1,"minecraft:gold_ingot":38,"minecraft:white_bed":2,"minecraft:torch":20,"minecraft:shears":1,"securitycraft:universal_block_reinforcer_lvl1":1},"minecraft:killed":{"minecraft:spider":12,"minecraft:skeleton":22,"minecraft:chicken":12,"minecraft:pig":6,"minecraft:creeper":3,"minecraft:sheep":6,"minecraft:zombie":37,"minecraft:glow_squid":6,"minecraft:cow":13},"minecraft:used":{"minecraft:stone_sword":156,"minecraft:flint_and_steel":12,"minecraft:shield":65,"minecraft:iron_sword":279,"minecraft:cooked_salmon":1,"minecraft:stone_hoe":38,"minecraft:cooked_chicken":6,"minecraft:rotten_flesh":22,"minecraft:iron_chestplate":1,"minecraft:torch":55,"minecraft:spyglass":2,"minecraft:dirt":11,"minecraft:mutton":4,"securitycraft:reinforced_stone":2,"minecraft:tuff":12,"easy_hammers:iron_hammer":40,"minecraft:iron_boots":1,"minecraft:bamboo":13,"minecraft:beef":5,"minecraft:oak_sapling":11,"minecraft:furnace":3,"minecraft:egg":1,"minecraft:cooked_beef":19,"minecraft:potato":97,"minecraft:cobbled_deepslate":40,"minecraft:iron_leggings":1,"sophisticatedbackpacks:gold_backpack":2,"minecraft:cooked_mutton":1,"minecraft:diorite":1,"minecraft:baked_potato":28,"minecraft:stone_pickaxe":40,"minecraft:oak_planks":4,"minecraft:wooden_pickaxe":8,"minecraft:sugar_cane":1,"minecraft:sand":8,"minecraft:rail":1,"minecraft:crafting_table":8,"minecraft:blast_furnace":2,"securitycraft:universal_block_remover":4,"minecraft:white_bed":5,"minecraft:smoker":1,"sophisticatedbackpacks:backpack":11,"minecraft:apple":1,"minecraft:oxeye_daisy":4,"minecraft:melon_slice":23,"minecraft:suspicious_stew":1,"minecraft:iron_pickaxe":297,"minecraft:gravel":13,"minecraft:stone_axe":156,"minecraft:wooden_sword":39,"minecraft:cobblestone":18,"minecraft:porkchop":5,"minecraft:cooked_porkchop":8,"minecraft:andesite":1,"minecraft:poisonous_potato":1,"minecraft:chest_minecart":1,"minecraft:bone_meal":78}},"DataVersion":3465}