{"stats":{"minecraft:custom":{"minecraft:interact_with_crafting_table":130,"minecraft:bell_ring":26,"minecraft:leave_game":12,"minecraft:time_since_death":40584,"minecraft:sprint_one_cm":1200171,"minecraft:damage_blocked_by_shield":5694,"minecraft:drop":117,"minecraft:talked_to_villager":13,"minecraft:play_time":565122,"minecraft:deaths":8,"minecraft:jump":11781,"minecraft:walk_on_water_one_cm":157374,"minecraft:interact_with_furnace":173,"minecraft:sleep_in_bed":22,"minecraft:damage_dealt":23338,"minecraft:player_kills":6,"minecraft:crouch_one_cm":48928,"minecraft:interact_with_smoker":49,"minecraft:use_cauldron":10,"minecraft:mob_kills":136,"minecraft:climb_one_cm":29891,"minecraft:walk_one_cm":1890210,"minecraft:sneak_time":19693,"minecraft:walk_under_water_one_cm":119687,"minecraft:boat_one_cm":281070,"minecraft:interact_with_blast_furnace":34,"minecraft:total_world_time":565122,"minecraft:time_since_rest":3879,"minecraft:damage_taken":9864,"minecraft:swim_one_cm":119022,"minecraft:fly_one_cm":2116841,"minecraft:open_chest":127,"minecraft:fall_one_cm":301939},"minecraft:mined":{"minecraft:white_bed":11,"minecraft:oak_sapling":1,"minecraft:cobblestone_stairs":1,"sophisticatedbackpacks:gold_backpack":7,"minecraft:brewing_stand":1,"minecraft:grass_block":188,"minecraft:hopper":2,"minecraft:composter":3,"minecraft:oxeye_daisy":4,"minecraft:iron_ore":1,"minecraft:cobbled_deepslate":2,"minecraft:fire":14,"minecraft:deepslate_lapis_ore":14,"minecraft:azure_bluet":1,"minecraft:dark_oak_stairs":4,"minecraft:pointed_dripstone":7,"minecraft:cave_vines":1,"minecraft:dirt_path":34,"minecraft:tripwire":1,"minecraft:deepslate_redstone_ore":1,"minecraft:smoker":4,"minecraft:torch":16,"minecraft:blast_furnace":6,"minecraft:poppy":9,"minecraft:melon":11,"minecraft:chest":5,"minecraft:cobblestone":59,"minecraft:oak_planks":18,"minecraft:sugar_cane":12,"minecraft:wall_torch":19,"minecraft:cauldron":8,"minecraft:dark_oak_slab":115,"minecraft:birch_log":57,"minecraft:wheat":15,"minecraft:lava_cauldron":1,"minecraft:lilac":1,"minecraft:grass":72,"minecraft:oak_log":70,"minecraft:beetroots":5,"minecraft:sand":1021,"minecraft:dirt":99,"minecraft:oak_leaves":25,"minecraft:deepslate":130,"minecraft:tuff":14,"minecraft:deepslate_diamond_ore":11,"minecraft:dark_oak_log":226,"gravestone:gravestone":7,"minecraft:dark_oak_fence":12,"minecraft:spruce_leaves":13,"minecraft:hay_block":20,"minecraft:spruce_sapling":1,"minecraft:furnace":6,"minecraft:carrots":17,"minecraft:andesite":1,"minecraft:bookshelf":4,"minecraft:potatoes":125,"minecraft:deepslate_iron_ore":62,"minecraft:bamboo":3,"minecraft:stone":44,"sophisticatedbackpacks:backpack":13,"minecraft:glass_pane":63,"minecraft:dandelion":30,"minecraft:crafting_table":14,"minecraft:cornflower":4,"minecraft:lectern":1,"minecraft:tall_grass":3,"minecraft:deepslate_gold_ore":34,"minecraft:spruce_log":56,"minecraft:birch_leaves":2,"minecraft:coal_ore":62,"minecraft:cocoa":2,"minecraft:dripstone_block":8,"minecraft:gravel":15,"minecraft:cobweb":2,"minecraft:fern":8},"minecraft:dropped":{"minecraft:cooked_beef":3,"minecraft:oak_log":6,"minecraft:baked_potato":3,"minecraft:glow_ink_sac":2,"minecraft:crafting_table":1,"minecraft:dark_oak_sapling":5,"minecraft:glow_berries":1,"minecraft:music_disc_13":1,"minecraft:dirt":3,"minecraft:mutton":5,"gravestone:obituary":14,"minecraft:spyglass":1,"minecraft:cooked_chicken":6,"minecraft:cobbled_deepslate":26,"minecraft:pointed_dripstone":3,"minecraft:beetroot":3,"minecraft:rotten_flesh":12,"minecraft:golden_shovel":1,"minecraft:carrot":1,"minecraft:gunpowder":4,"minecraft:beetroot_seeds":11,"minecraft:leather_boots":1,"minecraft:leather_leggings":1,"minecraft:arrow":11,"minecraft:stone_hoe":2,"minecraft:iron_ingot":11,"minecraft:bread":5,"minecraft:wheat_seeds":1,"minecraft:lilac":1,"minecraft:cobblestone":79,"minecraft:coal":9,"minecraft:golden_apple":1,"minecraft:diorite":33,"minecraft:melon_slice":33,"minecraft:iron_leggings":1,"minecraft:iron_shovel":1,"minecraft:spruce_sapling":9,"minecraft:stone_sword":2,"minecraft:cocoa_beans":4,"minecraft:bowl":2,"minecraft:tuff":3,"minecraft:raw_iron":1,"minecraft:iron_boots":1,"sophisticatedbackpacks:backpack":1,"easy_hammers:iron_hammer":1,"minecraft:pumpkin_seeds":4,"minecraft:suspicious_stew":1,"minecraft:filled_map":2,"minecraft:stone":5,"minecraft:iron_chestplate":1,"minecraft:andesite":14,"minecraft:spider_eye":6,"minecraft:sandstone":17,"minecraft:bow":2,"minecraft:stone_pickaxe":3,"minecraft:wooden_pickaxe":3},"minecraft:crafted":{"minecraft:oak_planks":96,"minecraft:smooth_stone":3,"easy_hammers:iron_hammer":1,"minecraft:cooked_chicken":12,"minecraft:cobblestone_stairs":8,"minecraft:stone":3,"securitycraft:laser_block":1,"minecraft:hopper":3,"minecraft:glass":20,"minecraft:iron_boots":1,"minecraft:chest":12,"minecraft:smoker":1,"minecraft:oak_slab":6,"sophisticatedbackpacks:backpack":31,"minecraft:cooked_porkchop":8,"minecraft:crafting_table":3,"minecraft:spruce_planks":56,"minecraft:wooden_pickaxe":1,"minecraft:baked_potato":38,"minecraft:iron_helmet":1,"minecraft:dark_oak_slab":378,"minecraft:yellow_dye":30,"minecraft:shield":2,"minecraft:stick":20,"minecraft:iron_ingot":105,"minecraft:iron_pickaxe":3,"minecraft:iron_block":1,"minecraft:stone_sword":1,"minecraft:gold_ingot":38,"minecraft:light_gray_dye":1,"minecraft:shears":1,"securitycraft:universal_block_reinforcer_lvl1":1,"minecraft:wooden_sword":1,"minecraft:furnace":2,"minecraft:blast_furnace":1,"minecraft:bone_meal":90,"minecraft:glass_pane":288,"minecraft:flint_and_steel":1,"minecraft:iron_axe":2,"securitycraft:universal_block_remover":1,"minecraft:iron_hoe":1,"minecraft:stone_pickaxe":1,"minecraft:redstone_block":1,"minecraft:dark_oak_planks":256,"minecraft:wheat":180,"sophisticatedbackpacks:iron_backpack":2,"minecraft:cooked_beef":22,"minecraft:red_dye":13,"minecraft:iron_sword":2,"minecraft:golden_shovel":4,"sophisticatedbackpacks:gold_backpack":10,"securitycraft:taser":1,"minecraft:bucket":5,"minecraft:stone_axe":1,"minecraft:bread":62,"minecraft:air":0,"minecraft:blue_dye":3,"minecraft:oak_boat":1,"minecraft:iron_shovel":5,"minecraft:iron_leggings":1,"minecraft:white_bed":2,"minecraft:torch":104},"minecraft:picked_up":{"minecraft:iron_chestplate":2,"minecraft:wheat":5,"minecraft:suspicious_stew":1,"minecraft:golden_shovel":1,"minecraft:brewing_stand":1,"minecraft:string":53,"minecraft:cooked_salmon":1,"minecraft:iron_leggings":2,"minecraft:beetroot":4,"minecraft:cobbled_deepslate":345,"minecraft:bucket":4,"minecraft:melon_slice":60,"minecraft:iron_boots":2,"minecraft:furnace":6,"minecraft:stick":45,"minecraft:composter":3,"minecraft:torch":58,"minecraft:porkchop":13,"minecraft:pointed_dripstone":14,"minecraft:diorite":34,"securitycraft:reinforced_mossy_cobblestone":1,"minecraft:cauldron":9,"minecraft:rotten_flesh":26,"minecraft:obsidian":11,"minecraft:cobblestone":244,"minecraft:birch_log":57,"minecraft:feather":11,"minecraft:lilac":1,"minecraft:andesite":15,"minecraft:potato":234,"minecraft:smoker":4,"minecraft:flint":2,"minecraft:tuff":15,"securitycraft:reinforced_obsidian":11,"minecraft:dirt":311,"minecraft:lapis_lazuli":163,"minecraft:glass":265,"minecraft:bone":30,"minecraft:bow":3,"minecraft:wheat_seeds":34,"minecraft:raw_gold":55,"minecraft:bamboo":37,"minecraft:stone_hoe":3,"minecraft:oak_planks":20,"minecraft:music_disc_13":2,"minecraft:bamboo_raft":1,"minecraft:poisonous_potato":1,"minecraft:sand":1405,"securitycraft:reinforced_stone":2,"minecraft:dark_oak_log":221,"minecraft:diamond":26,"minecraft:bone_meal":9,"minecraft:bread":65,"minecraft:oak_sapling":31,"minecraft:dark_oak_fence":2,"sophisticatedbackpacks:gold_backpack":7,"minecraft:cocoa_beans":4,"minecraft:crafting_table":14,"securitycraft:reinforced_dark_oak_slab":2,"minecraft:azure_bluet":1,"minecraft:chicken":12,"minecraft:chest_minecart":1,"minecraft:wooden_pickaxe":2,"securitycraft:reinforced_glass_pane":29,"gravestone:obituary":8,"minecraft:shield":1,"minecraft:cornflower":2,"minecraft:iron_axe":1,"minecraft:flint_and_steel":1,"minecraft:iron_shovel":1,"minecraft:glass_pane":17,"minecraft:beef":27,"minecraft:oak_boat":6,"minecraft:poppy":9,"minecraft:lectern":1,"minecraft:sugar_cane":25,"minecraft:chest":5,"minecraft:birch_sapling":11,"minecraft:egg":4,"minecraft:dark_oak_sapling":10,"minecraft:raw_iron":74,"minecraft:sandstone":17,"minecraft:stone":5,"minecraft:bowl":1,"sophisticatedbackpacks:backpack":14,"minecraft:carrot":25,"minecraft:redstone":4,"minecraft:arrow":29,"minecraft:beetroot_seeds":12,"minecraft:hay_block":20,"minecraft:gold_ingot":5,"minecraft:glow_berries":4,"minecraft:mutton":9,"minecraft:oxeye_daisy":4,"minecraft:white_wool":6,"minecraft:rail":13,"minecraft:glow_ink_sac":13,"minecraft:leather":24,"minecraft:filled_map":1,"minecraft:oak_log":72,"minecraft:gunpowder":9,"minecraft:cobblestone_stairs":1,"easy_hammers:iron_hammer":2,"minecraft:cooked_mutton":2,"minecraft:coast_armor_trim_smithing_template":1,"minecraft:apple":5,"minecraft:iron_ingot":73,"minecraft:stone_pickaxe":2,"minecraft:iron_sword":1,"minecraft:dark_oak_stairs":1,"minecraft:book":12,"minecraft:dark_oak_slab":152,"minecraft:dandelion":30,"minecraft:spyglass":1,"minecraft:dripstone_block":7,"minecraft:gravel":15,"minecraft:lava_bucket":1,"minecraft:blast_furnace":7,"minecraft:spruce_sapling":17,"minecraft:white_bed":11,"minecraft:spruce_log":50,"minecraft:spider_eye":6,"minecraft:iron_helmet":1,"minecraft:baked_potato":4,"minecraft:coal":77,"minecraft:hopper":2},"minecraft:killed":{"minecraft:spider":12,"minecraft:skeleton":24,"minecraft:chicken":12,"minecraft:pig":6,"minecraft:creeper":5,"minecraft:sheep":6,"minecraft:pillager":4,"minecraft:zombie":41,"minecraft:glow_squid":6,"minecraft:cow":13},"minecraft:used":{"minecraft:beetroot":1,"minecraft:iron_shovel":1126,"minecraft:poppy":1,"minecraft:chest":5,"minecraft:shield":77,"minecraft:iron_sword":346,"minecraft:rotten_flesh":23,"minecraft:iron_chestplate":1,"minecraft:mutton":4,"minecraft:carrot":13,"minecraft:tuff":12,"minecraft:obsidian":11,"minecraft:lava_bucket":9,"minecraft:dark_oak_slab":530,"minecraft:furnace":6,"minecraft:oak_sapling":12,"minecraft:beetroot_seeds":1,"minecraft:egg":4,"minecraft:potato":145,"minecraft:dark_oak_stairs":1,"minecraft:diorite":1,"minecraft:stone_pickaxe":40,"minecraft:oak_planks":22,"minecraft:wooden_pickaxe":8,"securitycraft:reinforced_mossy_cobblestone":1,"minecraft:composter":2,"minecraft:sugar_cane":1,"securitycraft:reinforced_glass_pane":29,"minecraft:glow_berries":1,"minecraft:sand":13,"minecraft:blast_furnace":8,"securitycraft:universal_block_remover":52,"minecraft:dripstone_block":7,"securitycraft:reinforced_dark_oak_slab":2,"sophisticatedbackpacks:backpack":16,"minecraft:bread":70,"minecraft:melon_slice":24,"minecraft:string":1,"minecraft:gravel":13,"minecraft:wooden_sword":39,"minecraft:dark_oak_fence":2,"minecraft:poisonous_potato":1,"minecraft:andesite":1,"minecraft:chest_minecart":1,"minecraft:oak_boat":6,"minecraft:bone_meal":90,"minecraft:experience_bottle":2,"minecraft:stone_sword":156,"minecraft:flint_and_steel":23,"minecraft:cooked_salmon":1,"minecraft:stone_hoe":38,"minecraft:cooked_chicken":6,"minecraft:torch":158,"securitycraft:reinforced_obsidian":11,"minecraft:dirt":223,"minecraft:spyglass":2,"minecraft:wheat":1,"minecraft:hopper":2,"securitycraft:reinforced_stone":2,"minecraft:golden_shovel":128,"minecraft:iron_hoe":49,"minecraft:bamboo_raft":1,"minecraft:iron_axe":463,"easy_hammers:iron_hammer":46,"minecraft:iron_boots":1,"minecraft:bamboo":13,"minecraft:beef":5,"minecraft:goat_horn":3,"minecraft:cooked_beef":19,"minecraft:cobbled_deepslate":48,"minecraft:pointed_dripstone":11,"minecraft:iron_leggings":1,"sophisticatedbackpacks:gold_backpack":9,"minecraft:wheat_seeds":16,"minecraft:cooked_mutton":2,"minecraft:water_bucket":33,"minecraft:cobblestone_stairs":9,"minecraft:baked_potato":35,"minecraft:cauldron":9,"minecraft:rail":1,"minecraft:oak_slab":4,"minecraft:crafting_table":15,"minecraft:white_bed":13,"minecraft:spruce_log":2,"minecraft:smoker":5,"minecraft:apple":1,"minecraft:oxeye_daisy":4,"minecraft:suspicious_stew":1,"minecraft:iron_pickaxe":427,"minecraft:spruce_sapling":8,"minecraft:stone_axe":156,"minecraft:cobblestone":125,"minecraft:cooked_porkchop":8,"minecraft:porkchop":5,"minecraft:bucket":48,"minecraft:glass_pane":236},"minecraft:killed_by":{"minecraft:creeper":2,"minecraft:pillager":1,"minecraft:player":1,"minecraft:spider":1,"minecraft:skeleton":2},"minecraft:broken":{"minecraft:iron_shovel":4,"minecraft:golden_shovel":4,"minecraft:stone_axe":1,"minecraft:iron_sword":1,"minecraft:shield":2,"minecraft:iron_axe":1,"minecraft:iron_pickaxe":1,"minecraft:iron_helmet":1}},"DataVersion":3465}