{"stats":{"minecraft:killed_by":{"minecraft:creeper":1,"minecraft:skeleton":2},"minecraft:picked_up":{"sophisticatedbackpacks:gold_backpack":1,"minecraft:cocoa_beans":4,"minecraft:crafting_table":7,"minecraft:chicken":12,"minecraft:chest_minecart":1,"minecraft:suspicious_stew":1,"minecraft:wooden_pickaxe":2,"gravestone:obituary":5,"minecraft:cornflower":2,"minecraft:string":19,"minecraft:beetroot":3,"minecraft:cobbled_deepslate":302,"minecraft:beef":27,"minecraft:poppy":4,"minecraft:melon_slice":53,"minecraft:sugar_cane":25,"minecraft:birch_sapling":11,"minecraft:furnace":3,"minecraft:egg":1,"minecraft:stick":21,"minecraft:raw_iron":63,"minecraft:torch":33,"minecraft:bowl":1,"sophisticatedbackpacks:backpack":8,"minecraft:porkchop":13,"minecraft:diorite":1,"minecraft:redstone":4,"minecraft:arrow":9,"minecraft:rotten_flesh":16,"minecraft:beetroot_seeds":8,"minecraft:mutton":9,"minecraft:white_wool":6,"minecraft:cobblestone":62,"minecraft:oxeye_daisy":4,"minecraft:birch_log":57,"minecraft:feather":11,"minecraft:lilac":1,"minecraft:glow_ink_sac":13,"minecraft:andesite":6,"minecraft:leather":17,"minecraft:filled_map":1,"minecraft:potato":64,"minecraft:tuff":13,"minecraft:oak_log":66,"minecraft:gunpowder":3,"minecraft:lapis_lazuli":62,"minecraft:dirt":32,"minecraft:bone":13,"minecraft:coast_armor_trim_smithing_template":1,"minecraft:apple":1,"minecraft:bow":2,"minecraft:wheat_seeds":1,"minecraft:raw_gold":24,"minecraft:iron_ingot":28,"minecraft:stone_pickaxe":1,"minecraft:bamboo":33,"minecraft:stone_hoe":1,"minecraft:iron_sword":1,"minecraft:oak_planks":2,"minecraft:dandelion":18,"minecraft:spyglass":1,"minecraft:poisonous_potato":1,"minecraft:white_bed":3,"minecraft:spider_eye":6,"minecraft:diamond":13,"minecraft:baked_potato":4,"minecraft:oak_sapling":30,"minecraft:coal":44},"minecraft:mined":{"minecraft:tuff":12,"minecraft:white_bed":3,"minecraft:oak_sapling":1,"minecraft:deepslate_diamond_ore":9,"sophisticatedbackpacks:gold_backpack":1,"gravestone:gravestone":4,"minecraft:grass_block":28,"minecraft:oxeye_daisy":4,"minecraft:furnace":3,"minecraft:iron_ore":1,"minecraft:cobbled_deepslate":2,"minecraft:andesite":1,"minecraft:deepslate_lapis_ore":9,"minecraft:potatoes":24,"minecraft:deepslate_iron_ore":59,"minecraft:bamboo":3,"minecraft:stone":29,"sophisticatedbackpacks:backpack":8,"minecraft:deepslate_redstone_ore":1,"minecraft:dandelion":18,"minecraft:crafting_table":7,"minecraft:cornflower":4,"minecraft:torch":12,"minecraft:poppy":4,"minecraft:melon":10,"minecraft:tall_grass":3,"minecraft:deepslate_gold_ore":24,"minecraft:sugar_cane":12,"minecraft:wall_torch":13,"minecraft:birch_log":57,"minecraft:lilac":1,"minecraft:birch_leaves":2,"minecraft:grass":19,"minecraft:oak_log":64,"minecraft:coal_ore":44,"minecraft:beetroots":3,"minecraft:cocoa":2,"minecraft:dirt":5,"minecraft:cobweb":2,"minecraft:oak_leaves":23,"minecraft:deepslate":116,"minecraft:fern":1},"minecraft:broken":{"minecraft:shield":1,"minecraft:stone_axe":1,"minecraft:iron_sword":1,"minecraft:iron_pickaxe":1},"minecraft:custom":{"minecraft:mob_kills":101,"minecraft:interact_with_crafting_table":70,"minecraft:leave_game":7,"minecraft:time_since_death":22585,"minecraft:climb_one_cm":7887,"minecraft:sprint_one_cm":539210,"minecraft:walk_one_cm":776498,"minecraft:damage_blocked_by_shield":3886,"minecraft:drop":51,"minecraft:play_time":234630,"minecraft:deaths":4,"minecraft:sneak_time":6156,"minecraft:walk_under_water_one_cm":71531,"minecraft:jump":4835,"minecraft:interact_with_blast_furnace":8,"minecraft:walk_on_water_one_cm":75862,"minecraft:total_world_time":234630,"minecraft:interact_with_furnace":120,"minecraft:sleep_in_bed":9,"minecraft:time_since_rest":22617,"minecraft:damage_taken":5519,"minecraft:damage_dealt":16810,"minecraft:player_kills":5,"minecraft:swim_one_cm":77717,"minecraft:fly_one_cm":800945,"minecraft:open_chest":35,"minecraft:crouch_one_cm":9867,"minecraft:interact_with_smoker":27,"minecraft:fall_one_cm":130946},"minecraft:dropped":{"minecraft:iron_ingot":9,"minecraft:cooked_beef":3,"minecraft:lilac":1,"minecraft:oak_log":6,"minecraft:cobblestone":24,"minecraft:coal":9,"minecraft:mutton":5,"minecraft:melon_slice":27,"gravestone:obituary":7,"minecraft:spyglass":1,"minecraft:cooked_chicken":6,"minecraft:stone_sword":1,"minecraft:bowl":2,"minecraft:tuff":2,"minecraft:beetroot":3,"minecraft:rotten_flesh":6,"sophisticatedbackpacks:backpack":1,"minecraft:suspicious_stew":1,"minecraft:filled_map":1,"minecraft:beetroot_seeds":8,"minecraft:andesite":5,"minecraft:leather_boots":1,"minecraft:leather_leggings":1,"minecraft:spider_eye":6,"minecraft:bow":2,"minecraft:wooden_pickaxe":3,"minecraft:stone_pickaxe":2},"minecraft:crafted":{"minecraft:wooden_sword":1,"minecraft:smooth_stone":3,"easy_hammers:iron_hammer":1,"minecraft:oak_planks":64,"minecraft:cooked_chicken":12,"minecraft:furnace":2,"minecraft:blast_furnace":1,"minecraft:stone":3,"minecraft:bone_meal":48,"minecraft:iron_boots":1,"minecraft:iron_axe":1,"securitycraft:universal_block_remover":1,"minecraft:stone_pickaxe":1,"minecraft:chest":3,"minecraft:smoker":1,"sophisticatedbackpacks:iron_backpack":1,"minecraft:cooked_beef":22,"minecraft:red_dye":1,"sophisticatedbackpacks:backpack":22,"minecraft:cooked_porkchop":8,"minecraft:crafting_table":2,"minecraft:iron_helmet":1,"minecraft:baked_potato":31,"minecraft:wooden_pickaxe":1,"minecraft:iron_sword":1,"securitycraft:taser":1,"sophisticatedbackpacks:gold_backpack":1,"minecraft:stone_axe":1,"minecraft:air":0,"minecraft:blue_dye":1,"minecraft:yellow_dye":18,"minecraft:shield":2,"minecraft:stick":12,"minecraft:iron_ingot":85,"minecraft:iron_pickaxe":2,"minecraft:stone_sword":1,"minecraft:iron_leggings":1,"minecraft:gold_ingot":22,"minecraft:white_bed":2,"minecraft:torch":20,"minecraft:shears":1},"minecraft:killed":{"minecraft:spider":9,"minecraft:skeleton":17,"minecraft:chicken":12,"minecraft:pig":6,"minecraft:creeper":2,"minecraft:sheep":6,"minecraft:zombie":28,"minecraft:glow_squid":6,"minecraft:cow":13},"minecraft:used":{"minecraft:stone_sword":138,"minecraft:shield":49,"minecraft:iron_sword":225,"minecraft:stone_hoe":38,"minecraft:cooked_chicken":6,"minecraft:rotten_flesh":10,"minecraft:torch":48,"minecraft:spyglass":2,"minecraft:dirt":11,"minecraft:mutton":4,"minecraft:tuff":10,"easy_hammers:iron_hammer":40,"minecraft:beef":5,"minecraft:oak_sapling":11,"minecraft:furnace":2,"minecraft:egg":1,"minecraft:cooked_beef":19,"minecraft:potato":39,"minecraft:cobbled_deepslate":25,"sophisticatedbackpacks:gold_backpack":2,"minecraft:diorite":1,"minecraft:baked_potato":20,"minecraft:stone_pickaxe":40,"minecraft:oak_planks":4,"minecraft:wooden_pickaxe":8,"minecraft:sugar_cane":1,"minecraft:rail":1,"minecraft:crafting_table":8,"minecraft:blast_furnace":1,"minecraft:white_bed":5,"minecraft:smoker":1,"sophisticatedbackpacks:backpack":9,"minecraft:apple":1,"minecraft:oxeye_daisy":4,"minecraft:melon_slice":23,"minecraft:suspicious_stew":1,"minecraft:iron_pickaxe":246,"minecraft:stone_axe":156,"minecraft:wooden_sword":39,"minecraft:cobblestone":18,"minecraft:porkchop":5,"minecraft:cooked_porkchop":8,"minecraft:andesite":1,"minecraft:poisonous_potato":1,"minecraft:chest_minecart":1,"minecraft:bone_meal":42}},"DataVersion":3465}