{"stats":{"minecraft:used":{"minecraft:torch":1,"minecraft:apple":10,"minecraft:crafting_table":1,"minecraft:oak_boat":1},"minecraft:picked_up":{"minecraft:crafting_table":1,"minecraft:rotten_flesh":2,"minecraft:torch":1,"minecraft:hay_block":20,"minecraft:oak_boat":1,"minecraft:oak_log":3},"minecraft:custom":{"minecraft:open_chest":2,"minecraft:time_since_rest":5041,"minecraft:play_time":9109,"minecraft:sprint_one_cm":40329,"minecraft:damage_taken":305,"minecraft:walk_one_cm":24185,"minecraft:sneak_time":1,"minecraft:boat_one_cm":20366,"minecraft:jump":335,"minecraft:damage_dealt":141,"minecraft:time_since_death":9109,"minecraft:walk_on_water_one_cm":3238,"minecraft:sleep_in_bed":2,"minecraft:total_world_time":9109,"minecraft:fall_one_cm":10643,"minecraft:interact_with_crafting_table":1,"minecraft:fly_one_cm":50421,"minecraft:horse_one_cm":627},"minecraft:mined":{"minecraft:hay_block":20,"minecraft:oak_log":3,"minecraft:birch_leaves":1,"minecraft:oak_leaves":4,"minecraft:wall_torch":1,"minecraft:crafting_table":1},"minecraft:crafted":{"minecraft:oak_boat":1,"minecraft:oak_planks":12,"minecraft:crafting_table":1,"minecraft:stick":4}},"DataVersion":3953}