{"stats":{"minecraft:custom":{"minecraft:animals_bred":1,"minecraft:interact_with_crafting_table":129,"minecraft:leave_game":25,"minecraft:time_since_death":189671,"minecraft:sprint_one_cm":1331703,"minecraft:damage_blocked_by_shield":2880,"minecraft:drop":240,"minecraft:talked_to_villager":10,"minecraft:play_time":774077,"minecraft:deaths":7,"minecraft:jump":11301,"minecraft:walk_on_water_one_cm":313391,"minecraft:interact_with_furnace":238,"minecraft:sleep_in_bed":16,"minecraft:damage_dealt":29393,"minecraft:crouch_one_cm":172522,"minecraft:interact_with_smoker":39,"minecraft:inspect_dispenser":2,"minecraft:mob_kills":173,"minecraft:climb_one_cm":60757,"minecraft:walk_one_cm":1963754,"minecraft:sneak_time":65455,"minecraft:walk_under_water_one_cm":290050,"minecraft:boat_one_cm":935973,"minecraft:interact_with_blast_furnace":5,"minecraft:total_world_time":774077,"minecraft:time_since_rest":83472,"minecraft:damage_taken":9862,"minecraft:damage_absorbed":200,"minecraft:swim_one_cm":392788,"minecraft:fly_one_cm":1675817,"minecraft:open_chest":313,"minecraft:fish_caught":2,"minecraft:fall_one_cm":265673},"minecraft:mined":{"minecraft:large_amethyst_bud":2,"minecraft:white_bed":5,"minecraft:jungle_leaves":35,"minecraft:granite":12,"minecraft:acacia_log":10,"minecraft:grass_block":28,"sophisticatedbackpacks:iron_backpack":2,"minecraft:jungle_log":310,"minecraft:chiseled_stone_bricks":2,"minecraft:spawner":10,"minecraft:raw_iron_block":6,"minecraft:sticky_piston":3,"minecraft:iron_ore":137,"minecraft:cobbled_deepslate":34,"minecraft:fire":18,"minecraft:pumpkin":25,"minecraft:deepslate_lapis_ore":16,"minecraft:dirt_path":8,"minecraft:flowering_azalea_leaves":6,"minecraft:oak_stairs":4,"minecraft:azalea":1,"minecraft:tripwire":4,"minecraft:deepslate_redstone_ore":30,"minecraft:cut_sandstone":1,"minecraft:kelp_plant":1,"minecraft:melon_stem":1,"minecraft:amethyst_cluster":2,"minecraft:clay":2,"minecraft:torch":46,"minecraft:blast_furnace":1,"minecraft:calcite":8,"minecraft:melon":4,"minecraft:chest":12,"minecraft:dead_bush":12,"minecraft:cobblestone":17,"minecraft:sugar_cane":11,"minecraft:oak_planks":22,"minecraft:wall_torch":38,"minecraft:amethyst_block":20,"minecraft:seagrass":1,"minecraft:repeater":1,"minecraft:birch_log":5,"minecraft:lilac":2,"minecraft:grass":25,"minecraft:oak_log":180,"minecraft:beetroots":3,"minecraft:sand":100,"minecraft:dirt":242,"minecraft:smooth_basalt":3,"minecraft:tripwire_hook":4,"minecraft:netherrack":2,"minecraft:oak_leaves":26,"minecraft:deepslate":530,"minecraft:tuff":75,"minecraft:mossy_cobblestone":1,"minecraft:dark_oak_leaves":3,"minecraft:deepslate_diamond_ore":30,"minecraft:oak_door":7,"minecraft:mangrove_roots":1,"minecraft:lever":3,"minecraft:glow_lichen":1,"gravestone:gravestone":7,"minecraft:kelp":1,"minecraft:mangrove_propagule":10,"minecraft:moss_block":4,"minecraft:rooted_dirt":90,"minecraft:sandstone":17,"minecraft:hay_block":58,"minecraft:spore_blossom":2,"minecraft:redstone_ore":5,"minecraft:oak_trapdoor":6,"minecraft:furnace":9,"minecraft:suspicious_sand":1,"minecraft:andesite":22,"minecraft:big_dripleaf_stem":1,"minecraft:gold_block":7,"minecraft:bell":4,"minecraft:mossy_stone_brick_stairs":1,"minecraft:potatoes":23,"minecraft:deepslate_iron_ore":271,"minecraft:vine":6,"minecraft:rail":150,"minecraft:lantern":3,"minecraft:stripped_jungle_log":8,"minecraft:stripped_oak_log":1,"minecraft:bamboo":48,"minecraft:stone":304,"sophisticatedbackpacks:backpack":1,"minecraft:oak_slab":15,"minecraft:flowering_azalea":2,"minecraft:crafting_table":17,"minecraft:tall_grass":2,"minecraft:copper_ore":25,"minecraft:lapis_ore":12,"minecraft:deepslate_gold_ore":41,"minecraft:diorite":61,"minecraft:cactus":3,"minecraft:sea_pickle":17,"minecraft:coal_ore":229,"minecraft:bubble_coral_wall_fan":1,"minecraft:gravel":65,"minecraft:cobweb":201,"minecraft:gold_ore":4,"minecraft:fern":3},"minecraft:dropped":{"minecraft:iron_sword":9,"minecraft:lapis_lazuli":65,"minecraft:oak_log":19,"minecraft:baked_potato":4,"minecraft:ender_pearl":1,"minecraft:diamond":15,"minecraft:crafting_table":1,"minecraft:glow_berries":11,"minecraft:rooted_dirt":52,"minecraft:leather":7,"minecraft:chest_minecart":1,"minecraft:mossy_stone_brick_stairs":1,"minecraft:rail":26,"minecraft:cod":1,"minecraft:music_disc_13":2,"minecraft:dirt":38,"minecraft:mutton":2,"minecraft:coast_armor_trim_smithing_template":1,"minecraft:jungle_sapling":16,"gravestone:obituary":12,"minecraft:gold_nugget":3,"minecraft:bone_meal":9,"minecraft:sand":4,"minecraft:bone":11,"minecraft:gravel":19,"minecraft:spyglass":1,"minecraft:cobbled_deepslate":199,"minecraft:birch_sapling":1,"minecraft:wheat":1,"minecraft:obsidian":4,"minecraft:rotten_flesh":45,"minecraft:oak_planks":3,"minecraft:golden_shovel":1,"minecraft:chiseled_stone_bricks":4,"minecraft:poppy":3,"minecraft:gunpowder":4,"minecraft:beetroot_seeds":14,"securitycraft:reinforced_cobbled_deepslate":1,"minecraft:acacia_sapling":1,"minecraft:chest":1,"minecraft:arrow":14,"minecraft:beef":1,"minecraft:stone_hoe":2,"minecraft:iron_ingot":176,"minecraft:oak_slab":1,"minecraft:wheat_seeds":3,"minecraft:mossy_cobblestone":1,"minecraft:poisonous_potato":1,"minecraft:iron_helmet":1,"minecraft:cobblestone":74,"minecraft:apple":3,"minecraft:granite":4,"minecraft:coal":19,"minecraft:diorite":21,"minecraft:torch":29,"minecraft:melon_slice":4,"minecraft:cooked_salmon":1,"minecraft:iron_leggings":1,"minecraft:pumpkin":1,"minecraft:iron_axe":3,"minecraft:paper":8,"minecraft:string":77,"minecraft:smooth_basalt":3,"minecraft:redstone":5,"securitycraft:reinforced_stone":1,"minecraft:stone_sword":1,"minecraft:raw_copper":5,"minecraft:tuff":7,"minecraft:raw_iron":7,"minecraft:iron_boots":1,"easy_hammers:iron_hammer":1,"minecraft:pumpkin_seeds":4,"minecraft:flint_and_steel":1,"minecraft:filled_map":4,"minecraft:stone":10,"minecraft:shield":1,"minecraft:iron_chestplate":1,"minecraft:andesite":10,"minecraft:oak_boat":1,"minecraft:oak_sapling":1,"minecraft:wooden_shovel":1,"minecraft:bamboo":9,"minecraft:sandstone":17,"minecraft:stone_pickaxe":1,"minecraft:wooden_pickaxe":1,"minecraft:raw_gold":21,"minecraft:calcite":7},"minecraft:crafted":{"minecraft:oak_planks":292,"minecraft:oak_sign":3,"minecraft:cooked_chicken":1,"minecraft:cooked_mutton":5,"minecraft:green_dye":1,"minecraft:bow":2,"minecraft:iron_boots":1,"minecraft:chest":3,"minecraft:stone_hoe":1,"minecraft:oak_slab":24,"minecraft:wooden_shovel":1,"sophisticatedbackpacks:backpack":2,"minecraft:cooked_porkchop":29,"minecraft:crafting_table":1,"minecraft:iron_helmet":1,"minecraft:wooden_pickaxe":1,"minecraft:baked_potato":58,"minecraft:copper_ingot":14,"minecraft:oak_wood":3,"minecraft:birch_planks":20,"minecraft:iron_chestplate":3,"minecraft:diamond_pickaxe":1,"minecraft:shield":1,"minecraft:stick":272,"minecraft:iron_ingot":444,"minecraft:iron_pickaxe":9,"minecraft:stone_sword":1,"minecraft:gold_ingot":75,"minecraft:oak_door":3,"minecraft:raw_iron":54,"minecraft:stone_shovel":1,"minecraft:iron_nugget":186,"minecraft:spyglass":1,"minecraft:furnace":5,"minecraft:bone_meal":27,"minecraft:oak_trapdoor":8,"minecraft:flint_and_steel":1,"minecraft:lantern":17,"minecraft:iron_axe":3,"minecraft:ladder":66,"minecraft:stone_pickaxe":1,"sophisticatedbackpacks:iron_backpack":4,"minecraft:cooked_beef":14,"minecraft:cooked_cod":4,"minecraft:dried_kelp":2,"minecraft:iron_sword":6,"minecraft:cooked_salmon":1,"minecraft:bucket":2,"minecraft:stone_axe":1,"minecraft:air":0,"minecraft:jungle_planks":60,"minecraft:oak_boat":1,"minecraft:acacia_sign":3,"minecraft:oak_stairs":20,"minecraft:iron_shovel":1,"minecraft:iron_leggings":1,"minecraft:acacia_planks":40,"minecraft:torch":396},"minecraft:picked_up":{"minecraft:iron_chestplate":2,"minecraft:wheat":1,"minecraft:lead":1,"minecraft:oak_stairs":4,"minecraft:amethyst_block":14,"minecraft:string":209,"minecraft:raw_copper":83,"minecraft:cooked_salmon":1,"minecraft:iron_leggings":2,"minecraft:sticky_piston":3,"minecraft:beetroot":5,"minecraft:sea_pickle":50,"minecraft:gold_nugget":3,"minecraft:cobbled_deepslate":521,"minecraft:calcite":7,"minecraft:melon_slice":45,"minecraft:furnace":9,"minecraft:iron_boots":1,"minecraft:stick":47,"minecraft:big_dripleaf":7,"minecraft:torch":122,"minecraft:acacia_log":10,"minecraft:porkchop":30,"minecraft:diorite":60,"minecraft:bamboo_block":1,"minecraft:stone_sword":1,"minecraft:cactus":3,"minecraft:rotten_flesh":114,"securitycraft:reinforced_cobbled_deepslate":1,"minecraft:mangrove_roots":1,"minecraft:obsidian":2,"minecraft:cod":8,"minecraft:cobblestone":355,"minecraft:birch_log":5,"minecraft:cooked_beef":3,"minecraft:lilac":2,"minecraft:repeater":1,"minecraft:jungle_log":276,"minecraft:andesite":24,"minecraft:potato":119,"minecraft:flint":5,"minecraft:tuff":67,"minecraft:lantern":3,"minecraft:lapis_lazuli":174,"minecraft:dirt":239,"minecraft:leather_boots":1,"minecraft:bone":20,"minecraft:bow":4,"minecraft:wheat_seeds":5,"minecraft:raw_gold":43,"minecraft:bell":4,"minecraft:rabbit":3,"minecraft:bamboo":307,"minecraft:powered_rail":3,"minecraft:moss_block":4,"minecraft:oak_planks":27,"minecraft:mossy_stone_brick_stairs":1,"minecraft:cooked_porkchop":2,"minecraft:poisonous_potato":1,"minecraft:bamboo_raft":24,"minecraft:sand":87,"sophisticatedbackpacks:iron_backpack":3,"securitycraft:reinforced_stone":2,"minecraft:mossy_cobblestone":1,"minecraft:diamond":29,"minecraft:lever":3,"minecraft:granite":11,"minecraft:golden_apple":2,"minecraft:bread":1,"minecraft:rooted_dirt":85,"minecraft:oak_sapling":46,"minecraft:crafting_table":18,"minecraft:chicken":1,"minecraft:chest_minecart":2,"minecraft:leather_leggings":1,"minecraft:wooden_pickaxe":1,"minecraft:gold_block":5,"gravestone:obituary":6,"minecraft:shield":1,"minecraft:iron_axe":2,"minecraft:oak_trapdoor":6,"minecraft:compass":1,"minecraft:beef":15,"minecraft:oak_boat":10,"minecraft:iron_nugget":4,"minecraft:jungle_sapling":17,"minecraft:chest":13,"minecraft:sugar_cane":18,"minecraft:birch_sapling":1,"minecraft:egg":2,"minecraft:raw_iron":405,"minecraft:sandstone":17,"minecraft:stone":15,"minecraft:oak_door":7,"minecraft:flowering_azalea_leaves":5,"sophisticatedbackpacks:backpack":3,"minecraft:redstone":160,"minecraft:arrow":17,"minecraft:beetroot_seeds":21,"minecraft:hay_block":57,"minecraft:saddle":1,"minecraft:glow_berries":9,"minecraft:mutton":8,"minecraft:rail":158,"minecraft:stripped_oak_log":1,"minecraft:tripwire_hook":4,"minecraft:glow_ink_sac":11,"minecraft:salmon":1,"minecraft:cut_sandstone":1,"minecraft:leather":10,"minecraft:filled_map":1,"minecraft:oak_log":182,"minecraft:golden_boots":1,"minecraft:gunpowder":7,"minecraft:apple":7,"minecraft:kelp":3,"minecraft:spore_blossom":2,"minecraft:rabbit_hide":1,"minecraft:iron_ingot":71,"minecraft:cooked_chicken":8,"minecraft:iron_ore":1,"minecraft:flowering_azalea":2,"minecraft:iron_sword":7,"minecraft:acacia_sapling":1,"minecraft:oak_slab":20,"minecraft:smooth_basalt":3,"minecraft:pumpkin":24,"minecraft:chiseled_stone_bricks":4,"minecraft:spyglass":1,"minecraft:raw_iron_block":6,"minecraft:gravel":63,"minecraft:amethyst_shard":8,"minecraft:white_bed":5,"minecraft:spider_eye":8,"minecraft:stripped_jungle_log":8,"minecraft:pumpkin_seeds":8,"minecraft:slime_ball":3,"minecraft:iron_helmet":1,"minecraft:baked_potato":3,"minecraft:melon_seeds":8,"minecraft:mangrove_propagule":7,"minecraft:coal":245,"minecraft:ender_pearl":3},"minecraft:killed":{"minecraft:cave_spider":11,"minecraft:spider":11,"minecraft:cod":6,"minecraft:skeleton":21,"minecraft:chicken":1,"minecraft:pig":16,"minecraft:zombie_villager":3,"minecraft:salmon":1,"minecraft:creeper":4,"minecraft:sheep":2,"minecraft:trader_llama":1,"minecraft:zombie":69,"minecraft:cow":8,"minecraft:endermite":1,"minecraft:slime":2,"minecraft:rabbit":3,"minecraft:bat":3,"minecraft:wandering_trader":1,"minecraft:enderman":2},"minecraft:used":{"minecraft:beetroot":3,"minecraft:iron_shovel":207,"minecraft:ladder":51,"minecraft:oak_sign":3,"minecraft:chest":10,"minecraft:shield":43,"minecraft:iron_sword":865,"minecraft:rotten_flesh":67,"minecraft:mutton":1,"minecraft:tuff":11,"minecraft:axolotl_bucket":2,"minecraft:lantern":20,"minecraft:bow":10,"minecraft:hay_block":3,"minecraft:furnace":10,"minecraft:oak_sapling":12,"minecraft:cooked_cod":4,"minecraft:beetroot_seeds":6,"minecraft:egg":2,"minecraft:potato":56,"minecraft:diorite":31,"minecraft:stone_pickaxe":74,"minecraft:oak_planks":5,"minecraft:ender_pearl":2,"minecraft:wooden_pickaxe":16,"minecraft:sugar_cane":12,"minecraft:golden_apple":7,"minecraft:glow_berries":1,"minecraft:sand":17,"minecraft:shears":6,"sophisticatedbackpacks:backpack":1,"minecraft:melon_slice":14,"minecraft:bread":3,"minecraft:gravel":2,"minecraft:andesite":14,"minecraft:oak_boat":9,"minecraft:tropical_fish_bucket":3,"minecraft:bone_meal":27,"minecraft:oak_trapdoor":14,"sophisticatedbackpacks:iron_backpack":2,"minecraft:stone_sword":17,"minecraft:flint_and_steel":22,"minecraft:stone_shovel":76,"minecraft:dried_kelp":2,"minecraft:cooked_salmon":1,"minecraft:stone_hoe":37,"minecraft:cooked_chicken":9,"minecraft:oak_door":7,"minecraft:torch":480,"minecraft:dirt":136,"minecraft:spyglass":47,"minecraft:granite":7,"minecraft:bamboo_raft":24,"minecraft:oak_stairs":24,"minecraft:iron_axe":767,"minecraft:rooted_dirt":33,"minecraft:jungle_log":264,"minecraft:melon_seeds":2,"minecraft:bamboo":6,"minecraft:cooked_beef":17,"minecraft:cobbled_deepslate":485,"minecraft:cooked_mutton":5,"minecraft:water_bucket":93,"minecraft:rabbit":3,"minecraft:baked_potato":61,"minecraft:rail":1,"minecraft:oak_slab":43,"minecraft:crafting_table":17,"minecraft:spider_eye":1,"minecraft:white_bed":4,"minecraft:oak_log":23,"minecraft:diamond_pickaxe":61,"minecraft:apple":5,"minecraft:acacia_sign":3,"minecraft:stripped_jungle_log":7,"minecraft:iron_pickaxe":2068,"minecraft:stone_axe":150,"minecraft:fishing_rod":5,"minecraft:cobblestone":201,"minecraft:cooked_porkchop":19,"minecraft:bucket":102},"minecraft:killed_by":{"minecraft:player":4,"minecraft:skeleton":3},"minecraft:broken":{"minecraft:stone_axe":1,"minecraft:iron_sword":2,"minecraft:iron_axe":2,"minecraft:iron_pickaxe":7}},"DataVersion":3465}