{"stats":{"minecraft:killed_by":{"minecraft:player":3,"minecraft:skeleton":2},"minecraft:picked_up":{"minecraft:iron_chestplate":1,"minecraft:crafting_table":7,"minecraft:chicken":1,"minecraft:chest_minecart":2,"minecraft:leather_leggings":1,"minecraft:lead":1,"minecraft:wooden_pickaxe":1,"gravestone:obituary":6,"minecraft:shield":1,"minecraft:amethyst_block":14,"minecraft:string":204,"minecraft:cooked_salmon":1,"minecraft:raw_copper":83,"minecraft:iron_leggings":1,"minecraft:beetroot":5,"minecraft:cobbled_deepslate":489,"minecraft:beef":1,"minecraft:calcite":7,"minecraft:melon_slice":40,"minecraft:sugar_cane":1,"minecraft:chest":2,"minecraft:birch_sapling":1,"minecraft:furnace":2,"minecraft:egg":2,"minecraft:stick":15,"minecraft:raw_iron":405,"minecraft:sandstone":17,"minecraft:torch":114,"sophisticatedbackpacks:backpack":3,"minecraft:porkchop":6,"minecraft:diorite":53,"minecraft:redstone":155,"minecraft:stone_sword":1,"minecraft:arrow":17,"minecraft:rotten_flesh":92,"minecraft:beetroot_seeds":17,"minecraft:mutton":8,"minecraft:cod":4,"minecraft:rail":158,"minecraft:cobblestone":269,"minecraft:birch_log":5,"minecraft:cooked_beef":3,"minecraft:lilac":1,"minecraft:glow_ink_sac":9,"minecraft:andesite":23,"minecraft:salmon":1,"minecraft:leather":2,"minecraft:potato":92,"minecraft:filled_map":1,"minecraft:flint":1,"minecraft:tuff":67,"minecraft:oak_log":124,"minecraft:golden_boots":1,"minecraft:gunpowder":7,"minecraft:lapis_lazuli":174,"minecraft:dirt":45,"minecraft:leather_boots":1,"minecraft:bone":20,"minecraft:apple":3,"minecraft:kelp":2,"minecraft:bow":4,"minecraft:raw_gold":43,"minecraft:iron_ingot":16,"minecraft:cooked_chicken":8,"minecraft:powered_rail":3,"minecraft:iron_sword":3,"minecraft:oak_planks":1,"minecraft:smooth_basalt":3,"minecraft:cooked_porkchop":2,"minecraft:spyglass":1,"minecraft:raw_iron_block":6,"minecraft:poisonous_potato":1,"minecraft:gravel":11,"minecraft:amethyst_shard":8,"sophisticatedbackpacks:iron_backpack":1,"minecraft:white_bed":1,"minecraft:spider_eye":8,"minecraft:pumpkin_seeds":8,"minecraft:slime_ball":2,"minecraft:diamond":29,"minecraft:iron_helmet":1,"minecraft:granite":7,"minecraft:golden_apple":2,"minecraft:bread":1,"minecraft:baked_potato":3,"minecraft:oak_sapling":22,"minecraft:melon_seeds":8,"minecraft:coal":238,"minecraft:ender_pearl":1},"minecraft:mined":{"minecraft:large_amethyst_bud":2,"minecraft:tuff":75,"minecraft:white_bed":1,"minecraft:deepslate_diamond_ore":30,"minecraft:glow_lichen":1,"minecraft:granite":7,"gravestone:gravestone":5,"minecraft:grass_block":15,"sophisticatedbackpacks:iron_backpack":1,"minecraft:sandstone":17,"minecraft:spawner":10,"minecraft:raw_iron_block":6,"minecraft:redstone_ore":5,"minecraft:furnace":2,"minecraft:iron_ore":137,"minecraft:fire":5,"minecraft:cobbled_deepslate":15,"minecraft:andesite":22,"minecraft:deepslate_lapis_ore":16,"minecraft:potatoes":15,"minecraft:deepslate_iron_ore":271,"minecraft:rail":150,"minecraft:stone":261,"sophisticatedbackpacks:backpack":1,"minecraft:deepslate_redstone_ore":30,"minecraft:kelp_plant":1,"minecraft:melon_stem":1,"minecraft:amethyst_cluster":2,"minecraft:crafting_table":6,"minecraft:torch":45,"minecraft:melon":3,"minecraft:calcite":8,"minecraft:chest":2,"minecraft:copper_ore":25,"minecraft:cobblestone":6,"minecraft:deepslate_gold_ore":41,"minecraft:lapis_ore":12,"minecraft:oak_planks":1,"minecraft:sugar_cane":1,"minecraft:wall_torch":34,"minecraft:diorite":54,"minecraft:amethyst_block":20,"minecraft:birch_log":5,"minecraft:lilac":1,"minecraft:grass":2,"minecraft:coal_ore":222,"minecraft:oak_log":122,"minecraft:beetroots":3,"minecraft:gravel":10,"minecraft:dirt":31,"minecraft:sand":4,"minecraft:cobweb":201,"minecraft:smooth_basalt":3,"minecraft:gold_ore":4,"minecraft:oak_leaves":16,"minecraft:deepslate":530},"minecraft:broken":{"minecraft:stone_axe":1,"minecraft:iron_sword":2,"minecraft:iron_pickaxe":6},"minecraft:custom":{"minecraft:mob_kills":142,"minecraft:interact_with_crafting_table":81,"minecraft:leave_game":24,"minecraft:time_since_death":296220,"minecraft:climb_one_cm":32155,"minecraft:sprint_one_cm":911183,"minecraft:walk_one_cm":1441682,"minecraft:damage_blocked_by_shield":2865,"minecraft:drop":129,"minecraft:talked_to_villager":1,"minecraft:play_time":442508,"minecraft:deaths":5,"minecraft:sneak_time":48101,"minecraft:walk_under_water_one_cm":91900,"minecraft:jump":6751,"minecraft:interact_with_blast_furnace":2,"minecraft:walk_on_water_one_cm":159731,"minecraft:total_world_time":442508,"minecraft:interact_with_furnace":197,"minecraft:sleep_in_bed":5,"minecraft:time_since_rest":2081,"minecraft:damage_taken":7041,"minecraft:damage_absorbed":200,"minecraft:damage_dealt":25500,"minecraft:swim_one_cm":125490,"minecraft:fly_one_cm":712181,"minecraft:open_chest":231,"minecraft:crouch_one_cm":135132,"minecraft:interact_with_smoker":35,"minecraft:fall_one_cm":148728},"minecraft:dropped":{"minecraft:stone_hoe":2,"minecraft:iron_ingot":28,"minecraft:iron_sword":4,"minecraft:lapis_lazuli":65,"minecraft:oak_log":19,"minecraft:baked_potato":4,"minecraft:diamond":15,"minecraft:poisonous_potato":1,"minecraft:iron_helmet":1,"minecraft:cobblestone":41,"minecraft:leather":7,"minecraft:chest_minecart":1,"minecraft:coal":14,"minecraft:dirt":24,"minecraft:diorite":17,"minecraft:torch":16,"minecraft:mutton":2,"minecraft:coast_armor_trim_smithing_template":1,"minecraft:cooked_salmon":1,"minecraft:iron_leggings":1,"gravestone:obituary":11,"minecraft:bone_meal":9,"minecraft:iron_axe":1,"minecraft:string":15,"minecraft:smooth_basalt":3,"minecraft:bone":11,"minecraft:gravel":9,"minecraft:spyglass":1,"minecraft:stone_sword":1,"minecraft:cobbled_deepslate":171,"minecraft:tuff":7,"minecraft:birch_sapling":1,"minecraft:raw_iron":7,"minecraft:rotten_flesh":23,"minecraft:oak_planks":2,"minecraft:iron_boots":1,"easy_hammers:iron_hammer":1,"minecraft:pumpkin_seeds":4,"minecraft:flint_and_steel":1,"minecraft:filled_map":1,"minecraft:poppy":3,"minecraft:shield":1,"minecraft:gunpowder":4,"minecraft:iron_chestplate":1,"minecraft:andesite":8,"minecraft:beetroot_seeds":10,"minecraft:oak_sapling":1,"minecraft:chest":1,"minecraft:sandstone":17,"minecraft:arrow":14,"minecraft:beef":1,"minecraft:wooden_pickaxe":1,"minecraft:raw_gold":21,"minecraft:calcite":7},"minecraft:crafted":{"minecraft:oak_planks":148,"minecraft:raw_iron":54,"minecraft:spyglass":1,"minecraft:cooked_chicken":1,"minecraft:furnace":5,"minecraft:bone_meal":9,"minecraft:cooked_mutton":5,"minecraft:flint_and_steel":1,"minecraft:bow":2,"minecraft:iron_boots":1,"minecraft:iron_axe":1,"minecraft:ladder":66,"minecraft:stone_pickaxe":1,"minecraft:chest":3,"minecraft:stone_hoe":1,"sophisticatedbackpacks:iron_backpack":1,"minecraft:cooked_cod":4,"minecraft:cooked_porkchop":5,"minecraft:crafting_table":1,"minecraft:iron_helmet":1,"minecraft:dried_kelp":2,"minecraft:wooden_pickaxe":1,"minecraft:baked_potato":54,"minecraft:iron_sword":5,"minecraft:cooked_salmon":1,"minecraft:copper_ingot":14,"minecraft:bucket":1,"minecraft:oak_wood":3,"minecraft:birch_planks":20,"minecraft:stone_axe":1,"minecraft:air":0,"minecraft:iron_chestplate":3,"minecraft:shield":1,"minecraft:stick":240,"minecraft:iron_ingot":414,"minecraft:iron_pickaxe":8,"minecraft:stone_sword":1,"minecraft:iron_leggings":1,"minecraft:gold_ingot":30,"minecraft:torch":312},"minecraft:killed":{"minecraft:cave_spider":11,"minecraft:spider":10,"minecraft:cod":4,"minecraft:slime":1,"minecraft:skeleton":20,"minecraft:chicken":1,"minecraft:pig":4,"minecraft:zombie_villager":3,"minecraft:salmon":1,"minecraft:bat":3,"minecraft:wandering_trader":1,"minecraft:creeper":4,"minecraft:sheep":2,"minecraft:trader_llama":1,"minecraft:zombie":67,"minecraft:enderman":1,"minecraft:cow":1},"minecraft:used":{"minecraft:beetroot":3,"minecraft:stone_sword":17,"sophisticatedbackpacks:iron_backpack":1,"minecraft:flint_and_steel":15,"minecraft:dried_kelp":2,"minecraft:ladder":51,"minecraft:chest":3,"minecraft:shield":42,"minecraft:iron_sword":690,"minecraft:cooked_salmon":1,"minecraft:cooked_chicken":9,"minecraft:rotten_flesh":67,"minecraft:stone_hoe":37,"minecraft:torch":444,"minecraft:spyglass":30,"minecraft:dirt":41,"minecraft:mutton":1,"minecraft:tuff":11,"minecraft:granite":7,"minecraft:melon_seeds":2,"minecraft:bow":2,"minecraft:oak_sapling":1,"minecraft:furnace":6,"minecraft:cooked_cod":4,"minecraft:beetroot_seeds":6,"minecraft:egg":2,"minecraft:potato":48,"minecraft:cooked_beef":3,"minecraft:cobbled_deepslate":456,"minecraft:cooked_mutton":5,"minecraft:water_bucket":63,"minecraft:diorite":31,"minecraft:baked_potato":41,"minecraft:stone_pickaxe":74,"minecraft:oak_planks":5,"minecraft:ender_pearl":1,"minecraft:wooden_pickaxe":16,"minecraft:golden_apple":7,"minecraft:rail":1,"minecraft:crafting_table":7,"minecraft:spider_eye":1,"minecraft:white_bed":1,"sophisticatedbackpacks:backpack":1,"minecraft:apple":3,"minecraft:melon_slice":13,"minecraft:bread":3,"minecraft:iron_pickaxe":1926,"minecraft:gravel":2,"minecraft:stone_axe":150,"minecraft:cobblestone":186,"minecraft:cooked_porkchop":6,"minecraft:andesite":14,"minecraft:bucket":64,"minecraft:bone_meal":9}},"DataVersion":3465}