{"stats":{"minecraft:killed_by":{"minecraft:player":3,"minecraft:skeleton":2},"minecraft:picked_up":{"minecraft:crafting_table":6,"minecraft:chicken":1,"minecraft:chest_minecart":2,"minecraft:leather_leggings":1,"minecraft:wooden_pickaxe":1,"gravestone:obituary":6,"minecraft:amethyst_block":14,"minecraft:string":187,"minecraft:raw_copper":83,"minecraft:beetroot":5,"minecraft:cobbled_deepslate":285,"minecraft:calcite":7,"minecraft:melon_slice":33,"minecraft:sugar_cane":1,"minecraft:chest":1,"minecraft:birch_sapling":1,"minecraft:furnace":1,"minecraft:stick":15,"minecraft:raw_iron":290,"minecraft:torch":95,"sophisticatedbackpacks:backpack":3,"minecraft:porkchop":6,"minecraft:diorite":28,"minecraft:redstone":93,"minecraft:stone_sword":1,"minecraft:arrow":7,"minecraft:rotten_flesh":71,"minecraft:beetroot_seeds":17,"minecraft:mutton":5,"minecraft:cod":4,"minecraft:rail":150,"minecraft:cobblestone":227,"minecraft:birch_log":5,"minecraft:cooked_beef":3,"minecraft:lilac":1,"minecraft:glow_ink_sac":9,"minecraft:andesite":15,"minecraft:salmon":1,"minecraft:potato":47,"minecraft:tuff":45,"minecraft:oak_log":124,"minecraft:gunpowder":5,"minecraft:lapis_lazuli":129,"minecraft:dirt":45,"minecraft:leather_boots":1,"minecraft:bone":9,"minecraft:apple":3,"minecraft:kelp":2,"minecraft:bow":4,"minecraft:raw_gold":19,"minecraft:iron_ingot":16,"minecraft:cooked_chicken":6,"minecraft:powered_rail":3,"minecraft:iron_sword":1,"minecraft:oak_planks":1,"minecraft:smooth_basalt":3,"minecraft:spyglass":1,"minecraft:poisonous_potato":1,"minecraft:raw_iron_block":1,"minecraft:gravel":9,"minecraft:amethyst_shard":8,"minecraft:white_bed":1,"minecraft:spider_eye":7,"minecraft:pumpkin_seeds":8,"minecraft:diamond":18,"minecraft:granite":7,"minecraft:golden_apple":1,"minecraft:bread":1,"minecraft:oak_sapling":22,"minecraft:melon_seeds":8,"minecraft:coal":195,"minecraft:ender_pearl":1},"minecraft:mined":{"minecraft:large_amethyst_bud":2,"minecraft:tuff":49,"minecraft:white_bed":1,"minecraft:deepslate_diamond_ore":18,"minecraft:glow_lichen":1,"gravestone:gravestone":4,"minecraft:granite":7,"minecraft:grass_block":15,"minecraft:spawner":9,"minecraft:raw_iron_block":1,"minecraft:redstone_ore":5,"minecraft:furnace":1,"minecraft:iron_ore":133,"minecraft:cobbled_deepslate":9,"minecraft:andesite":14,"minecraft:deepslate_lapis_ore":9,"minecraft:potatoes":4,"minecraft:deepslate_iron_ore":160,"minecraft:rail":140,"minecraft:stone":219,"sophisticatedbackpacks:backpack":1,"minecraft:deepslate_redstone_ore":15,"minecraft:kelp_plant":1,"minecraft:melon_stem":1,"minecraft:amethyst_cluster":2,"minecraft:crafting_table":5,"minecraft:torch":32,"minecraft:calcite":8,"minecraft:melon":2,"minecraft:chest":1,"minecraft:copper_ore":25,"minecraft:cobblestone":6,"minecraft:lapis_ore":12,"minecraft:deepslate_gold_ore":17,"minecraft:sugar_cane":1,"minecraft:oak_planks":1,"minecraft:diorite":29,"minecraft:wall_torch":30,"minecraft:amethyst_block":20,"minecraft:birch_log":5,"minecraft:lilac":1,"minecraft:grass":2,"minecraft:oak_log":122,"minecraft:coal_ore":179,"minecraft:beetroots":3,"minecraft:gravel":10,"minecraft:dirt":31,"minecraft:cobweb":185,"minecraft:smooth_basalt":3,"minecraft:gold_ore":4,"minecraft:oak_leaves":16,"minecraft:deepslate":303},"minecraft:broken":{"minecraft:stone_axe":1,"minecraft:iron_sword":1,"minecraft:iron_pickaxe":4},"minecraft:custom":{"minecraft:mob_kills":106,"minecraft:interact_with_crafting_table":74,"minecraft:leave_game":14,"minecraft:time_since_death":150099,"minecraft:climb_one_cm":21595,"minecraft:sprint_one_cm":609976,"minecraft:walk_one_cm":925382,"minecraft:damage_blocked_by_shield":195,"minecraft:drop":59,"minecraft:play_time":296387,"minecraft:deaths":5,"minecraft:sneak_time":33805,"minecraft:walk_under_water_one_cm":76101,"minecraft:jump":3900,"minecraft:walk_on_water_one_cm":124490,"minecraft:total_world_time":296387,"minecraft:interact_with_furnace":139,"minecraft:sleep_in_bed":4,"minecraft:time_since_rest":50334,"minecraft:damage_taken":5347,"minecraft:damage_absorbed":200,"minecraft:damage_dealt":18662,"minecraft:swim_one_cm":119443,"minecraft:fly_one_cm":402942,"minecraft:open_chest":207,"minecraft:crouch_one_cm":96880,"minecraft:interact_with_smoker":14,"minecraft:fall_one_cm":81449},"minecraft:dropped":{"minecraft:iron_ingot":9,"minecraft:iron_sword":2,"minecraft:oak_log":19,"minecraft:baked_potato":4,"minecraft:cobblestone":1,"minecraft:chest_minecart":1,"minecraft:dirt":4,"minecraft:diorite":1,"minecraft:torch":5,"minecraft:coast_armor_trim_smithing_template":1,"gravestone:obituary":11,"minecraft:bone":2,"minecraft:gravel":5,"minecraft:spyglass":1,"minecraft:cobbled_deepslate":17,"minecraft:tuff":7,"minecraft:birch_sapling":1,"minecraft:rotten_flesh":20,"minecraft:oak_planks":2,"minecraft:pumpkin_seeds":4,"minecraft:beetroot_seeds":10,"minecraft:oak_sapling":1,"minecraft:chest":1,"minecraft:wooden_pickaxe":1},"minecraft:crafted":{"minecraft:oak_planks":148,"minecraft:raw_iron":9,"minecraft:spyglass":1,"minecraft:cooked_chicken":1,"minecraft:furnace":4,"minecraft:cooked_mutton":5,"minecraft:bow":2,"minecraft:iron_boots":1,"minecraft:iron_axe":1,"minecraft:ladder":66,"minecraft:stone_pickaxe":1,"minecraft:chest":3,"minecraft:stone_hoe":1,"sophisticatedbackpacks:iron_backpack":1,"minecraft:cooked_cod":4,"minecraft:cooked_porkchop":5,"minecraft:crafting_table":1,"minecraft:iron_helmet":1,"minecraft:dried_kelp":2,"minecraft:wooden_pickaxe":1,"minecraft:baked_potato":28,"minecraft:iron_sword":5,"minecraft:cooked_salmon":1,"minecraft:copper_ingot":2,"minecraft:bucket":1,"minecraft:oak_wood":3,"minecraft:birch_planks":20,"minecraft:stone_axe":1,"minecraft:air":0,"minecraft:iron_chestplate":3,"minecraft:shield":1,"minecraft:stick":240,"minecraft:iron_ingot":229,"minecraft:iron_pickaxe":7,"minecraft:stone_sword":1,"minecraft:iron_leggings":1,"minecraft:gold_ingot":18,"minecraft:torch":240},"minecraft:killed":{"minecraft:cave_spider":10,"minecraft:spider":9,"minecraft:cod":4,"minecraft:skeleton":11,"minecraft:chicken":1,"minecraft:pig":4,"minecraft:zombie_villager":1,"minecraft:salmon":1,"minecraft:bat":3,"minecraft:creeper":4,"minecraft:zombie":53,"minecraft:enderman":1},"minecraft:used":{"minecraft:beetroot":3,"minecraft:stone_sword":17,"minecraft:dried_kelp":2,"minecraft:ladder":51,"minecraft:chest":3,"minecraft:shield":3,"minecraft:iron_sword":543,"minecraft:cooked_salmon":1,"minecraft:cooked_chicken":7,"minecraft:stone_hoe":37,"minecraft:rotten_flesh":42,"minecraft:torch":352,"minecraft:spyglass":9,"minecraft:dirt":41,"minecraft:tuff":11,"minecraft:granite":7,"minecraft:melon_seeds":2,"minecraft:oak_sapling":1,"minecraft:furnace":5,"minecraft:cooked_cod":4,"minecraft:beetroot_seeds":6,"minecraft:cooked_beef":3,"minecraft:potato":17,"minecraft:cobbled_deepslate":143,"minecraft:cooked_mutton":4,"minecraft:water_bucket":4,"minecraft:diorite":27,"minecraft:baked_potato":16,"minecraft:stone_pickaxe":74,"minecraft:oak_planks":5,"minecraft:ender_pearl":1,"minecraft:wooden_pickaxe":16,"minecraft:golden_apple":7,"minecraft:rail":1,"minecraft:crafting_table":6,"minecraft:spider_eye":1,"minecraft:white_bed":1,"sophisticatedbackpacks:backpack":1,"minecraft:apple":3,"minecraft:bread":3,"minecraft:melon_slice":6,"minecraft:iron_pickaxe":1334,"minecraft:gravel":2,"minecraft:stone_axe":150,"minecraft:cobblestone":180,"minecraft:cooked_porkchop":5,"minecraft:andesite":14,"minecraft:bucket":5}},"DataVersion":3465}