{"stats":{"minecraft:killed_by":{"minecraft:player":3,"minecraft:skeleton":2},"minecraft:picked_up":{"minecraft:crafting_table":7,"minecraft:chicken":1,"minecraft:chest_minecart":2,"minecraft:leather_leggings":1,"minecraft:wooden_pickaxe":1,"gravestone:obituary":6,"minecraft:amethyst_block":14,"minecraft:string":204,"minecraft:raw_copper":83,"minecraft:beetroot":5,"minecraft:cobbled_deepslate":448,"minecraft:calcite":7,"minecraft:melon_slice":40,"minecraft:sugar_cane":1,"minecraft:chest":1,"minecraft:birch_sapling":1,"minecraft:furnace":2,"minecraft:stick":15,"minecraft:raw_iron":399,"minecraft:torch":103,"sophisticatedbackpacks:backpack":3,"minecraft:porkchop":6,"minecraft:diorite":37,"minecraft:redstone":155,"minecraft:stone_sword":1,"minecraft:arrow":12,"minecraft:rotten_flesh":86,"minecraft:beetroot_seeds":17,"minecraft:mutton":5,"minecraft:cod":4,"minecraft:rail":158,"minecraft:cobblestone":230,"minecraft:birch_log":5,"minecraft:cooked_beef":3,"minecraft:lilac":1,"minecraft:glow_ink_sac":9,"minecraft:andesite":15,"minecraft:salmon":1,"minecraft:potato":67,"minecraft:filled_map":1,"minecraft:flint":1,"minecraft:tuff":67,"minecraft:oak_log":124,"minecraft:golden_boots":1,"minecraft:gunpowder":7,"minecraft:lapis_lazuli":155,"minecraft:dirt":45,"minecraft:leather_boots":1,"minecraft:bone":13,"minecraft:apple":3,"minecraft:kelp":2,"minecraft:bow":4,"minecraft:raw_gold":41,"minecraft:iron_ingot":16,"minecraft:cooked_chicken":6,"minecraft:powered_rail":3,"minecraft:iron_sword":1,"minecraft:oak_planks":1,"minecraft:smooth_basalt":3,"minecraft:poisonous_potato":1,"minecraft:spyglass":1,"minecraft:raw_iron_block":6,"minecraft:gravel":11,"minecraft:amethyst_shard":8,"minecraft:white_bed":1,"minecraft:spider_eye":8,"minecraft:pumpkin_seeds":8,"minecraft:slime_ball":2,"minecraft:diamond":28,"minecraft:granite":7,"minecraft:golden_apple":1,"minecraft:bread":1,"minecraft:baked_potato":3,"minecraft:oak_sapling":22,"minecraft:melon_seeds":8,"minecraft:coal":195,"minecraft:ender_pearl":1},"minecraft:mined":{"minecraft:large_amethyst_bud":2,"minecraft:tuff":75,"minecraft:white_bed":1,"minecraft:deepslate_diamond_ore":29,"minecraft:glow_lichen":1,"gravestone:gravestone":4,"minecraft:granite":7,"minecraft:grass_block":15,"minecraft:spawner":10,"minecraft:raw_iron_block":6,"minecraft:redstone_ore":5,"minecraft:furnace":2,"minecraft:iron_ore":133,"minecraft:cobbled_deepslate":14,"minecraft:fire":4,"minecraft:andesite":14,"minecraft:deepslate_lapis_ore":13,"minecraft:potatoes":9,"minecraft:deepslate_iron_ore":269,"minecraft:rail":150,"minecraft:stone":222,"sophisticatedbackpacks:backpack":1,"minecraft:deepslate_redstone_ore":30,"minecraft:kelp_plant":1,"minecraft:melon_stem":1,"minecraft:amethyst_cluster":2,"minecraft:crafting_table":6,"minecraft:torch":34,"minecraft:calcite":8,"minecraft:melon":3,"minecraft:chest":1,"minecraft:copper_ore":25,"minecraft:cobblestone":6,"minecraft:deepslate_gold_ore":39,"minecraft:lapis_ore":12,"minecraft:oak_planks":1,"minecraft:sugar_cane":1,"minecraft:diorite":38,"minecraft:wall_torch":34,"minecraft:amethyst_block":20,"minecraft:birch_log":5,"minecraft:lilac":1,"minecraft:grass":2,"minecraft:oak_log":122,"minecraft:coal_ore":179,"minecraft:beetroots":3,"minecraft:gravel":10,"minecraft:dirt":31,"minecraft:cobweb":201,"minecraft:smooth_basalt":3,"minecraft:gold_ore":4,"minecraft:oak_leaves":16,"minecraft:deepslate":488},"minecraft:broken":{"minecraft:stone_axe":1,"minecraft:iron_sword":1,"minecraft:iron_pickaxe":5},"minecraft:custom":{"minecraft:mob_kills":126,"minecraft:interact_with_crafting_table":80,"minecraft:leave_game":21,"minecraft:time_since_death":261325,"minecraft:climb_one_cm":32155,"minecraft:sprint_one_cm":847716,"minecraft:walk_one_cm":1348091,"minecraft:damage_blocked_by_shield":2055,"minecraft:drop":87,"minecraft:play_time":407613,"minecraft:deaths":5,"minecraft:sneak_time":45554,"minecraft:walk_under_water_one_cm":85235,"minecraft:jump":6078,"minecraft:interact_with_blast_furnace":1,"minecraft:walk_on_water_one_cm":150555,"minecraft:total_world_time":407613,"minecraft:interact_with_furnace":190,"minecraft:sleep_in_bed":4,"minecraft:time_since_rest":161560,"minecraft:damage_taken":6680,"minecraft:damage_absorbed":200,"minecraft:damage_dealt":22785,"minecraft:swim_one_cm":122597,"minecraft:fly_one_cm":641567,"minecraft:open_chest":225,"minecraft:crouch_one_cm":129237,"minecraft:interact_with_smoker":28,"minecraft:fall_one_cm":135022},"minecraft:dropped":{"minecraft:stone_hoe":1,"minecraft:iron_ingot":28,"minecraft:iron_sword":2,"minecraft:oak_log":19,"minecraft:baked_potato":4,"minecraft:diamond":4,"minecraft:poisonous_potato":1,"minecraft:cobblestone":2,"minecraft:chest_minecart":1,"minecraft:dirt":4,"minecraft:diorite":1,"minecraft:torch":5,"minecraft:coast_armor_trim_smithing_template":1,"gravestone:obituary":11,"minecraft:bone":2,"minecraft:gravel":7,"minecraft:spyglass":1,"minecraft:cobbled_deepslate":17,"minecraft:tuff":7,"minecraft:birch_sapling":1,"minecraft:rotten_flesh":21,"minecraft:oak_planks":2,"minecraft:pumpkin_seeds":4,"minecraft:filled_map":1,"minecraft:beetroot_seeds":10,"minecraft:oak_sapling":1,"minecraft:chest":1,"minecraft:wooden_pickaxe":1},"minecraft:crafted":{"minecraft:oak_planks":148,"minecraft:raw_iron":54,"minecraft:spyglass":1,"minecraft:cooked_chicken":1,"minecraft:furnace":5,"minecraft:bone_meal":9,"minecraft:cooked_mutton":5,"minecraft:flint_and_steel":1,"minecraft:bow":2,"minecraft:iron_boots":1,"minecraft:iron_axe":1,"minecraft:ladder":66,"minecraft:stone_pickaxe":1,"minecraft:chest":3,"minecraft:stone_hoe":1,"sophisticatedbackpacks:iron_backpack":1,"minecraft:cooked_cod":4,"minecraft:cooked_porkchop":5,"minecraft:crafting_table":1,"minecraft:iron_helmet":1,"minecraft:dried_kelp":2,"minecraft:wooden_pickaxe":1,"minecraft:baked_potato":38,"minecraft:iron_sword":5,"minecraft:cooked_salmon":1,"minecraft:copper_ingot":14,"minecraft:bucket":1,"minecraft:oak_wood":3,"minecraft:birch_planks":20,"minecraft:stone_axe":1,"minecraft:air":0,"minecraft:iron_chestplate":3,"minecraft:shield":1,"minecraft:stick":240,"minecraft:iron_ingot":414,"minecraft:iron_pickaxe":8,"minecraft:stone_sword":1,"minecraft:iron_leggings":1,"minecraft:gold_ingot":30,"minecraft:torch":288},"minecraft:killed":{"minecraft:cave_spider":11,"minecraft:spider":9,"minecraft:cod":4,"minecraft:slime":1,"minecraft:skeleton":17,"minecraft:chicken":1,"minecraft:pig":4,"minecraft:zombie_villager":2,"minecraft:salmon":1,"minecraft:bat":3,"minecraft:creeper":4,"minecraft:zombie":62,"minecraft:enderman":1},"minecraft:used":{"minecraft:beetroot":3,"minecraft:stone_sword":17,"minecraft:flint_and_steel":13,"minecraft:dried_kelp":2,"minecraft:ladder":51,"minecraft:chest":3,"minecraft:shield":30,"minecraft:iron_sword":637,"minecraft:cooked_salmon":1,"minecraft:cooked_chicken":7,"minecraft:stone_hoe":37,"minecraft:rotten_flesh":62,"minecraft:torch":428,"minecraft:spyglass":30,"minecraft:dirt":41,"minecraft:tuff":11,"minecraft:granite":7,"minecraft:melon_seeds":2,"minecraft:bow":2,"minecraft:oak_sapling":1,"minecraft:furnace":6,"minecraft:cooked_cod":4,"minecraft:beetroot_seeds":6,"minecraft:potato":26,"minecraft:cooked_beef":3,"minecraft:cobbled_deepslate":318,"minecraft:cooked_mutton":5,"minecraft:water_bucket":54,"minecraft:diorite":31,"minecraft:baked_potato":37,"minecraft:stone_pickaxe":74,"minecraft:oak_planks":5,"minecraft:ender_pearl":1,"minecraft:wooden_pickaxe":16,"minecraft:golden_apple":7,"minecraft:rail":1,"minecraft:crafting_table":7,"minecraft:spider_eye":1,"minecraft:white_bed":1,"sophisticatedbackpacks:backpack":1,"minecraft:apple":3,"minecraft:melon_slice":13,"minecraft:bread":3,"minecraft:iron_pickaxe":1743,"minecraft:gravel":2,"minecraft:stone_axe":150,"minecraft:cobblestone":186,"minecraft:cooked_porkchop":5,"minecraft:andesite":14,"minecraft:bucket":55,"minecraft:bone_meal":9}},"DataVersion":3465}