{"stats":{"minecraft:killed_by":{"minecraft:player":3,"minecraft:skeleton":2},"minecraft:picked_up":{"minecraft:crafting_table":6,"minecraft:chicken":1,"minecraft:chest_minecart":2,"minecraft:leather_leggings":1,"minecraft:wooden_pickaxe":1,"gravestone:obituary":6,"minecraft:amethyst_block":14,"minecraft:string":187,"minecraft:raw_copper":83,"minecraft:beetroot":5,"minecraft:cobbled_deepslate":325,"minecraft:calcite":7,"minecraft:melon_slice":33,"minecraft:sugar_cane":1,"minecraft:chest":1,"minecraft:birch_sapling":1,"minecraft:furnace":1,"minecraft:stick":15,"minecraft:raw_iron":381,"minecraft:torch":97,"sophisticatedbackpacks:backpack":3,"minecraft:porkchop":6,"minecraft:diorite":32,"minecraft:redstone":137,"minecraft:stone_sword":1,"minecraft:arrow":8,"minecraft:rotten_flesh":73,"minecraft:beetroot_seeds":17,"minecraft:mutton":5,"minecraft:cod":4,"minecraft:rail":150,"minecraft:cobblestone":227,"minecraft:birch_log":5,"minecraft:cooked_beef":3,"minecraft:lilac":1,"minecraft:glow_ink_sac":9,"minecraft:andesite":15,"minecraft:salmon":1,"minecraft:filled_map":1,"minecraft:potato":51,"minecraft:tuff":61,"minecraft:oak_log":124,"minecraft:golden_boots":1,"minecraft:gunpowder":5,"minecraft:lapis_lazuli":129,"minecraft:dirt":45,"minecraft:leather_boots":1,"minecraft:bone":12,"minecraft:apple":3,"minecraft:kelp":2,"minecraft:bow":4,"minecraft:raw_gold":33,"minecraft:iron_ingot":16,"minecraft:cooked_chicken":6,"minecraft:powered_rail":3,"minecraft:iron_sword":1,"minecraft:oak_planks":1,"minecraft:smooth_basalt":3,"minecraft:poisonous_potato":1,"minecraft:spyglass":1,"minecraft:raw_iron_block":6,"minecraft:gravel":9,"minecraft:amethyst_shard":8,"minecraft:white_bed":1,"minecraft:spider_eye":7,"minecraft:pumpkin_seeds":8,"minecraft:slime_ball":2,"minecraft:diamond":21,"minecraft:granite":7,"minecraft:golden_apple":1,"minecraft:bread":1,"minecraft:oak_sapling":22,"minecraft:melon_seeds":8,"minecraft:coal":195,"minecraft:ender_pearl":1},"minecraft:mined":{"minecraft:large_amethyst_bud":2,"minecraft:tuff":67,"minecraft:white_bed":1,"minecraft:deepslate_diamond_ore":21,"minecraft:glow_lichen":1,"gravestone:gravestone":4,"minecraft:granite":7,"minecraft:grass_block":15,"minecraft:spawner":9,"minecraft:raw_iron_block":6,"minecraft:redstone_ore":5,"minecraft:furnace":1,"minecraft:iron_ore":133,"minecraft:cobbled_deepslate":9,"minecraft:andesite":14,"minecraft:deepslate_lapis_ore":9,"minecraft:potatoes":4,"minecraft:deepslate_iron_ore":251,"minecraft:rail":140,"minecraft:stone":219,"sophisticatedbackpacks:backpack":1,"minecraft:deepslate_redstone_ore":25,"minecraft:kelp_plant":1,"minecraft:melon_stem":1,"minecraft:amethyst_cluster":2,"minecraft:crafting_table":5,"minecraft:torch":33,"minecraft:calcite":8,"minecraft:melon":2,"minecraft:chest":1,"minecraft:copper_ore":25,"minecraft:cobblestone":6,"minecraft:lapis_ore":12,"minecraft:deepslate_gold_ore":31,"minecraft:oak_planks":1,"minecraft:sugar_cane":1,"minecraft:diorite":33,"minecraft:wall_torch":30,"minecraft:amethyst_block":20,"minecraft:birch_log":5,"minecraft:lilac":1,"minecraft:grass":2,"minecraft:oak_log":122,"minecraft:coal_ore":179,"minecraft:beetroots":3,"minecraft:gravel":10,"minecraft:dirt":31,"minecraft:cobweb":185,"minecraft:smooth_basalt":3,"minecraft:gold_ore":4,"minecraft:oak_leaves":16,"minecraft:deepslate":342},"minecraft:broken":{"minecraft:stone_axe":1,"minecraft:iron_sword":1,"minecraft:iron_pickaxe":4},"minecraft:custom":{"minecraft:mob_kills":113,"minecraft:interact_with_crafting_table":78,"minecraft:leave_game":17,"minecraft:time_since_death":196938,"minecraft:climb_one_cm":32155,"minecraft:sprint_one_cm":708642,"minecraft:walk_one_cm":1090673,"minecraft:damage_blocked_by_shield":990,"minecraft:drop":79,"minecraft:play_time":343226,"minecraft:deaths":5,"minecraft:sneak_time":38128,"minecraft:walk_under_water_one_cm":78595,"minecraft:jump":4802,"minecraft:walk_on_water_one_cm":138665,"minecraft:total_world_time":343226,"minecraft:interact_with_furnace":170,"minecraft:sleep_in_bed":4,"minecraft:time_since_rest":97173,"minecraft:damage_taken":5805,"minecraft:damage_absorbed":200,"minecraft:damage_dealt":19816,"minecraft:swim_one_cm":121430,"minecraft:fly_one_cm":489681,"minecraft:open_chest":222,"minecraft:crouch_one_cm":108008,"minecraft:interact_with_smoker":21,"minecraft:fall_one_cm":99606},"minecraft:dropped":{"minecraft:stone_hoe":1,"minecraft:iron_ingot":25,"minecraft:iron_sword":2,"minecraft:oak_log":19,"minecraft:baked_potato":4,"minecraft:poisonous_potato":1,"minecraft:cobblestone":1,"minecraft:chest_minecart":1,"minecraft:dirt":4,"minecraft:diorite":1,"minecraft:torch":5,"minecraft:coast_armor_trim_smithing_template":1,"gravestone:obituary":11,"minecraft:bone":2,"minecraft:gravel":5,"minecraft:spyglass":1,"minecraft:cobbled_deepslate":17,"minecraft:tuff":7,"minecraft:birch_sapling":1,"minecraft:rotten_flesh":21,"minecraft:oak_planks":2,"minecraft:pumpkin_seeds":4,"minecraft:filled_map":1,"minecraft:beetroot_seeds":10,"minecraft:oak_sapling":1,"minecraft:chest":1,"minecraft:wooden_pickaxe":1},"minecraft:crafted":{"minecraft:oak_planks":148,"minecraft:raw_iron":54,"minecraft:spyglass":1,"minecraft:cooked_chicken":1,"minecraft:furnace":4,"minecraft:bone_meal":9,"minecraft:cooked_mutton":5,"minecraft:bow":2,"minecraft:iron_boots":1,"minecraft:iron_axe":1,"minecraft:ladder":66,"minecraft:stone_pickaxe":1,"minecraft:chest":3,"minecraft:stone_hoe":1,"sophisticatedbackpacks:iron_backpack":1,"minecraft:cooked_cod":4,"minecraft:cooked_porkchop":5,"minecraft:crafting_table":1,"minecraft:iron_helmet":1,"minecraft:dried_kelp":2,"minecraft:wooden_pickaxe":1,"minecraft:baked_potato":29,"minecraft:iron_sword":5,"minecraft:cooked_salmon":1,"minecraft:copper_ingot":14,"minecraft:bucket":1,"minecraft:oak_wood":3,"minecraft:birch_planks":20,"minecraft:stone_axe":1,"minecraft:air":0,"minecraft:iron_chestplate":3,"minecraft:shield":1,"minecraft:stick":240,"minecraft:iron_ingot":410,"minecraft:iron_pickaxe":8,"minecraft:stone_sword":1,"minecraft:iron_leggings":1,"minecraft:gold_ingot":23,"minecraft:torch":248},"minecraft:killed":{"minecraft:cave_spider":10,"minecraft:spider":9,"minecraft:cod":4,"minecraft:slime":1,"minecraft:skeleton":13,"minecraft:chicken":1,"minecraft:pig":4,"minecraft:zombie_villager":1,"minecraft:salmon":1,"minecraft:bat":3,"minecraft:creeper":4,"minecraft:zombie":56,"minecraft:enderman":1},"minecraft:used":{"minecraft:beetroot":3,"minecraft:stone_sword":17,"minecraft:dried_kelp":2,"minecraft:ladder":51,"minecraft:chest":3,"minecraft:shield":17,"minecraft:iron_sword":565,"minecraft:cooked_salmon":1,"minecraft:cooked_chicken":7,"minecraft:stone_hoe":37,"minecraft:rotten_flesh":42,"minecraft:torch":382,"minecraft:spyglass":11,"minecraft:dirt":41,"minecraft:tuff":11,"minecraft:granite":7,"minecraft:melon_seeds":2,"minecraft:oak_sapling":1,"minecraft:furnace":5,"minecraft:cooked_cod":4,"minecraft:beetroot_seeds":6,"minecraft:cooked_beef":3,"minecraft:potato":19,"minecraft:cobbled_deepslate":174,"minecraft:cooked_mutton":5,"minecraft:water_bucket":18,"minecraft:diorite":30,"minecraft:baked_potato":25,"minecraft:stone_pickaxe":74,"minecraft:oak_planks":5,"minecraft:ender_pearl":1,"minecraft:wooden_pickaxe":16,"minecraft:golden_apple":7,"minecraft:rail":1,"minecraft:crafting_table":6,"minecraft:spider_eye":1,"minecraft:white_bed":1,"sophisticatedbackpacks:backpack":1,"minecraft:apple":3,"minecraft:bread":3,"minecraft:melon_slice":6,"minecraft:iron_pickaxe":1518,"minecraft:gravel":2,"minecraft:stone_axe":150,"minecraft:cobblestone":186,"minecraft:cooked_porkchop":5,"minecraft:andesite":14,"minecraft:bucket":19}},"DataVersion":3465}