{"stats":{"minecraft:killed_by":{"minecraft:player":3,"minecraft:skeleton":2},"minecraft:picked_up":{"minecraft:crafting_table":6,"minecraft:chicken":1,"minecraft:chest_minecart":2,"minecraft:leather_leggings":1,"minecraft:wooden_pickaxe":1,"gravestone:obituary":6,"minecraft:amethyst_block":14,"minecraft:string":154,"minecraft:raw_copper":69,"minecraft:beetroot":2,"minecraft:cobbled_deepslate":137,"minecraft:calcite":7,"minecraft:melon_slice":27,"minecraft:sugar_cane":1,"minecraft:chest":1,"minecraft:birch_sapling":1,"minecraft:furnace":1,"minecraft:stick":15,"minecraft:raw_iron":150,"minecraft:torch":77,"sophisticatedbackpacks:backpack":3,"minecraft:porkchop":6,"minecraft:diorite":12,"minecraft:redstone":33,"minecraft:stone_sword":1,"minecraft:arrow":5,"minecraft:rotten_flesh":55,"minecraft:beetroot_seeds":12,"minecraft:mutton":5,"minecraft:cod":4,"minecraft:rail":137,"minecraft:cobblestone":164,"minecraft:birch_log":5,"minecraft:cooked_beef":3,"minecraft:lilac":1,"minecraft:glow_ink_sac":9,"minecraft:andesite":14,"minecraft:salmon":1,"minecraft:potato":21,"minecraft:tuff":18,"minecraft:oak_log":124,"minecraft:gunpowder":5,"minecraft:lapis_lazuli":68,"minecraft:dirt":44,"minecraft:leather_boots":1,"minecraft:bone":6,"minecraft:apple":3,"minecraft:kelp":2,"minecraft:bow":1,"minecraft:raw_gold":11,"minecraft:iron_ingot":16,"minecraft:cooked_chicken":6,"minecraft:powered_rail":3,"minecraft:oak_planks":1,"minecraft:smooth_basalt":3,"minecraft:gravel":5,"minecraft:amethyst_shard":8,"minecraft:white_bed":1,"minecraft:spider_eye":7,"minecraft:pumpkin_seeds":8,"minecraft:diamond":2,"minecraft:granite":1,"minecraft:golden_apple":1,"minecraft:bread":1,"minecraft:oak_sapling":22,"minecraft:melon_seeds":8,"minecraft:coal":137,"minecraft:ender_pearl":1},"minecraft:mined":{"minecraft:large_amethyst_bud":2,"minecraft:tuff":22,"minecraft:white_bed":1,"minecraft:deepslate_diamond_ore":2,"gravestone:gravestone":4,"minecraft:granite":1,"minecraft:grass_block":14,"minecraft:spawner":8,"minecraft:furnace":1,"minecraft:iron_ore":75,"minecraft:cobbled_deepslate":5,"minecraft:andesite":13,"minecraft:deepslate_lapis_ore":7,"minecraft:potatoes":1,"minecraft:deepslate_iron_ore":76,"minecraft:rail":127,"minecraft:stone":154,"sophisticatedbackpacks:backpack":1,"minecraft:deepslate_redstone_ore":7,"minecraft:kelp_plant":1,"minecraft:amethyst_cluster":2,"minecraft:crafting_table":5,"minecraft:torch":24,"minecraft:calcite":8,"minecraft:chest":1,"minecraft:copper_ore":20,"minecraft:cobblestone":3,"minecraft:lapis_ore":4,"minecraft:deepslate_gold_ore":13,"minecraft:sugar_cane":1,"minecraft:oak_planks":1,"minecraft:diorite":13,"minecraft:wall_torch":21,"minecraft:amethyst_block":20,"minecraft:birch_log":5,"minecraft:lilac":1,"minecraft:grass":2,"minecraft:oak_log":122,"minecraft:coal_ore":121,"minecraft:beetroots":1,"minecraft:gravel":6,"minecraft:dirt":30,"minecraft:cobweb":149,"minecraft:smooth_basalt":3,"minecraft:oak_leaves":16,"minecraft:deepslate":133},"minecraft:broken":{"minecraft:stone_axe":1,"minecraft:iron_sword":1,"minecraft:iron_pickaxe":1},"minecraft:custom":{"minecraft:mob_kills":81,"minecraft:interact_with_crafting_table":49,"minecraft:leave_game":9,"minecraft:time_since_death":47662,"minecraft:sprint_one_cm":492477,"minecraft:walk_one_cm":692527,"minecraft:drop":54,"minecraft:play_time":193950,"minecraft:deaths":5,"minecraft:sneak_time":20517,"minecraft:walk_under_water_one_cm":48158,"minecraft:jump":2740,"minecraft:walk_on_water_one_cm":79332,"minecraft:total_world_time":193950,"minecraft:interact_with_furnace":79,"minecraft:time_since_rest":47776,"minecraft:damage_taken":4523,"minecraft:damage_absorbed":200,"minecraft:damage_dealt":13750,"minecraft:swim_one_cm":77229,"minecraft:fly_one_cm":298677,"minecraft:open_chest":111,"minecraft:crouch_one_cm":64372,"minecraft:fall_one_cm":60386},"minecraft:dropped":{"minecraft:iron_ingot":9,"minecraft:iron_sword":1,"minecraft:oak_log":19,"minecraft:baked_potato":4,"minecraft:cobblestone":1,"minecraft:chest_minecart":1,"minecraft:diorite":1,"minecraft:torch":5,"minecraft:coast_armor_trim_smithing_template":1,"gravestone:obituary":11,"minecraft:bone":2,"minecraft:gravel":1,"minecraft:cobbled_deepslate":2,"minecraft:tuff":7,"minecraft:birch_sapling":1,"minecraft:rotten_flesh":20,"minecraft:oak_planks":2,"minecraft:pumpkin_seeds":4,"minecraft:beetroot_seeds":10,"minecraft:chest":1,"minecraft:oak_sapling":1,"minecraft:wooden_pickaxe":1},"minecraft:crafted":{"minecraft:oak_planks":92,"minecraft:cooked_chicken":1,"minecraft:furnace":4,"minecraft:cooked_mutton":5,"minecraft:iron_boots":1,"minecraft:stone_pickaxe":1,"minecraft:chest":3,"minecraft:stone_hoe":1,"minecraft:cooked_cod":4,"minecraft:cooked_porkchop":5,"minecraft:crafting_table":1,"minecraft:iron_helmet":1,"minecraft:dried_kelp":2,"minecraft:wooden_pickaxe":1,"minecraft:baked_potato":8,"minecraft:iron_sword":3,"minecraft:cooked_salmon":1,"minecraft:oak_wood":3,"minecraft:birch_planks":20,"minecraft:stone_axe":1,"minecraft:air":0,"minecraft:iron_chestplate":3,"minecraft:stick":60,"minecraft:iron_ingot":132,"minecraft:iron_pickaxe":4,"minecraft:stone_sword":1,"minecraft:iron_leggings":1,"minecraft:gold_ingot":10,"minecraft:torch":144},"minecraft:killed":{"minecraft:cave_spider":10,"minecraft:spider":7,"minecraft:cod":4,"minecraft:skeleton":6,"minecraft:chicken":1,"minecraft:pig":4,"minecraft:zombie_villager":1,"minecraft:salmon":1,"minecraft:bat":2,"minecraft:creeper":4,"minecraft:zombie":36,"minecraft:enderman":1},"minecraft:used":{"minecraft:beetroot":2,"minecraft:stone_sword":17,"minecraft:dried_kelp":2,"minecraft:chest":2,"minecraft:iron_sword":416,"minecraft:cooked_salmon":1,"minecraft:cooked_chicken":7,"minecraft:stone_hoe":24,"minecraft:rotten_flesh":35,"minecraft:torch":236,"minecraft:dirt":23,"minecraft:tuff":11,"minecraft:granite":1,"minecraft:melon_seeds":2,"minecraft:oak_sapling":1,"minecraft:furnace":5,"minecraft:cooked_cod":4,"minecraft:beetroot_seeds":4,"minecraft:cooked_beef":3,"minecraft:potato":13,"minecraft:cobbled_deepslate":99,"minecraft:cooked_mutton":2,"minecraft:diorite":9,"minecraft:stone_pickaxe":74,"minecraft:baked_potato":4,"minecraft:ender_pearl":1,"minecraft:wooden_pickaxe":16,"minecraft:golden_apple":7,"minecraft:rail":1,"minecraft:crafting_table":6,"minecraft:spider_eye":1,"minecraft:white_bed":1,"sophisticatedbackpacks:backpack":1,"minecraft:apple":3,"minecraft:bread":3,"minecraft:melon_slice":1,"minecraft:iron_pickaxe":767,"minecraft:gravel":2,"minecraft:stone_axe":150,"minecraft:cobblestone":122,"minecraft:cooked_porkchop":5,"minecraft:andesite":14}},"DataVersion":3465}