{"stats":{"minecraft:killed_by":{"minecraft:player":4,"minecraft:skeleton":2},"minecraft:picked_up":{"minecraft:iron_chestplate":2,"minecraft:crafting_table":8,"minecraft:wheat":1,"minecraft:chicken":1,"minecraft:chest_minecart":2,"minecraft:leather_leggings":1,"minecraft:lead":1,"minecraft:wooden_pickaxe":1,"gravestone:obituary":6,"minecraft:shield":1,"minecraft:amethyst_block":14,"minecraft:string":205,"minecraft:cooked_salmon":1,"minecraft:raw_copper":83,"minecraft:iron_leggings":2,"minecraft:compass":1,"minecraft:beetroot":5,"minecraft:gold_nugget":3,"minecraft:cobbled_deepslate":490,"minecraft:beef":15,"minecraft:oak_boat":1,"minecraft:calcite":7,"minecraft:melon_slice":45,"minecraft:sugar_cane":1,"minecraft:chest":7,"minecraft:birch_sapling":1,"minecraft:iron_boots":1,"minecraft:furnace":6,"minecraft:egg":2,"minecraft:stick":21,"minecraft:raw_iron":405,"minecraft:sandstone":17,"minecraft:stone":15,"minecraft:torch":114,"sophisticatedbackpacks:backpack":3,"minecraft:porkchop":22,"minecraft:diorite":60,"minecraft:redstone":160,"minecraft:bamboo_block":1,"minecraft:stone_sword":1,"minecraft:arrow":17,"minecraft:rotten_flesh":103,"minecraft:beetroot_seeds":21,"securitycraft:reinforced_cobbled_deepslate":1,"minecraft:glow_berries":8,"minecraft:mutton":8,"minecraft:cod":6,"minecraft:rail":158,"minecraft:cobblestone":308,"minecraft:birch_log":5,"minecraft:cooked_beef":3,"minecraft:lilac":2,"minecraft:glow_ink_sac":11,"minecraft:andesite":24,"minecraft:salmon":1,"minecraft:leather":10,"minecraft:potato":119,"minecraft:filled_map":1,"minecraft:flint":1,"minecraft:tuff":67,"minecraft:oak_log":145,"minecraft:golden_boots":1,"minecraft:gunpowder":7,"minecraft:lapis_lazuli":174,"minecraft:dirt":45,"minecraft:leather_boots":1,"minecraft:bone":20,"minecraft:apple":4,"minecraft:kelp":2,"minecraft:bow":4,"minecraft:raw_gold":43,"minecraft:iron_ore":1,"minecraft:iron_ingot":61,"minecraft:cooked_chicken":8,"minecraft:bamboo":28,"minecraft:powered_rail":3,"minecraft:iron_sword":3,"minecraft:oak_planks":6,"minecraft:smooth_basalt":3,"minecraft:cooked_porkchop":2,"minecraft:spyglass":1,"minecraft:raw_iron_block":6,"minecraft:poisonous_potato":1,"minecraft:gravel":13,"minecraft:amethyst_shard":8,"sophisticatedbackpacks:iron_backpack":1,"minecraft:white_bed":3,"securitycraft:reinforced_stone":2,"minecraft:spider_eye":8,"minecraft:pumpkin_seeds":8,"minecraft:slime_ball":3,"minecraft:diamond":29,"minecraft:iron_helmet":1,"minecraft:granite":7,"minecraft:golden_apple":2,"minecraft:bread":1,"minecraft:baked_potato":3,"minecraft:oak_sapling":29,"minecraft:melon_seeds":8,"minecraft:coal":238,"minecraft:ender_pearl":1},"minecraft:mined":{"minecraft:large_amethyst_bud":2,"minecraft:tuff":75,"minecraft:white_bed":3,"minecraft:deepslate_diamond_ore":30,"minecraft:glow_lichen":1,"minecraft:granite":7,"gravestone:gravestone":6,"minecraft:grass_block":15,"sophisticatedbackpacks:iron_backpack":1,"minecraft:sandstone":17,"minecraft:spawner":10,"minecraft:raw_iron_block":6,"minecraft:redstone_ore":5,"minecraft:furnace":6,"minecraft:iron_ore":137,"minecraft:fire":11,"minecraft:cobbled_deepslate":16,"minecraft:andesite":22,"minecraft:deepslate_lapis_ore":16,"minecraft:potatoes":23,"minecraft:deepslate_iron_ore":271,"minecraft:rail":150,"minecraft:bamboo":4,"minecraft:stone":278,"sophisticatedbackpacks:backpack":1,"minecraft:deepslate_redstone_ore":30,"minecraft:kelp_plant":1,"minecraft:melon_stem":1,"minecraft:amethyst_cluster":2,"minecraft:crafting_table":7,"minecraft:torch":45,"minecraft:blast_furnace":1,"minecraft:melon":4,"minecraft:calcite":8,"minecraft:chest":6,"minecraft:copper_ore":25,"minecraft:cobblestone":9,"minecraft:deepslate_gold_ore":41,"minecraft:lapis_ore":12,"minecraft:oak_planks":1,"minecraft:sugar_cane":1,"minecraft:wall_torch":34,"minecraft:diorite":56,"minecraft:amethyst_block":20,"minecraft:birch_log":5,"minecraft:lilac":2,"minecraft:grass":3,"minecraft:coal_ore":222,"minecraft:oak_log":143,"minecraft:beetroots":3,"minecraft:gravel":10,"minecraft:dirt":31,"minecraft:sand":4,"minecraft:cobweb":201,"minecraft:smooth_basalt":3,"minecraft:gold_ore":4,"minecraft:oak_leaves":18,"minecraft:deepslate":530},"minecraft:broken":{"minecraft:stone_axe":1,"minecraft:iron_sword":2,"minecraft:iron_pickaxe":6},"minecraft:custom":{"minecraft:mob_kills":159,"minecraft:interact_with_crafting_table":90,"minecraft:leave_game":24,"minecraft:time_since_death":27094,"minecraft:climb_one_cm":41906,"minecraft:sprint_one_cm":934930,"minecraft:walk_one_cm":1516566,"minecraft:damage_blocked_by_shield":2865,"minecraft:drop":182,"minecraft:talked_to_villager":1,"minecraft:play_time":490508,"minecraft:deaths":6,"minecraft:sneak_time":48460,"minecraft:walk_under_water_one_cm":98668,"minecraft:boat_one_cm":146275,"minecraft:jump":7071,"minecraft:interact_with_blast_furnace":5,"minecraft:walk_on_water_one_cm":165290,"minecraft:total_world_time":490508,"minecraft:interact_with_furnace":217,"minecraft:sleep_in_bed":6,"minecraft:time_since_rest":12357,"minecraft:damage_taken":7497,"minecraft:damage_absorbed":200,"minecraft:damage_dealt":27380,"minecraft:swim_one_cm":155725,"minecraft:fly_one_cm":746560,"minecraft:open_chest":245,"minecraft:crouch_one_cm":135675,"minecraft:interact_with_smoker":39,"minecraft:fall_one_cm":159151},"minecraft:dropped":{"minecraft:stone_hoe":2,"minecraft:iron_ingot":176,"minecraft:iron_sword":4,"minecraft:lapis_lazuli":65,"minecraft:oak_log":19,"minecraft:baked_potato":4,"minecraft:diamond":15,"minecraft:poisonous_potato":1,"minecraft:iron_helmet":1,"minecraft:cobblestone":61,"minecraft:glow_berries":10,"minecraft:leather":7,"minecraft:chest_minecart":1,"minecraft:rail":26,"minecraft:coal":14,"minecraft:music_disc_13":2,"minecraft:dirt":24,"minecraft:diorite":21,"minecraft:torch":16,"minecraft:mutton":2,"minecraft:melon_slice":4,"minecraft:coast_armor_trim_smithing_template":1,"minecraft:cooked_salmon":1,"minecraft:iron_leggings":1,"gravestone:obituary":12,"minecraft:gold_nugget":3,"minecraft:bone_meal":9,"minecraft:iron_axe":1,"minecraft:string":77,"minecraft:redstone":5,"minecraft:smooth_basalt":3,"minecraft:bone":11,"securitycraft:reinforced_stone":1,"minecraft:gravel":13,"minecraft:spyglass":1,"minecraft:stone_sword":1,"minecraft:cobbled_deepslate":171,"minecraft:raw_copper":5,"minecraft:tuff":7,"minecraft:wheat":1,"minecraft:birch_sapling":1,"minecraft:raw_iron":7,"minecraft:rotten_flesh":34,"minecraft:oak_planks":3,"minecraft:iron_boots":1,"easy_hammers:iron_hammer":1,"minecraft:pumpkin_seeds":4,"minecraft:flint_and_steel":1,"minecraft:filled_map":3,"minecraft:poppy":3,"minecraft:stone":10,"minecraft:shield":1,"minecraft:gunpowder":4,"minecraft:iron_chestplate":1,"minecraft:andesite":10,"minecraft:beetroot_seeds":14,"securitycraft:reinforced_cobbled_deepslate":1,"minecraft:oak_sapling":1,"minecraft:chest":1,"minecraft:sandstone":17,"minecraft:stone_pickaxe":1,"minecraft:arrow":14,"minecraft:beef":1,"minecraft:wooden_pickaxe":1,"minecraft:raw_gold":21,"minecraft:calcite":7},"minecraft:crafted":{"minecraft:oak_planks":156,"minecraft:raw_iron":54,"minecraft:spyglass":1,"minecraft:cooked_chicken":1,"minecraft:furnace":5,"minecraft:bone_meal":27,"minecraft:cooked_mutton":5,"minecraft:flint_and_steel":1,"minecraft:bow":2,"minecraft:iron_boots":1,"minecraft:iron_axe":1,"minecraft:ladder":66,"minecraft:stone_pickaxe":1,"minecraft:chest":3,"minecraft:stone_hoe":1,"sophisticatedbackpacks:iron_backpack":2,"minecraft:cooked_beef":9,"minecraft:cooked_cod":4,"minecraft:cooked_porkchop":5,"minecraft:crafting_table":1,"minecraft:iron_helmet":1,"minecraft:dried_kelp":2,"minecraft:wooden_pickaxe":1,"minecraft:baked_potato":58,"minecraft:iron_sword":5,"minecraft:cooked_salmon":1,"minecraft:copper_ingot":14,"minecraft:bucket":1,"minecraft:oak_wood":3,"minecraft:birch_planks":20,"minecraft:stone_axe":1,"minecraft:air":0,"minecraft:oak_boat":1,"minecraft:iron_chestplate":3,"minecraft:diamond_pickaxe":1,"minecraft:shield":1,"minecraft:stick":248,"minecraft:iron_ingot":414,"minecraft:iron_pickaxe":9,"minecraft:stone_sword":1,"minecraft:iron_leggings":1,"minecraft:gold_ingot":30,"minecraft:torch":352},"minecraft:killed":{"minecraft:cave_spider":11,"minecraft:spider":10,"minecraft:cod":6,"minecraft:slime":2,"minecraft:skeleton":20,"minecraft:chicken":1,"minecraft:pig":11,"minecraft:zombie_villager":3,"minecraft:salmon":1,"minecraft:bat":3,"minecraft:wandering_trader":1,"minecraft:creeper":4,"minecraft:sheep":2,"minecraft:trader_llama":1,"minecraft:zombie":67,"minecraft:enderman":1,"minecraft:cow":8},"minecraft:used":{"minecraft:beetroot":3,"minecraft:stone_sword":17,"sophisticatedbackpacks:iron_backpack":1,"minecraft:flint_and_steel":22,"minecraft:dried_kelp":2,"minecraft:ladder":51,"minecraft:chest":3,"minecraft:shield":42,"minecraft:iron_sword":739,"minecraft:cooked_salmon":1,"minecraft:cooked_chicken":9,"minecraft:rotten_flesh":67,"minecraft:stone_hoe":37,"minecraft:torch":444,"minecraft:spyglass":30,"minecraft:dirt":41,"minecraft:mutton":1,"minecraft:tuff":11,"minecraft:granite":7,"minecraft:iron_axe":36,"minecraft:melon_seeds":2,"minecraft:bow":5,"minecraft:oak_sapling":1,"minecraft:furnace":7,"minecraft:cooked_cod":4,"minecraft:beetroot_seeds":6,"minecraft:egg":2,"minecraft:potato":56,"minecraft:cooked_beef":3,"minecraft:cobbled_deepslate":467,"minecraft:cooked_mutton":5,"minecraft:water_bucket":64,"minecraft:diorite":31,"minecraft:baked_potato":46,"minecraft:stone_pickaxe":74,"minecraft:oak_planks":5,"minecraft:ender_pearl":1,"minecraft:wooden_pickaxe":16,"minecraft:glow_berries":1,"minecraft:golden_apple":7,"minecraft:rail":1,"minecraft:crafting_table":7,"minecraft:spider_eye":1,"minecraft:white_bed":2,"sophisticatedbackpacks:backpack":1,"minecraft:diamond_pickaxe":1,"minecraft:apple":3,"minecraft:melon_slice":14,"minecraft:bread":3,"minecraft:iron_pickaxe":1953,"minecraft:gravel":2,"minecraft:stone_axe":150,"minecraft:cobblestone":186,"minecraft:cooked_porkchop":6,"minecraft:andesite":14,"minecraft:bucket":65,"minecraft:oak_boat":1,"minecraft:bone_meal":13}},"DataVersion":3465}