{"stats":{"minecraft:killed_by":{"minecraft:player":3,"minecraft:skeleton":2},"minecraft:picked_up":{"minecraft:crafting_table":6,"minecraft:chicken":1,"minecraft:chest_minecart":2,"minecraft:leather_leggings":1,"minecraft:wooden_pickaxe":1,"gravestone:obituary":6,"minecraft:amethyst_block":14,"minecraft:string":162,"minecraft:raw_copper":69,"minecraft:beetroot":3,"minecraft:cobbled_deepslate":138,"minecraft:calcite":7,"minecraft:melon_slice":27,"minecraft:sugar_cane":1,"minecraft:chest":1,"minecraft:birch_sapling":1,"minecraft:furnace":1,"minecraft:stick":15,"minecraft:raw_iron":150,"minecraft:torch":80,"sophisticatedbackpacks:backpack":3,"minecraft:porkchop":6,"minecraft:diorite":14,"minecraft:redstone":33,"minecraft:stone_sword":1,"minecraft:arrow":5,"minecraft:rotten_flesh":55,"minecraft:beetroot_seeds":14,"minecraft:mutton":5,"minecraft:cod":4,"minecraft:rail":137,"minecraft:cobblestone":164,"minecraft:birch_log":5,"minecraft:cooked_beef":3,"minecraft:lilac":1,"minecraft:glow_ink_sac":9,"minecraft:andesite":15,"minecraft:salmon":1,"minecraft:potato":22,"minecraft:tuff":18,"minecraft:oak_log":124,"minecraft:gunpowder":5,"minecraft:lapis_lazuli":68,"minecraft:dirt":44,"minecraft:leather_boots":1,"minecraft:bone":6,"minecraft:apple":3,"minecraft:kelp":2,"minecraft:bow":1,"minecraft:raw_gold":11,"minecraft:iron_ingot":16,"minecraft:cooked_chicken":6,"minecraft:powered_rail":3,"minecraft:oak_planks":1,"minecraft:smooth_basalt":3,"minecraft:gravel":5,"minecraft:amethyst_shard":8,"minecraft:white_bed":1,"minecraft:spider_eye":7,"minecraft:pumpkin_seeds":8,"minecraft:diamond":2,"minecraft:granite":1,"minecraft:golden_apple":1,"minecraft:bread":1,"minecraft:oak_sapling":22,"minecraft:melon_seeds":8,"minecraft:coal":137,"minecraft:ender_pearl":1},"minecraft:mined":{"minecraft:large_amethyst_bud":2,"minecraft:tuff":22,"minecraft:white_bed":1,"minecraft:deepslate_diamond_ore":2,"gravestone:gravestone":4,"minecraft:granite":1,"minecraft:grass_block":14,"minecraft:spawner":8,"minecraft:furnace":1,"minecraft:iron_ore":75,"minecraft:cobbled_deepslate":5,"minecraft:andesite":14,"minecraft:deepslate_lapis_ore":7,"minecraft:potatoes":2,"minecraft:deepslate_iron_ore":76,"minecraft:rail":127,"minecraft:stone":154,"sophisticatedbackpacks:backpack":1,"minecraft:deepslate_redstone_ore":7,"minecraft:melon_stem":1,"minecraft:kelp_plant":1,"minecraft:amethyst_cluster":2,"minecraft:crafting_table":5,"minecraft:torch":24,"minecraft:calcite":8,"minecraft:chest":1,"minecraft:copper_ore":20,"minecraft:cobblestone":3,"minecraft:lapis_ore":4,"minecraft:deepslate_gold_ore":13,"minecraft:sugar_cane":1,"minecraft:oak_planks":1,"minecraft:diorite":15,"minecraft:wall_torch":24,"minecraft:amethyst_block":20,"minecraft:birch_log":5,"minecraft:lilac":1,"minecraft:grass":2,"minecraft:oak_log":122,"minecraft:coal_ore":121,"minecraft:beetroots":1,"minecraft:gravel":6,"minecraft:dirt":30,"minecraft:cobweb":161,"minecraft:smooth_basalt":3,"minecraft:oak_leaves":16,"minecraft:deepslate":134},"minecraft:broken":{"minecraft:stone_axe":1,"minecraft:iron_sword":1,"minecraft:iron_pickaxe":2},"minecraft:custom":{"minecraft:mob_kills":82,"minecraft:interact_with_crafting_table":53,"minecraft:leave_game":10,"minecraft:time_since_death":58525,"minecraft:sprint_one_cm":510938,"minecraft:walk_one_cm":721504,"minecraft:drop":54,"minecraft:play_time":204813,"minecraft:deaths":5,"minecraft:sneak_time":20950,"minecraft:walk_under_water_one_cm":50941,"minecraft:jump":2933,"minecraft:walk_on_water_one_cm":81237,"minecraft:total_world_time":204813,"minecraft:interact_with_furnace":87,"minecraft:sleep_in_bed":1,"minecraft:time_since_rest":3742,"minecraft:damage_taken":4523,"minecraft:damage_absorbed":200,"minecraft:damage_dealt":13950,"minecraft:swim_one_cm":77229,"minecraft:fly_one_cm":313852,"minecraft:open_chest":120,"minecraft:crouch_one_cm":64928,"minecraft:interact_with_smoker":2,"minecraft:fall_one_cm":62772},"minecraft:dropped":{"minecraft:iron_ingot":9,"minecraft:iron_sword":1,"minecraft:oak_log":19,"minecraft:baked_potato":4,"minecraft:cobblestone":1,"minecraft:chest_minecart":1,"minecraft:diorite":1,"minecraft:torch":5,"minecraft:coast_armor_trim_smithing_template":1,"gravestone:obituary":11,"minecraft:bone":2,"minecraft:gravel":1,"minecraft:cobbled_deepslate":2,"minecraft:tuff":7,"minecraft:birch_sapling":1,"minecraft:rotten_flesh":20,"minecraft:oak_planks":2,"minecraft:pumpkin_seeds":4,"minecraft:beetroot_seeds":10,"minecraft:chest":1,"minecraft:oak_sapling":1,"minecraft:wooden_pickaxe":1},"minecraft:crafted":{"minecraft:oak_planks":92,"minecraft:cooked_chicken":1,"minecraft:furnace":4,"minecraft:cooked_mutton":5,"minecraft:iron_boots":1,"minecraft:stone_pickaxe":1,"minecraft:chest":3,"minecraft:stone_hoe":1,"minecraft:cooked_cod":4,"minecraft:cooked_porkchop":5,"minecraft:crafting_table":1,"minecraft:iron_helmet":1,"minecraft:dried_kelp":2,"minecraft:wooden_pickaxe":1,"minecraft:baked_potato":10,"minecraft:iron_sword":4,"minecraft:cooked_salmon":1,"minecraft:oak_wood":3,"minecraft:birch_planks":20,"minecraft:stone_axe":1,"minecraft:air":0,"minecraft:iron_chestplate":3,"minecraft:stick":60,"minecraft:iron_ingot":135,"minecraft:iron_pickaxe":5,"minecraft:stone_sword":1,"minecraft:iron_leggings":1,"minecraft:gold_ingot":10,"minecraft:torch":164},"minecraft:killed":{"minecraft:cave_spider":10,"minecraft:spider":7,"minecraft:cod":4,"minecraft:skeleton":6,"minecraft:chicken":1,"minecraft:pig":4,"minecraft:zombie_villager":1,"minecraft:salmon":1,"minecraft:bat":2,"minecraft:creeper":4,"minecraft:zombie":37,"minecraft:enderman":1},"minecraft:used":{"minecraft:beetroot":2,"minecraft:stone_sword":17,"minecraft:dried_kelp":2,"minecraft:chest":2,"minecraft:iron_sword":432,"minecraft:cooked_salmon":1,"minecraft:cooked_chicken":7,"minecraft:stone_hoe":29,"minecraft:rotten_flesh":35,"minecraft:torch":244,"minecraft:dirt":23,"minecraft:tuff":11,"minecraft:granite":1,"minecraft:melon_seeds":2,"minecraft:oak_sapling":1,"minecraft:furnace":5,"minecraft:cooked_cod":4,"minecraft:beetroot_seeds":4,"minecraft:cooked_beef":3,"minecraft:potato":14,"minecraft:cobbled_deepslate":116,"minecraft:cooked_mutton":3,"minecraft:diorite":12,"minecraft:oak_planks":4,"minecraft:stone_pickaxe":74,"minecraft:baked_potato":5,"minecraft:ender_pearl":1,"minecraft:wooden_pickaxe":16,"minecraft:golden_apple":7,"minecraft:rail":1,"minecraft:crafting_table":6,"minecraft:spider_eye":1,"minecraft:white_bed":1,"sophisticatedbackpacks:backpack":1,"minecraft:apple":3,"minecraft:bread":3,"minecraft:melon_slice":1,"minecraft:iron_pickaxe":771,"minecraft:gravel":2,"minecraft:stone_axe":150,"minecraft:cobblestone":122,"minecraft:cooked_porkchop":5,"minecraft:andesite":14}},"DataVersion":3465}