{"stats":{"minecraft:picked_up":{"minecraft:crafting_table":6,"minecraft:wheat":7,"minecraft:chicken":3,"minecraft:clay_ball":24,"minecraft:amethyst_block":3,"minecraft:string":2,"minecraft:raw_copper":13,"minecraft:cobbled_deepslate":25,"minecraft:calcite":5,"minecraft:poppy":10,"minecraft:iron_pickaxe":1,"minecraft:melon_slice":4,"minecraft:sugar_cane":5,"minecraft:chest":1,"minecraft:birch_sapling":4,"minecraft:furnace":2,"minecraft:stick":38,"minecraft:raw_iron":69,"minecraft:oak_fence":1,"minecraft:torch":29,"minecraft:porkchop":29,"minecraft:diorite":1,"minecraft:redstone":48,"minecraft:arrow":11,"minecraft:rotten_flesh":19,"minecraft:mutton":8,"minecraft:rail":5,"minecraft:white_wool":6,"minecraft:cobblestone":150,"minecraft:birch_log":17,"minecraft:feather":1,"minecraft:lilac":4,"minecraft:andesite":2,"minecraft:salmon":5,"minecraft:filled_map":1,"minecraft:flint":2,"minecraft:tuff":10,"minecraft:oak_log":170,"minecraft:lapis_lazuli":87,"minecraft:dirt":140,"minecraft:bone":9,"minecraft:apple":10,"minecraft:bow":1,"minecraft:wheat_seeds":35,"minecraft:raw_gold":5,"minecraft:stone_pickaxe":1,"minecraft:oak_planks":11,"minecraft:oak_slab":5,"minecraft:smooth_basalt":2,"minecraft:yellow_concrete":8,"minecraft:dandelion":5,"minecraft:raw_iron_block":1,"minecraft:gravel":11,"minecraft:sand":25,"minecraft:amethyst_shard":28,"minecraft:slime_ball":9,"minecraft:granite":22,"minecraft:oak_sapling":62,"minecraft:red_concrete":8,"minecraft:coal":49},"minecraft:mined":{"minecraft:large_amethyst_bud":1,"minecraft:tuff":10,"gravestone:gravestone":2,"minecraft:granite":22,"minecraft:grass_block":111,"minecraft:raw_iron_block":1,"minecraft:furnace":2,"minecraft:iron_ore":9,"minecraft:deepslate_lapis_ore":13,"minecraft:deepslate_iron_ore":63,"minecraft:dirt_path":1,"minecraft:rail":5,"minecraft:stone":116,"minecraft:deepslate_redstone_ore":11,"minecraft:oak_slab":3,"minecraft:lily_of_the_valley":1,"minecraft:amethyst_cluster":7,"minecraft:dandelion":5,"minecraft:oak_fence":1,"minecraft:clay":6,"minecraft:crafting_table":6,"minecraft:torch":7,"minecraft:calcite":5,"minecraft:poppy":11,"minecraft:melon":1,"minecraft:copper_ore":4,"minecraft:cobblestone":4,"minecraft:deepslate_gold_ore":5,"minecraft:red_concrete":8,"minecraft:sugar_cane":2,"minecraft:oak_planks":9,"minecraft:wall_torch":1,"minecraft:amethyst_block":3,"minecraft:birch_log":18,"minecraft:wheat":7,"minecraft:lilac":4,"minecraft:birch_leaves":1,"minecraft:grass":114,"minecraft:oak_log":176,"minecraft:coal_ore":47,"minecraft:gravel":13,"minecraft:sand":26,"minecraft:yellow_concrete":8,"minecraft:dirt":34,"minecraft:smooth_basalt":2,"minecraft:oak_leaves":12,"minecraft:deepslate":27},"minecraft:broken":{"minecraft:wooden_axe":1},"minecraft:dropped":{"minecraft:lilac":4,"minecraft:crafting_table":1,"minecraft:yellow_concrete":4,"minecraft:feather":1,"minecraft:cobblestone":3,"minecraft:birch_fence":9,"minecraft:wooden_axe":2,"gravestone:obituary":1,"minecraft:sand":3,"minecraft:iron_pickaxe":1,"minecraft:stone_sword":1,"minecraft:birch_sapling":1,"minecraft:oak_planks":3,"minecraft:filled_map":2,"minecraft:oak_sapling":18,"minecraft:wooden_pickaxe":1,"minecraft:stone_pickaxe":2},"minecraft:custom":{"minecraft:mob_kills":62,"minecraft:animals_bred":5,"minecraft:interact_with_crafting_table":37,"minecraft:leave_game":10,"minecraft:time_since_death":8104,"minecraft:climb_one_cm":2360,"minecraft:sprint_one_cm":422775,"minecraft:walk_one_cm":408701,"minecraft:damage_blocked_by_shield":2220,"minecraft:drop":28,"minecraft:play_time":135574,"minecraft:sneak_time":6254,"minecraft:deaths":2,"minecraft:walk_under_water_one_cm":41522,"minecraft:jump":2853,"minecraft:interact_with_blast_furnace":1,"minecraft:walk_on_water_one_cm":70897,"minecraft:total_world_time":135574,"minecraft:interact_with_furnace":48,"minecraft:sleep_in_bed":3,"minecraft:time_since_rest":6070,"minecraft:damage_taken":2074,"minecraft:damage_dealt":6412,"minecraft:swim_one_cm":173502,"minecraft:fly_one_cm":445873,"minecraft:open_chest":62,"minecraft:crouch_one_cm":12675,"minecraft:interact_with_smoker":9,"minecraft:fall_one_cm":66975},"minecraft:crafted":{"easy_hammers:iron_hammer":1,"minecraft:yellow_concrete_powder":8,"minecraft:oak_planks":168,"minecraft:raw_iron":9,"minecraft:spyglass":1,"minecraft:furnace":1,"minecraft:bone_meal":9,"minecraft:red_concrete_powder":8,"minecraft:iron_boots":2,"minecraft:iron_axe":1,"minecraft:iron_hoe":1,"minecraft:stone_pickaxe":1,"minecraft:chest":1,"minecraft:oak_fence":45,"minecraft:red_dye":1,"minecraft:oak_slab":6,"minecraft:cooked_porkchop":12,"minecraft:crafting_table":3,"minecraft:wooden_pickaxe":1,"minecraft:iron_helmet":1,"minecraft:iron_sword":2,"minecraft:cooked_salmon":5,"minecraft:copper_ingot":13,"minecraft:bucket":1,"minecraft:birch_planks":68,"minecraft:bread":4,"minecraft:air":0,"minecraft:oak_fence_gate":1,"minecraft:iron_chestplate":2,"minecraft:yellow_dye":1,"minecraft:shield":2,"minecraft:birch_fence":9,"minecraft:stick":76,"minecraft:iron_ingot":70,"minecraft:iron_pickaxe":2,"minecraft:wooden_axe":3,"minecraft:stone_sword":1,"minecraft:iron_shovel":1,"minecraft:iron_leggings":2,"minecraft:torch":72,"minecraft:lapis_block":8},"minecraft:killed":{"minecraft:spider":2,"minecraft:slime":13,"minecraft:skeleton":9,"minecraft:chicken":3,"minecraft:pig":12,"minecraft:zombie_villager":1,"minecraft:salmon":5,"minecraft:bat":2,"minecraft:creeper":1,"minecraft:sheep":4,"minecraft:zombie":7},"minecraft:used":{"minecraft:oak_fence":34,"minecraft:stone_sword":32,"minecraft:iron_shovel":149,"minecraft:red_concrete":8,"minecraft:chest":2,"minecraft:shield":32,"minecraft:iron_sword":119,"minecraft:rotten_flesh":16,"minecraft:torch":93,"minecraft:dirt":55,"minecraft:spyglass":18,"minecraft:tuff":10,"minecraft:oak_fence_gate":1,"minecraft:iron_hoe":211,"minecraft:wooden_axe":99,"minecraft:iron_axe":161,"minecraft:birch_sapling":1,"easy_hammers:iron_hammer":7,"minecraft:yellow_concrete_powder":8,"minecraft:furnace":3,"minecraft:cobbled_deepslate":24,"minecraft:wheat_seeds":35,"minecraft:water_bucket":14,"minecraft:birch_planks":26,"minecraft:stone_pickaxe":123,"minecraft:oak_planks":27,"minecraft:wooden_pickaxe":3,"minecraft:sand":10,"minecraft:oak_slab":8,"minecraft:crafting_table":7,"minecraft:yellow_concrete":4,"minecraft:oak_log":2,"minecraft:apple":1,"minecraft:bread":4,"minecraft:melon_slice":27,"minecraft:iron_pickaxe":249,"minecraft:gravel":2,"minecraft:cobblestone":56,"minecraft:red_concrete_powder":8,"minecraft:porkchop":3,"minecraft:cooked_porkchop":12,"minecraft:andesite":2,"minecraft:bucket":15,"minecraft:bone_meal":9}},"DataVersion":3465}