{"stats":{"minecraft:picked_up":{"minecraft:crafting_table":6,"minecraft:wheat":5,"minecraft:clay_ball":24,"minecraft:amethyst_block":3,"minecraft:string":2,"minecraft:raw_copper":13,"minecraft:cobbled_deepslate":25,"minecraft:calcite":5,"minecraft:poppy":10,"minecraft:melon_slice":4,"minecraft:sugar_cane":5,"minecraft:chest":1,"minecraft:birch_sapling":3,"minecraft:furnace":2,"minecraft:raw_iron":69,"minecraft:stick":38,"minecraft:oak_fence":1,"minecraft:torch":21,"minecraft:porkchop":14,"minecraft:redstone":48,"minecraft:rotten_flesh":17,"minecraft:arrow":4,"minecraft:rail":5,"minecraft:cobblestone":50,"minecraft:birch_log":17,"minecraft:lilac":4,"minecraft:salmon":5,"minecraft:filled_map":1,"minecraft:flint":2,"minecraft:tuff":10,"minecraft:oak_log":170,"minecraft:lapis_lazuli":80,"minecraft:dirt":125,"minecraft:bone":2,"minecraft:apple":10,"minecraft:bow":1,"minecraft:wheat_seeds":28,"minecraft:raw_gold":5,"minecraft:stone_pickaxe":1,"minecraft:oak_planks":10,"minecraft:smooth_basalt":2,"minecraft:yellow_concrete":8,"minecraft:dandelion":5,"minecraft:gravel":11,"minecraft:raw_iron_block":1,"minecraft:sand":24,"minecraft:amethyst_shard":28,"minecraft:granite":8,"minecraft:oak_sapling":62,"minecraft:red_concrete":8,"minecraft:coal":25},"minecraft:mined":{"minecraft:large_amethyst_bud":1,"minecraft:tuff":10,"gravestone:gravestone":1,"minecraft:granite":8,"minecraft:grass_block":103,"minecraft:raw_iron_block":1,"minecraft:furnace":2,"minecraft:iron_ore":9,"minecraft:deepslate_lapis_ore":12,"minecraft:deepslate_iron_ore":63,"minecraft:dirt_path":1,"minecraft:rail":5,"minecraft:stone":46,"minecraft:deepslate_redstone_ore":11,"minecraft:lily_of_the_valley":1,"minecraft:amethyst_cluster":7,"minecraft:dandelion":5,"minecraft:clay":6,"minecraft:oak_fence":1,"minecraft:crafting_table":6,"minecraft:torch":2,"minecraft:calcite":5,"minecraft:poppy":11,"minecraft:melon":1,"minecraft:copper_ore":4,"minecraft:cobblestone":4,"minecraft:deepslate_gold_ore":5,"minecraft:red_concrete":8,"minecraft:oak_planks":9,"minecraft:sugar_cane":2,"minecraft:amethyst_block":3,"minecraft:birch_log":18,"minecraft:wheat":5,"minecraft:lilac":4,"minecraft:grass":114,"minecraft:oak_log":176,"minecraft:coal_ore":25,"minecraft:yellow_concrete":8,"minecraft:gravel":13,"minecraft:sand":26,"minecraft:dirt":27,"minecraft:smooth_basalt":2,"minecraft:oak_leaves":9,"minecraft:deepslate":27},"minecraft:broken":{"minecraft:wooden_axe":1},"minecraft:dropped":{"minecraft:lilac":4,"minecraft:crafting_table":1,"minecraft:yellow_concrete":4,"minecraft:cobblestone":1,"minecraft:birch_fence":9,"minecraft:wooden_axe":2,"gravestone:obituary":1,"minecraft:sand":3,"minecraft:stone_sword":1,"minecraft:oak_planks":3,"minecraft:filled_map":2,"minecraft:oak_sapling":18,"minecraft:wooden_pickaxe":1,"minecraft:stone_pickaxe":2},"minecraft:custom":{"minecraft:mob_kills":26,"minecraft:animals_bred":3,"minecraft:interact_with_crafting_table":30,"minecraft:leave_game":9,"minecraft:time_since_death":86810,"minecraft:climb_one_cm":2360,"minecraft:sprint_one_cm":252762,"minecraft:walk_one_cm":332239,"minecraft:damage_blocked_by_shield":1740,"minecraft:drop":23,"minecraft:play_time":100659,"minecraft:deaths":1,"minecraft:sneak_time":5137,"minecraft:walk_under_water_one_cm":33592,"minecraft:jump":1740,"minecraft:walk_on_water_one_cm":58799,"minecraft:total_world_time":100659,"minecraft:interact_with_furnace":44,"minecraft:sleep_in_bed":2,"minecraft:time_since_rest":25679,"minecraft:damage_taken":1309,"minecraft:damage_dealt":3642,"minecraft:swim_one_cm":150087,"minecraft:fly_one_cm":242767,"minecraft:open_chest":45,"minecraft:crouch_one_cm":10797,"minecraft:interact_with_smoker":7,"minecraft:fall_one_cm":35221},"minecraft:crafted":{"minecraft:yellow_concrete_powder":8,"minecraft:oak_planks":160,"minecraft:raw_iron":9,"minecraft:spyglass":1,"minecraft:furnace":1,"minecraft:bone_meal":6,"minecraft:red_concrete_powder":8,"minecraft:iron_boots":1,"minecraft:iron_axe":1,"minecraft:iron_hoe":1,"minecraft:stone_pickaxe":1,"minecraft:oak_fence":39,"minecraft:red_dye":1,"minecraft:cooked_porkchop":12,"minecraft:crafting_table":3,"minecraft:wooden_pickaxe":1,"minecraft:iron_sword":1,"minecraft:cooked_salmon":5,"minecraft:copper_ingot":7,"minecraft:bucket":1,"minecraft:birch_planks":68,"minecraft:bread":4,"minecraft:air":0,"minecraft:oak_fence_gate":1,"minecraft:iron_chestplate":1,"minecraft:yellow_dye":1,"minecraft:shield":1,"minecraft:birch_fence":9,"minecraft:stick":56,"minecraft:iron_ingot":70,"minecraft:iron_pickaxe":1,"minecraft:wooden_axe":3,"minecraft:stone_sword":1,"minecraft:iron_shovel":1,"minecraft:iron_leggings":1,"minecraft:torch":56,"minecraft:lapis_block":8},"minecraft:killed":{"minecraft:spider":2,"minecraft:skeleton":4,"minecraft:pig":6,"minecraft:zombie_villager":1,"minecraft:salmon":5,"minecraft:creeper":1,"minecraft:zombie":6},"minecraft:used":{"minecraft:oak_fence":32,"minecraft:stone_sword":32,"minecraft:iron_shovel":149,"minecraft:red_concrete":8,"minecraft:chest":1,"minecraft:shield":23,"minecraft:iron_sword":55,"minecraft:rotten_flesh":16,"minecraft:torch":75,"minecraft:dirt":45,"minecraft:spyglass":17,"minecraft:tuff":10,"minecraft:oak_fence_gate":1,"minecraft:iron_hoe":211,"minecraft:wooden_axe":99,"minecraft:iron_axe":161,"minecraft:birch_sapling":1,"minecraft:yellow_concrete_powder":8,"minecraft:furnace":3,"minecraft:cobbled_deepslate":24,"minecraft:wheat_seeds":28,"minecraft:water_bucket":9,"minecraft:birch_planks":26,"minecraft:stone_pickaxe":123,"minecraft:oak_planks":27,"minecraft:wooden_pickaxe":3,"minecraft:sand":10,"minecraft:crafting_table":7,"minecraft:yellow_concrete":4,"minecraft:oak_log":2,"minecraft:apple":1,"minecraft:melon_slice":27,"minecraft:bread":4,"minecraft:iron_pickaxe":141,"minecraft:gravel":2,"minecraft:cobblestone":35,"minecraft:red_concrete_powder":8,"minecraft:porkchop":3,"minecraft:cooked_porkchop":5,"minecraft:bucket":10,"minecraft:bone_meal":6}},"DataVersion":3465}