{"stats":{"minecraft:picked_up":{"minecraft:crafting_table":6,"minecraft:wheat":5,"minecraft:clay_ball":24,"minecraft:amethyst_block":3,"minecraft:string":2,"minecraft:raw_copper":13,"minecraft:cobbled_deepslate":25,"minecraft:calcite":5,"minecraft:poppy":10,"minecraft:melon_slice":4,"minecraft:sugar_cane":5,"minecraft:chest":1,"minecraft:birch_sapling":3,"minecraft:furnace":2,"minecraft:raw_iron":69,"minecraft:stick":38,"minecraft:oak_fence":1,"minecraft:torch":21,"minecraft:porkchop":14,"minecraft:redstone":48,"minecraft:rotten_flesh":17,"minecraft:arrow":9,"minecraft:rail":5,"minecraft:cobblestone":96,"minecraft:birch_log":17,"minecraft:lilac":4,"minecraft:salmon":5,"minecraft:filled_map":1,"minecraft:flint":2,"minecraft:tuff":10,"minecraft:oak_log":170,"minecraft:lapis_lazuli":87,"minecraft:dirt":131,"minecraft:bone":7,"minecraft:apple":10,"minecraft:bow":1,"minecraft:wheat_seeds":28,"minecraft:raw_gold":5,"minecraft:stone_pickaxe":1,"minecraft:oak_planks":11,"minecraft:smooth_basalt":2,"minecraft:yellow_concrete":8,"minecraft:dandelion":5,"minecraft:gravel":11,"minecraft:raw_iron_block":1,"minecraft:sand":25,"minecraft:amethyst_shard":28,"minecraft:slime_ball":9,"minecraft:granite":22,"minecraft:oak_sapling":62,"minecraft:red_concrete":8,"minecraft:coal":25},"minecraft:mined":{"minecraft:large_amethyst_bud":1,"minecraft:tuff":10,"gravestone:gravestone":1,"minecraft:granite":22,"minecraft:grass_block":105,"minecraft:raw_iron_block":1,"minecraft:furnace":2,"minecraft:iron_ore":9,"minecraft:deepslate_lapis_ore":13,"minecraft:deepslate_iron_ore":63,"minecraft:dirt_path":1,"minecraft:rail":5,"minecraft:stone":92,"minecraft:deepslate_redstone_ore":11,"minecraft:lily_of_the_valley":1,"minecraft:amethyst_cluster":7,"minecraft:dandelion":5,"minecraft:clay":6,"minecraft:oak_fence":1,"minecraft:crafting_table":6,"minecraft:torch":2,"minecraft:calcite":5,"minecraft:poppy":11,"minecraft:melon":1,"minecraft:copper_ore":4,"minecraft:cobblestone":4,"minecraft:deepslate_gold_ore":5,"minecraft:red_concrete":8,"minecraft:oak_planks":9,"minecraft:sugar_cane":2,"minecraft:amethyst_block":3,"minecraft:birch_log":18,"minecraft:wheat":5,"minecraft:lilac":4,"minecraft:grass":114,"minecraft:oak_log":176,"minecraft:coal_ore":25,"minecraft:yellow_concrete":8,"minecraft:gravel":13,"minecraft:sand":26,"minecraft:dirt":31,"minecraft:smooth_basalt":2,"minecraft:oak_leaves":11,"minecraft:deepslate":27},"minecraft:broken":{"minecraft:wooden_axe":1},"minecraft:dropped":{"minecraft:lilac":4,"minecraft:crafting_table":1,"minecraft:yellow_concrete":4,"minecraft:cobblestone":1,"minecraft:birch_fence":9,"minecraft:wooden_axe":2,"gravestone:obituary":1,"minecraft:sand":3,"minecraft:stone_sword":1,"minecraft:oak_planks":3,"minecraft:filled_map":2,"minecraft:oak_sapling":18,"minecraft:wooden_pickaxe":1,"minecraft:stone_pickaxe":2},"minecraft:custom":{"minecraft:mob_kills":45,"minecraft:animals_bred":4,"minecraft:interact_with_crafting_table":31,"minecraft:leave_game":9,"minecraft:time_since_death":98810,"minecraft:climb_one_cm":2360,"minecraft:sprint_one_cm":310500,"minecraft:walk_one_cm":360094,"minecraft:damage_blocked_by_shield":1920,"minecraft:drop":23,"minecraft:play_time":112659,"minecraft:deaths":1,"minecraft:sneak_time":5696,"minecraft:walk_under_water_one_cm":36008,"minecraft:jump":2140,"minecraft:interact_with_blast_furnace":1,"minecraft:walk_on_water_one_cm":62047,"minecraft:total_world_time":112659,"minecraft:interact_with_furnace":48,"minecraft:sleep_in_bed":2,"minecraft:time_since_rest":37679,"minecraft:damage_taken":1650,"minecraft:damage_dealt":4652,"minecraft:swim_one_cm":157649,"minecraft:fly_one_cm":323478,"minecraft:open_chest":52,"minecraft:crouch_one_cm":11499,"minecraft:interact_with_smoker":8,"minecraft:fall_one_cm":45584},"minecraft:crafted":{"minecraft:yellow_concrete_powder":8,"minecraft:oak_planks":160,"minecraft:raw_iron":9,"minecraft:spyglass":1,"minecraft:furnace":1,"minecraft:bone_meal":6,"minecraft:red_concrete_powder":8,"minecraft:iron_boots":1,"minecraft:iron_axe":1,"minecraft:iron_hoe":1,"minecraft:stone_pickaxe":1,"minecraft:chest":1,"minecraft:oak_fence":39,"minecraft:red_dye":1,"minecraft:cooked_porkchop":12,"minecraft:crafting_table":3,"minecraft:wooden_pickaxe":1,"minecraft:iron_sword":1,"minecraft:cooked_salmon":5,"minecraft:copper_ingot":13,"minecraft:bucket":1,"minecraft:birch_planks":68,"minecraft:bread":4,"minecraft:air":0,"minecraft:oak_fence_gate":1,"minecraft:iron_chestplate":1,"minecraft:yellow_dye":1,"minecraft:shield":1,"minecraft:birch_fence":9,"minecraft:stick":56,"minecraft:iron_ingot":70,"minecraft:iron_pickaxe":1,"minecraft:wooden_axe":3,"minecraft:stone_sword":1,"minecraft:iron_shovel":1,"minecraft:iron_leggings":1,"minecraft:torch":56,"minecraft:lapis_block":8},"minecraft:killed":{"minecraft:spider":2,"minecraft:slime":13,"minecraft:skeleton":7,"minecraft:pig":6,"minecraft:zombie_villager":1,"minecraft:salmon":5,"minecraft:bat":2,"minecraft:creeper":1,"minecraft:zombie":6},"minecraft:used":{"minecraft:oak_fence":32,"minecraft:stone_sword":32,"minecraft:iron_shovel":149,"minecraft:red_concrete":8,"minecraft:chest":2,"minecraft:shield":26,"minecraft:iron_sword":79,"minecraft:rotten_flesh":16,"minecraft:torch":77,"minecraft:dirt":48,"minecraft:spyglass":18,"minecraft:tuff":10,"minecraft:oak_fence_gate":1,"minecraft:iron_hoe":211,"minecraft:wooden_axe":99,"minecraft:iron_axe":161,"minecraft:birch_sapling":1,"minecraft:yellow_concrete_powder":8,"minecraft:furnace":3,"minecraft:cobbled_deepslate":24,"minecraft:wheat_seeds":28,"minecraft:water_bucket":14,"minecraft:birch_planks":26,"minecraft:stone_pickaxe":123,"minecraft:oak_planks":27,"minecraft:wooden_pickaxe":3,"minecraft:sand":10,"minecraft:crafting_table":7,"minecraft:yellow_concrete":4,"minecraft:oak_log":2,"minecraft:apple":1,"minecraft:melon_slice":27,"minecraft:bread":4,"minecraft:iron_pickaxe":209,"minecraft:gravel":2,"minecraft:cobblestone":37,"minecraft:red_concrete_powder":8,"minecraft:porkchop":3,"minecraft:cooked_porkchop":10,"minecraft:bucket":15,"minecraft:bone_meal":6}},"DataVersion":3465}