{"stats":{"minecraft:custom":{"minecraft:animals_bred":28,"minecraft:interact_with_crafting_table":99,"minecraft:leave_game":12,"minecraft:time_since_death":255164,"minecraft:sprint_one_cm":1004654,"minecraft:damage_blocked_by_shield":3210,"minecraft:drop":67,"minecraft:talked_to_villager":2,"minecraft:play_time":382634,"minecraft:deaths":2,"minecraft:jump":6423,"minecraft:walk_on_water_one_cm":149772,"minecraft:interact_with_furnace":87,"minecraft:sleep_in_bed":18,"minecraft:damage_dealt":9761,"minecraft:crouch_one_cm":114267,"minecraft:interact_with_smoker":26,"minecraft:mob_kills":89,"minecraft:climb_one_cm":23049,"minecraft:walk_one_cm":1028305,"minecraft:sneak_time":31466,"minecraft:walk_under_water_one_cm":96762,"minecraft:boat_one_cm":849575,"minecraft:interact_with_blast_furnace":6,"minecraft:total_world_time":382634,"minecraft:interact_with_stonecutter":4,"minecraft:time_since_rest":50873,"minecraft:damage_taken":4266,"minecraft:swim_one_cm":296819,"minecraft:fly_one_cm":1061044,"minecraft:open_chest":207,"minecraft:fall_one_cm":158396},"minecraft:mined":{"minecraft:large_amethyst_bud":1,"minecraft:farmland":1,"minecraft:jungle_leaves":15,"minecraft:cave_vines_plant":3,"minecraft:granite":22,"minecraft:grass_block":284,"minecraft:jungle_log":87,"minecraft:deepslate_bricks":131,"minecraft:tall_seagrass":3,"minecraft:raw_iron_block":1,"minecraft:iron_ore":9,"minecraft:cobbled_deepslate":3,"minecraft:deepslate_lapis_ore":15,"minecraft:dirt_path":1,"minecraft:deepslate_brick_stairs":28,"minecraft:deepslate_redstone_ore":21,"minecraft:red_bed":3,"minecraft:amethyst_cluster":7,"minecraft:clay":6,"minecraft:torch":11,"minecraft:jungle_stairs":24,"minecraft:calcite":5,"minecraft:poppy":11,"minecraft:melon":6,"minecraft:chest":1,"minecraft:cobblestone":15,"minecraft:sugar_cane":29,"minecraft:oak_planks":56,"minecraft:wall_torch":5,"minecraft:amethyst_block":3,"minecraft:seagrass":17,"minecraft:birch_log":18,"minecraft:wheat":25,"minecraft:lilac":4,"minecraft:grass":134,"minecraft:oak_log":181,"minecraft:sand":473,"minecraft:dirt":131,"minecraft:smooth_basalt":2,"minecraft:oak_leaves":78,"minecraft:deepslate":357,"minecraft:tuff":20,"minecraft:deepslate_diamond_ore":6,"gravestone:gravestone":3,"minecraft:jungle_planks":37,"minecraft:furnace":7,"minecraft:andesite":2,"minecraft:peony":11,"minecraft:potatoes":11,"minecraft:deepslate_iron_ore":67,"minecraft:vine":14,"minecraft:rail":70,"minecraft:bamboo":4,"minecraft:stone":229,"minecraft:oak_slab":3,"minecraft:lily_of_the_valley":1,"minecraft:dandelion":5,"minecraft:oak_fence":1,"minecraft:crafting_table":9,"morevillagers:oceanography_table":1,"minecraft:copper_ore":4,"minecraft:deepslate_gold_ore":8,"minecraft:red_concrete":8,"minecraft:birch_leaves":1,"minecraft:jungle_fence":13,"minecraft:coal_ore":65,"minecraft:cocoa":11,"minecraft:gravel":26,"minecraft:yellow_concrete":8,"minecraft:cobweb":12,"minecraft:fern":4},"minecraft:dropped":{"minecraft:iron_sword":1,"minecraft:crafting_table":1,"minecraft:cooked_porkchop":2,"minecraft:glow_berries":1,"minecraft:chest_minecart":1,"minecraft:rail":12,"minecraft:birch_fence":9,"gravestone:obituary":4,"minecraft:wooden_sword":2,"minecraft:sand":3,"minecraft:iron_pickaxe":2,"minecraft:gravel":1,"minecraft:cooked_chicken":2,"minecraft:birch_sapling":1,"minecraft:wheat":1,"minecraft:rotten_flesh":6,"minecraft:oak_planks":3,"minecraft:cooked_mutton":2,"minecraft:chiseled_stone_bricks":2,"minecraft:beetroot_seeds":2,"minecraft:melon_seeds":2,"minecraft:bread":1,"minecraft:wheat_seeds":1,"minecraft:golden_helmet":1,"minecraft:lilac":4,"minecraft:yellow_concrete":4,"minecraft:feather":1,"minecraft:cobblestone":4,"minecraft:wooden_axe":2,"minecraft:cooked_salmon":1,"minecraft:iron_leggings":1,"minecraft:iron_axe":1,"minecraft:stone_sword":1,"minecraft:tuff":87,"minecraft:raw_iron":4,"minecraft:iron_boots":1,"minecraft:filled_map":2,"minecraft:bamboo_raft":1,"minecraft:shield":1,"minecraft:iron_chestplate":1,"minecraft:oak_sapling":18,"minecraft:stone_pickaxe":2,"minecraft:wooden_pickaxe":1},"minecraft:crafted":{"easy_hammers:iron_hammer":2,"minecraft:smooth_stone":6,"minecraft:oak_planks":408,"minecraft:cooked_chicken":3,"minecraft:stone":9,"minecraft:cooked_mutton":11,"minecraft:red_concrete_powder":8,"minecraft:deepslate_brick_stairs":88,"minecraft:glass":37,"minecraft:bow":1,"minecraft:iron_boots":2,"minecraft:chest":7,"minecraft:jungle_stairs":40,"minecraft:oak_fence":45,"minecraft:smoker":2,"minecraft:oak_slab":60,"sophisticatedbackpacks:backpack":1,"minecraft:cooked_porkchop":27,"minecraft:crafting_table":7,"minecraft:jungle_boat":1,"minecraft:wooden_pickaxe":1,"minecraft:iron_helmet":1,"minecraft:copper_ingot":13,"minecraft:birch_planks":68,"minecraft:iron_chestplate":2,"minecraft:yellow_dye":1,"minecraft:shield":2,"minecraft:birch_fence":9,"minecraft:stick":234,"minecraft:light_blue_dye":10,"minecraft:iron_ingot":70,"minecraft:iron_pickaxe":4,"minecraft:stone_sword":1,"minecraft:gold_ingot":10,"minecraft:shears":1,"minecraft:yellow_concrete_powder":8,"minecraft:raw_iron":9,"minecraft:spyglass":1,"minecraft:furnace":6,"minecraft:blast_furnace":2,"minecraft:bone_meal":27,"minecraft:glass_pane":96,"minecraft:iron_axe":2,"minecraft:ladder":39,"minecraft:iron_hoe":1,"minecraft:stone_pickaxe":1,"minecraft:jungle_fence":39,"minecraft:lead":2,"sophisticatedbackpacks:iron_backpack":1,"minecraft:cooked_beef":30,"minecraft:red_dye":2,"minecraft:light_blue_stained_glass_pane":80,"minecraft:deepslate_brick_slab":18,"minecraft:iron_sword":2,"minecraft:red_bed":1,"minecraft:cooked_salmon":5,"sophisticatedbackpacks:gold_backpack":1,"minecraft:bucket":2,"minecraft:bread":6,"minecraft:air":0,"minecraft:jungle_planks":316,"minecraft:blue_dye":12,"minecraft:oak_fence_gate":1,"minecraft:oak_boat":1,"minecraft:white_dye":6,"minecraft:wooden_axe":3,"minecraft:oak_stairs":4,"minecraft:iron_shovel":5,"minecraft:iron_leggings":2,"minecraft:stonecutter":1,"minecraft:white_bed":2,"minecraft:torch":144,"minecraft:lapis_block":8},"minecraft:picked_up":{"minecraft:seagrass":20,"minecraft:wheat":53,"minecraft:lead":1,"minecraft:amethyst_block":3,"minecraft:string":45,"minecraft:raw_copper":13,"minecraft:cooked_salmon":3,"minecraft:cobbled_deepslate":2080,"minecraft:calcite":5,"minecraft:iron_pickaxe":2,"minecraft:melon_slice":30,"minecraft:furnace":7,"minecraft:stick":69,"minecraft:oak_fence":9,"minecraft:torch":49,"minecraft:porkchop":29,"minecraft:diorite":8,"minecraft:rotten_flesh":26,"minecraft:deepslate_brick_stairs":38,"minecraft:cobblestone":807,"minecraft:birch_log":17,"minecraft:feather":1,"minecraft:lilac":4,"minecraft:andesite":16,"minecraft:jungle_log":83,"minecraft:potato":24,"minecraft:flint":3,"minecraft:tuff":97,"minecraft:dirt":424,"minecraft:lapis_lazuli":121,"minecraft:bone":13,"morevillagers:oceanography_table":1,"minecraft:bow":1,"minecraft:wheat_seeds":134,"minecraft:raw_gold":15,"minecraft:bamboo":32,"minecraft:oak_planks":58,"minecraft:music_disc_13":1,"minecraft:bamboo_raft":1,"minecraft:sand":471,"minecraft:jungle_planks":35,"minecraft:diamond":9,"minecraft:granite":23,"minecraft:oak_sapling":64,"minecraft:cocoa_beans":26,"minecraft:crafting_table":10,"minecraft:chicken":3,"minecraft:clay_ball":24,"minecraft:chest_minecart":3,"minecraft:red_bed":3,"minecraft:wooden_sword":1,"minecraft:beef":31,"minecraft:oak_boat":1,"minecraft:jungle_sapling":5,"minecraft:poppy":10,"minecraft:sugar_cane":44,"minecraft:chest":2,"minecraft:birch_sapling":4,"minecraft:egg":3,"minecraft:raw_iron":73,"minecraft:redstone":160,"minecraft:arrow":13,"minecraft:peony":9,"minecraft:jungle_stairs":24,"minecraft:deepslate_bricks":149,"minecraft:glow_berries":4,"minecraft:mutton":11,"minecraft:white_wool":7,"minecraft:rail":83,"minecraft:jungle_boat":1,"minecraft:salmon":5,"minecraft:leather":17,"minecraft:jungle_fence":13,"minecraft:filled_map":1,"minecraft:oak_log":176,"minecraft:gunpowder":3,"minecraft:apple":10,"minecraft:stone_pickaxe":1,"minecraft:iron_ingot":45,"minecraft:oak_slab":5,"minecraft:smooth_basalt":2,"minecraft:chiseled_stone_bricks":2,"minecraft:yellow_concrete":8,"minecraft:dandelion":5,"minecraft:raw_iron_block":1,"minecraft:gravel":19,"minecraft:amethyst_shard":28,"minecraft:slime_ball":9,"minecraft:red_concrete":8,"minecraft:coal":137},"minecraft:killed":{"minecraft:spider":3,"minecraft:skeleton":13,"minecraft:chicken":3,"minecraft:pig":12,"minecraft:zombie_villager":1,"minecraft:salmon":5,"minecraft:creeper":3,"minecraft:sheep":5,"minecraft:zombie":12,"minecraft:cow":14,"minecraft:slime":13,"minecraft:bat":2},"minecraft:used":{"minecraft:light_blue_stained_glass_pane":39,"minecraft:iron_shovel":858,"minecraft:chest":7,"minecraft:shield":49,"minecraft:iron_sword":185,"minecraft:rotten_flesh":16,"minecraft:jungle_planks":126,"minecraft:deepslate_brick_slab":15,"minecraft:tuff":10,"minecraft:jungle_sapling":3,"minecraft:birch_sapling":1,"minecraft:bow":2,"minecraft:furnace":9,"morevillagers:oceanography_table":1,"minecraft:egg":3,"minecraft:potato":26,"minecraft:seagrass":4,"minecraft:diorite":1,"minecraft:stone_pickaxe":123,"minecraft:jungle_fence":50,"minecraft:oak_planks":74,"minecraft:wooden_pickaxe":3,"minecraft:sugar_cane":44,"minecraft:jungle_boat":1,"minecraft:glow_berries":6,"minecraft:sand":151,"minecraft:blast_furnace":2,"minecraft:yellow_concrete":4,"minecraft:deepslate_brick_stairs":110,"minecraft:bread":4,"minecraft:melon_slice":42,"minecraft:gravel":2,"minecraft:andesite":2,"minecraft:chest_minecart":1,"minecraft:oak_boat":2,"minecraft:bone_meal":21,"minecraft:oak_fence":35,"minecraft:stone_sword":32,"minecraft:red_concrete":8,"minecraft:cooked_salmon":3,"minecraft:torch":197,"minecraft:dirt":327,"minecraft:spyglass":90,"minecraft:granite":1,"minecraft:oak_fence_gate":1,"minecraft:iron_hoe":338,"minecraft:wooden_axe":99,"minecraft:iron_axe":410,"minecraft:oak_stairs":4,"easy_hammers:iron_hammer":459,"minecraft:bamboo":8,"minecraft:yellow_concrete_powder":8,"minecraft:cooked_beef":12,"minecraft:cobbled_deepslate":103,"minecraft:wheat_seeds":106,"minecraft:cooked_mutton":9,"minecraft:water_bucket":38,"minecraft:birch_planks":26,"minecraft:stonecutter":1,"minecraft:deepslate_bricks":1100,"minecraft:oak_slab":9,"minecraft:crafting_table":16,"minecraft:red_bed":4,"minecraft:white_bed":1,"minecraft:smoker":2,"minecraft:oak_log":3,"minecraft:apple":1,"minecraft:iron_pickaxe":579,"minecraft:jungle_stairs":62,"minecraft:cobblestone":210,"minecraft:red_concrete_powder":8,"minecraft:cooked_porkchop":25,"minecraft:porkchop":3,"minecraft:bucket":40},"minecraft:broken":{"minecraft:iron_shovel":2,"easy_hammers:iron_hammer":1,"minecraft:wooden_axe":1,"minecraft:iron_pickaxe":2}},"DataVersion":3465}