{"stats":{"minecraft:picked_up":{"minecraft:birch_log":17,"minecraft:crafting_table":5,"minecraft:lilac":1,"minecraft:tuff":10,"minecraft:oak_log":104,"minecraft:amethyst_block":3,"minecraft:lapis_lazuli":80,"minecraft:dirt":5,"minecraft:string":2,"minecraft:apple":4,"minecraft:bow":1,"minecraft:wheat_seeds":1,"minecraft:cobbled_deepslate":25,"minecraft:raw_gold":5,"minecraft:stone_pickaxe":1,"minecraft:calcite":5,"minecraft:sugar_cane":5,"minecraft:chest":1,"minecraft:birch_sapling":3,"minecraft:oak_planks":3,"minecraft:furnace":1,"minecraft:stick":18,"minecraft:raw_iron":69,"minecraft:smooth_basalt":2,"minecraft:torch":19,"minecraft:raw_iron_block":1,"minecraft:gravel":1,"minecraft:porkchop":3,"minecraft:sand":4,"minecraft:amethyst_shard":28,"minecraft:redstone":48,"minecraft:arrow":1,"minecraft:rotten_flesh":15,"minecraft:granite":8,"minecraft:oak_sapling":27,"minecraft:coal":25,"minecraft:rail":5,"minecraft:cobblestone":49},"minecraft:mined":{"minecraft:deepslate_redstone_ore":11,"minecraft:large_amethyst_bud":1,"minecraft:tuff":10,"minecraft:amethyst_cluster":7,"minecraft:crafting_table":5,"gravestone:gravestone":1,"minecraft:granite":8,"minecraft:grass_block":7,"minecraft:calcite":5,"minecraft:cobblestone":4,"minecraft:deepslate_gold_ore":5,"minecraft:sugar_cane":2,"minecraft:amethyst_block":3,"minecraft:raw_iron_block":1,"minecraft:furnace":1,"minecraft:birch_log":18,"minecraft:iron_ore":9,"minecraft:lilac":1,"minecraft:deepslate_lapis_ore":12,"minecraft:grass":25,"minecraft:oak_log":110,"minecraft:coal_ore":25,"minecraft:deepslate_iron_ore":63,"minecraft:rail":5,"minecraft:gravel":1,"minecraft:sand":5,"minecraft:smooth_basalt":2,"minecraft:stone":46,"minecraft:oak_leaves":2,"minecraft:deepslate":27},"minecraft:broken":{"minecraft:wooden_axe":1},"minecraft:dropped":{"minecraft:stone_sword":1,"minecraft:crafting_table":1,"minecraft:oak_planks":3,"minecraft:wooden_axe":2,"gravestone:obituary":1,"minecraft:stone_pickaxe":1,"minecraft:wooden_pickaxe":1},"minecraft:custom":{"minecraft:interact_with_furnace":34,"minecraft:mob_kills":12,"minecraft:interact_with_crafting_table":23,"minecraft:leave_game":7,"minecraft:time_since_death":46120,"minecraft:climb_one_cm":2360,"minecraft:time_since_rest":46160,"minecraft:sprint_one_cm":134325,"minecraft:damage_taken":1048,"minecraft:walk_one_cm":194471,"minecraft:damage_blocked_by_shield":1425,"minecraft:drop":10,"minecraft:damage_dealt":2227,"minecraft:swim_one_cm":112691,"minecraft:fly_one_cm":147720,"minecraft:open_chest":31,"minecraft:crouch_one_cm":6861,"minecraft:play_time":59969,"minecraft:deaths":1,"minecraft:sneak_time":3195,"minecraft:walk_under_water_one_cm":22103,"minecraft:jump":1039,"minecraft:walk_on_water_one_cm":26048,"minecraft:total_world_time":59969,"minecraft:interact_with_smoker":1,"minecraft:fall_one_cm":19556},"minecraft:crafted":{"minecraft:oak_planks":116,"minecraft:raw_iron":9,"minecraft:cooked_porkchop":1,"minecraft:crafting_table":3,"minecraft:wooden_pickaxe":1,"minecraft:iron_sword":1,"minecraft:furnace":1,"minecraft:birch_planks":68,"minecraft:bread":4,"minecraft:air":0,"minecraft:iron_boots":1,"minecraft:iron_chestplate":1,"minecraft:shield":1,"minecraft:iron_axe":1,"minecraft:iron_hoe":1,"minecraft:birch_fence":9,"minecraft:stick":56,"minecraft:iron_ingot":39,"minecraft:iron_pickaxe":1,"minecraft:stone_pickaxe":1,"minecraft:wooden_axe":3,"minecraft:stone_sword":1,"minecraft:iron_shovel":1,"minecraft:iron_leggings":1,"minecraft:torch":56,"minecraft:oak_fence":21},"minecraft:killed":{"minecraft:pig":1,"minecraft:zombie_villager":1,"minecraft:spider":2,"minecraft:skeleton":2,"minecraft:zombie":5},"minecraft:used":{"minecraft:stone_sword":32,"minecraft:iron_shovel":7,"minecraft:birch_planks":26,"minecraft:stone_pickaxe":123,"minecraft:chest":1,"minecraft:wooden_pickaxe":3,"minecraft:shield":18,"minecraft:iron_sword":19,"minecraft:rotten_flesh":16,"minecraft:torch":67,"minecraft:sand":3,"minecraft:crafting_table":5,"minecraft:tuff":10,"minecraft:iron_hoe":23,"minecraft:wooden_axe":99,"minecraft:apple":1,"minecraft:iron_pickaxe":120,"minecraft:iron_axe":64,"minecraft:bread":4,"minecraft:melon_slice":10,"minecraft:birch_sapling":1,"minecraft:gravel":1,"minecraft:cobblestone":35,"minecraft:porkchop":3,"minecraft:furnace":1,"minecraft:cooked_porkchop":1,"minecraft:cobbled_deepslate":24}},"DataVersion":3465}