{"stats":{"minecraft:mined":{"minecraft:short_grass":1,"minecraft:sand":1},"minecraft:used":{"minecraft:sand":1},"minecraft:custom":{"minecraft:jump":23,"minecraft:time_since_rest":780,"minecraft:leave_game":1,"minecraft:walk_on_water_one_cm":197,"minecraft:sprint_one_cm":5312,"minecraft:play_time":780,"minecraft:damage_taken":10,"minecraft:time_since_death":780,"minecraft:walk_one_cm":1564,"minecraft:sneak_time":7,"minecraft:total_world_time":780,"minecraft:walk_under_water_one_cm":778,"minecraft:fall_one_cm":544,"minecraft:fly_one_cm":4158},"minecraft:picked_up":{"minecraft:sand":1}},"DataVersion":3953}