{"stats":{"minecraft:picked_up":{"minecraft:crafting_table":6,"minecraft:wheat":33,"minecraft:chicken":3,"minecraft:clay_ball":24,"minecraft:chest_minecart":2,"minecraft:amethyst_block":3,"minecraft:cooked_salmon":3,"minecraft:string":14,"minecraft:raw_copper":13,"minecraft:wooden_sword":1,"minecraft:cobbled_deepslate":869,"minecraft:beef":1,"minecraft:calcite":5,"minecraft:poppy":10,"minecraft:iron_pickaxe":2,"minecraft:melon_slice":10,"minecraft:sugar_cane":17,"minecraft:chest":1,"minecraft:birch_sapling":4,"minecraft:furnace":2,"minecraft:stick":56,"minecraft:raw_iron":73,"minecraft:oak_fence":9,"minecraft:torch":44,"minecraft:porkchop":29,"minecraft:diorite":1,"minecraft:redstone":75,"minecraft:arrow":11,"minecraft:rotten_flesh":25,"minecraft:peony":9,"minecraft:mutton":11,"minecraft:rail":70,"minecraft:white_wool":7,"minecraft:cobblestone":286,"minecraft:birch_log":17,"minecraft:feather":1,"minecraft:lilac":4,"minecraft:andesite":2,"minecraft:salmon":5,"minecraft:potato":24,"minecraft:filled_map":1,"minecraft:flint":2,"minecraft:tuff":92,"minecraft:oak_log":176,"minecraft:gunpowder":1,"minecraft:lapis_lazuli":121,"minecraft:dirt":269,"minecraft:bone":11,"morevillagers:oceanography_table":1,"minecraft:apple":10,"minecraft:bow":1,"minecraft:wheat_seeds":103,"minecraft:raw_gold":15,"minecraft:stone_pickaxe":1,"minecraft:oak_planks":11,"minecraft:oak_slab":5,"minecraft:smooth_basalt":2,"minecraft:yellow_concrete":8,"minecraft:dandelion":5,"minecraft:raw_iron_block":1,"minecraft:gravel":12,"minecraft:sand":25,"minecraft:amethyst_shard":28,"minecraft:slime_ball":9,"minecraft:diamond":5,"minecraft:granite":22,"minecraft:oak_sapling":63,"minecraft:red_concrete":8,"minecraft:coal":99},"minecraft:mined":{"minecraft:large_amethyst_bud":1,"minecraft:farmland":1,"minecraft:tuff":20,"minecraft:deepslate_diamond_ore":5,"gravestone:gravestone":3,"minecraft:granite":22,"minecraft:grass_block":195,"minecraft:raw_iron_block":1,"minecraft:furnace":2,"minecraft:cobbled_deepslate":1,"minecraft:iron_ore":9,"minecraft:deepslate_lapis_ore":15,"minecraft:peony":11,"minecraft:potatoes":11,"minecraft:deepslate_iron_ore":67,"minecraft:dirt_path":1,"minecraft:rail":70,"minecraft:stone":150,"minecraft:deepslate_redstone_ore":15,"minecraft:oak_slab":3,"minecraft:lily_of_the_valley":1,"minecraft:amethyst_cluster":7,"minecraft:dandelion":5,"minecraft:oak_fence":1,"minecraft:clay":6,"minecraft:crafting_table":6,"minecraft:torch":10,"morevillagers:oceanography_table":1,"minecraft:calcite":5,"minecraft:poppy":11,"minecraft:melon":2,"minecraft:copper_ore":4,"minecraft:cobblestone":4,"minecraft:deepslate_gold_ore":8,"minecraft:red_concrete":8,"minecraft:sugar_cane":6,"minecraft:oak_planks":9,"minecraft:wall_torch":2,"minecraft:amethyst_block":3,"minecraft:birch_log":18,"minecraft:wheat":25,"minecraft:lilac":4,"minecraft:birch_leaves":1,"minecraft:grass":116,"minecraft:oak_log":181,"minecraft:coal_ore":58,"minecraft:gravel":14,"minecraft:sand":26,"minecraft:yellow_concrete":8,"minecraft:dirt":57,"minecraft:cobweb":11,"minecraft:smooth_basalt":2,"minecraft:oak_leaves":73,"minecraft:deepslate":136},"minecraft:broken":{"minecraft:iron_pickaxe":1,"minecraft:wooden_axe":1},"minecraft:custom":{"minecraft:mob_kills":72,"minecraft:animals_bred":15,"minecraft:interact_with_crafting_table":49,"minecraft:leave_game":10,"minecraft:time_since_death":68104,"minecraft:climb_one_cm":2376,"minecraft:sprint_one_cm":610563,"minecraft:walk_one_cm":595434,"minecraft:damage_blocked_by_shield":2625,"minecraft:drop":55,"minecraft:play_time":195574,"minecraft:sneak_time":7378,"minecraft:deaths":2,"minecraft:walk_under_water_one_cm":49124,"minecraft:jump":3821,"minecraft:interact_with_blast_furnace":4,"minecraft:walk_on_water_one_cm":96361,"minecraft:total_world_time":195574,"minecraft:interact_with_furnace":57,"minecraft:sleep_in_bed":9,"minecraft:time_since_rest":14081,"minecraft:damage_taken":2520,"minecraft:damage_dealt":8134,"minecraft:swim_one_cm":227608,"minecraft:fly_one_cm":618859,"minecraft:open_chest":117,"minecraft:crouch_one_cm":17170,"minecraft:interact_with_smoker":20,"minecraft:fall_one_cm":94412},"minecraft:dropped":{"minecraft:bread":1,"minecraft:iron_sword":1,"minecraft:wheat_seeds":1,"minecraft:golden_helmet":1,"minecraft:lilac":4,"minecraft:crafting_table":1,"minecraft:cooked_porkchop":2,"minecraft:yellow_concrete":4,"minecraft:feather":1,"minecraft:cobblestone":4,"minecraft:birch_fence":9,"minecraft:wooden_axe":2,"minecraft:cooked_salmon":1,"minecraft:iron_leggings":1,"gravestone:obituary":4,"minecraft:wooden_sword":2,"minecraft:sand":3,"minecraft:iron_pickaxe":2,"minecraft:gravel":1,"minecraft:cooked_chicken":2,"minecraft:stone_sword":1,"minecraft:birch_sapling":1,"minecraft:raw_iron":4,"minecraft:rotten_flesh":5,"minecraft:iron_boots":1,"minecraft:oak_planks":3,"minecraft:cooked_mutton":2,"minecraft:filled_map":2,"minecraft:shield":1,"minecraft:iron_chestplate":1,"minecraft:oak_sapling":18,"minecraft:wooden_pickaxe":1,"minecraft:stone_pickaxe":2},"minecraft:crafted":{"easy_hammers:iron_hammer":1,"minecraft:yellow_concrete_powder":8,"minecraft:oak_planks":188,"minecraft:raw_iron":9,"minecraft:spyglass":1,"minecraft:cooked_chicken":3,"minecraft:furnace":1,"minecraft:bone_meal":21,"minecraft:cooked_mutton":11,"minecraft:red_concrete_powder":8,"minecraft:iron_boots":2,"minecraft:iron_axe":1,"minecraft:iron_hoe":1,"minecraft:stone_pickaxe":1,"minecraft:chest":1,"minecraft:oak_fence":45,"minecraft:cooked_beef":1,"minecraft:red_dye":2,"minecraft:oak_slab":60,"minecraft:cooked_porkchop":27,"minecraft:crafting_table":3,"minecraft:wooden_pickaxe":1,"minecraft:iron_helmet":1,"minecraft:iron_sword":2,"minecraft:red_bed":1,"minecraft:cooked_salmon":5,"minecraft:copper_ingot":13,"minecraft:bucket":2,"minecraft:birch_planks":68,"minecraft:bread":6,"minecraft:air":0,"minecraft:oak_fence_gate":1,"minecraft:iron_chestplate":2,"minecraft:yellow_dye":1,"minecraft:shield":2,"minecraft:birch_fence":9,"minecraft:stick":76,"minecraft:iron_ingot":70,"minecraft:iron_pickaxe":4,"minecraft:oak_stairs":4,"minecraft:wooden_axe":3,"minecraft:stone_sword":1,"minecraft:iron_shovel":1,"minecraft:iron_leggings":2,"minecraft:white_bed":2,"minecraft:torch":144,"minecraft:lapis_block":8},"minecraft:killed":{"minecraft:spider":3,"minecraft:slime":13,"minecraft:skeleton":12,"minecraft:chicken":3,"minecraft:pig":12,"minecraft:zombie_villager":1,"minecraft:salmon":5,"minecraft:bat":2,"minecraft:creeper":2,"minecraft:sheep":5,"minecraft:zombie":11},"minecraft:used":{"minecraft:oak_fence":35,"minecraft:stone_sword":32,"minecraft:iron_shovel":248,"minecraft:red_concrete":8,"minecraft:chest":2,"minecraft:shield":40,"minecraft:iron_sword":168,"minecraft:cooked_salmon":3,"minecraft:rotten_flesh":16,"minecraft:torch":150,"minecraft:dirt":175,"minecraft:spyglass":19,"minecraft:tuff":10,"minecraft:oak_fence_gate":1,"minecraft:iron_hoe":338,"minecraft:wooden_axe":99,"minecraft:iron_axe":161,"minecraft:oak_stairs":3,"minecraft:birch_sapling":1,"easy_hammers:iron_hammer":147,"minecraft:yellow_concrete_powder":8,"minecraft:furnace":3,"morevillagers:oceanography_table":1,"minecraft:potato":26,"minecraft:cobbled_deepslate":77,"minecraft:wheat_seeds":103,"minecraft:water_bucket":15,"minecraft:diorite":1,"minecraft:birch_planks":26,"minecraft:stone_pickaxe":123,"minecraft:oak_planks":27,"minecraft:wooden_pickaxe":3,"minecraft:sand":10,"minecraft:oak_slab":9,"minecraft:crafting_table":7,"minecraft:red_bed":1,"minecraft:yellow_concrete":4,"minecraft:white_bed":1,"minecraft:oak_log":3,"minecraft:apple":1,"minecraft:bread":4,"minecraft:melon_slice":27,"minecraft:iron_pickaxe":357,"minecraft:gravel":2,"minecraft:cobblestone":86,"minecraft:red_concrete_powder":8,"minecraft:porkchop":3,"minecraft:cooked_porkchop":19,"minecraft:andesite":2,"minecraft:bucket":17,"minecraft:chest_minecart":1,"minecraft:bone_meal":21}},"DataVersion":3465}