{"stats":{"minecraft:picked_up":{"minecraft:crafting_table":6,"minecraft:wheat":22,"minecraft:chicken":3,"minecraft:clay_ball":24,"minecraft:chest_minecart":1,"minecraft:amethyst_block":3,"minecraft:cooked_salmon":3,"minecraft:string":4,"minecraft:raw_copper":13,"minecraft:wooden_sword":1,"minecraft:cobbled_deepslate":25,"minecraft:calcite":5,"minecraft:poppy":10,"minecraft:iron_pickaxe":2,"minecraft:melon_slice":10,"minecraft:sugar_cane":17,"minecraft:chest":1,"minecraft:birch_sapling":4,"minecraft:furnace":2,"minecraft:stick":56,"minecraft:raw_iron":69,"minecraft:oak_fence":9,"minecraft:torch":38,"minecraft:porkchop":29,"minecraft:diorite":1,"minecraft:redstone":48,"minecraft:arrow":11,"minecraft:rotten_flesh":25,"minecraft:peony":9,"minecraft:mutton":9,"minecraft:rail":5,"minecraft:white_wool":7,"minecraft:cobblestone":286,"minecraft:birch_log":17,"minecraft:feather":1,"minecraft:lilac":4,"minecraft:andesite":2,"minecraft:salmon":5,"minecraft:potato":18,"minecraft:filled_map":1,"minecraft:flint":2,"minecraft:tuff":10,"minecraft:oak_log":176,"minecraft:gunpowder":1,"minecraft:lapis_lazuli":87,"minecraft:dirt":269,"minecraft:bone":11,"minecraft:apple":10,"minecraft:bow":1,"minecraft:wheat_seeds":84,"minecraft:raw_gold":5,"minecraft:stone_pickaxe":1,"minecraft:oak_planks":11,"minecraft:oak_slab":5,"minecraft:smooth_basalt":2,"minecraft:yellow_concrete":8,"minecraft:dandelion":5,"minecraft:raw_iron_block":1,"minecraft:gravel":11,"minecraft:sand":25,"minecraft:amethyst_shard":28,"minecraft:slime_ball":9,"minecraft:granite":22,"minecraft:oak_sapling":63,"minecraft:red_concrete":8,"minecraft:coal":99},"minecraft:mined":{"minecraft:large_amethyst_bud":1,"minecraft:farmland":1,"minecraft:tuff":10,"gravestone:gravestone":3,"minecraft:granite":22,"minecraft:grass_block":195,"minecraft:raw_iron_block":1,"minecraft:furnace":2,"minecraft:iron_ore":9,"minecraft:deepslate_lapis_ore":13,"minecraft:peony":11,"minecraft:potatoes":5,"minecraft:deepslate_iron_ore":63,"minecraft:dirt_path":1,"minecraft:rail":5,"minecraft:stone":150,"minecraft:deepslate_redstone_ore":11,"minecraft:oak_slab":3,"minecraft:lily_of_the_valley":1,"minecraft:amethyst_cluster":7,"minecraft:dandelion":5,"minecraft:oak_fence":1,"minecraft:clay":6,"minecraft:crafting_table":6,"minecraft:torch":8,"minecraft:calcite":5,"minecraft:poppy":11,"minecraft:melon":2,"minecraft:copper_ore":4,"minecraft:cobblestone":4,"minecraft:deepslate_gold_ore":5,"minecraft:red_concrete":8,"minecraft:sugar_cane":6,"minecraft:oak_planks":9,"minecraft:wall_torch":1,"minecraft:amethyst_block":3,"minecraft:birch_log":18,"minecraft:wheat":22,"minecraft:lilac":4,"minecraft:birch_leaves":1,"minecraft:grass":116,"minecraft:oak_log":181,"minecraft:coal_ore":58,"minecraft:gravel":13,"minecraft:sand":26,"minecraft:yellow_concrete":8,"minecraft:dirt":57,"minecraft:smooth_basalt":2,"minecraft:oak_leaves":73,"minecraft:deepslate":27},"minecraft:broken":{"minecraft:iron_pickaxe":1,"minecraft:wooden_axe":1},"minecraft:custom":{"minecraft:mob_kills":68,"minecraft:animals_bred":10,"minecraft:interact_with_crafting_table":46,"minecraft:leave_game":10,"minecraft:time_since_death":44104,"minecraft:climb_one_cm":2360,"minecraft:sprint_one_cm":522253,"minecraft:walk_one_cm":513400,"minecraft:damage_blocked_by_shield":2220,"minecraft:drop":47,"minecraft:play_time":171574,"minecraft:sneak_time":7248,"minecraft:deaths":2,"minecraft:walk_under_water_one_cm":47177,"minecraft:jump":3477,"minecraft:interact_with_blast_furnace":3,"minecraft:walk_on_water_one_cm":88120,"minecraft:total_world_time":171574,"minecraft:interact_with_furnace":56,"minecraft:sleep_in_bed":8,"minecraft:time_since_rest":4373,"minecraft:damage_taken":2336,"minecraft:damage_dealt":7312,"minecraft:swim_one_cm":212247,"minecraft:fly_one_cm":553473,"minecraft:open_chest":105,"minecraft:crouch_one_cm":16675,"minecraft:interact_with_smoker":18,"minecraft:fall_one_cm":84223},"minecraft:dropped":{"minecraft:iron_sword":1,"minecraft:wheat_seeds":1,"minecraft:golden_helmet":1,"minecraft:lilac":4,"minecraft:crafting_table":1,"minecraft:yellow_concrete":4,"minecraft:feather":1,"minecraft:cobblestone":4,"minecraft:birch_fence":9,"minecraft:wooden_axe":2,"minecraft:iron_leggings":1,"gravestone:obituary":4,"minecraft:wooden_sword":2,"minecraft:sand":3,"minecraft:iron_pickaxe":2,"minecraft:cooked_chicken":2,"minecraft:stone_sword":1,"minecraft:birch_sapling":1,"minecraft:rotten_flesh":5,"minecraft:iron_boots":1,"minecraft:oak_planks":3,"minecraft:filled_map":2,"minecraft:shield":1,"minecraft:iron_chestplate":1,"minecraft:oak_sapling":18,"minecraft:wooden_pickaxe":1,"minecraft:stone_pickaxe":2},"minecraft:crafted":{"easy_hammers:iron_hammer":1,"minecraft:yellow_concrete_powder":8,"minecraft:oak_planks":188,"minecraft:raw_iron":9,"minecraft:spyglass":1,"minecraft:cooked_chicken":3,"minecraft:furnace":1,"minecraft:bone_meal":21,"minecraft:cooked_mutton":9,"minecraft:red_concrete_powder":8,"minecraft:iron_boots":2,"minecraft:iron_axe":1,"minecraft:iron_hoe":1,"minecraft:stone_pickaxe":1,"minecraft:chest":1,"minecraft:oak_fence":45,"minecraft:red_dye":2,"minecraft:oak_slab":60,"minecraft:cooked_porkchop":27,"minecraft:crafting_table":3,"minecraft:wooden_pickaxe":1,"minecraft:iron_helmet":1,"minecraft:iron_sword":2,"minecraft:red_bed":1,"minecraft:cooked_salmon":5,"minecraft:copper_ingot":13,"minecraft:bucket":2,"minecraft:birch_planks":68,"minecraft:bread":6,"minecraft:air":0,"minecraft:oak_fence_gate":1,"minecraft:iron_chestplate":2,"minecraft:yellow_dye":1,"minecraft:shield":2,"minecraft:birch_fence":9,"minecraft:stick":76,"minecraft:iron_ingot":70,"minecraft:iron_pickaxe":3,"minecraft:oak_stairs":4,"minecraft:wooden_axe":3,"minecraft:stone_sword":1,"minecraft:iron_shovel":1,"minecraft:iron_leggings":2,"minecraft:white_bed":2,"minecraft:torch":72,"minecraft:lapis_block":8},"minecraft:killed":{"minecraft:spider":3,"minecraft:slime":13,"minecraft:skeleton":9,"minecraft:chicken":3,"minecraft:pig":12,"minecraft:zombie_villager":1,"minecraft:salmon":5,"minecraft:bat":2,"minecraft:creeper":2,"minecraft:sheep":5,"minecraft:zombie":10},"minecraft:used":{"minecraft:oak_fence":35,"minecraft:stone_sword":32,"minecraft:iron_shovel":248,"minecraft:red_concrete":8,"minecraft:chest":2,"minecraft:shield":32,"minecraft:iron_sword":137,"minecraft:cooked_salmon":3,"minecraft:rotten_flesh":16,"minecraft:torch":98,"minecraft:dirt":175,"minecraft:spyglass":19,"minecraft:tuff":10,"minecraft:oak_fence_gate":1,"minecraft:iron_hoe":338,"minecraft:wooden_axe":99,"minecraft:iron_axe":161,"minecraft:oak_stairs":3,"minecraft:birch_sapling":1,"easy_hammers:iron_hammer":27,"minecraft:yellow_concrete_powder":8,"minecraft:furnace":3,"minecraft:potato":19,"minecraft:cobbled_deepslate":24,"minecraft:wheat_seeds":84,"minecraft:water_bucket":15,"minecraft:diorite":1,"minecraft:birch_planks":26,"minecraft:stone_pickaxe":123,"minecraft:oak_planks":27,"minecraft:wooden_pickaxe":3,"minecraft:sand":10,"minecraft:oak_slab":9,"minecraft:crafting_table":7,"minecraft:red_bed":1,"minecraft:yellow_concrete":4,"minecraft:white_bed":1,"minecraft:oak_log":3,"minecraft:apple":1,"minecraft:bread":4,"minecraft:melon_slice":27,"minecraft:iron_pickaxe":274,"minecraft:gravel":2,"minecraft:cobblestone":86,"minecraft:red_concrete_powder":8,"minecraft:porkchop":3,"minecraft:cooked_porkchop":16,"minecraft:andesite":2,"minecraft:bucket":17,"minecraft:chest_minecart":1,"minecraft:bone_meal":21}},"DataVersion":3465}