{"stats":{"minecraft:custom":{"minecraft:animals_bred":6,"minecraft:interact_with_crafting_table":321,"minecraft:open_barrel":25,"minecraft:bell_ring":29,"minecraft:leave_game":42,"minecraft:time_since_death":578653,"minecraft:sprint_one_cm":3065385,"minecraft:damage_blocked_by_shield":8603,"minecraft:drop":303,"minecraft:talked_to_villager":127,"minecraft:play_time":1710303,"minecraft:deaths":3,"minecraft:jump":26440,"minecraft:walk_on_water_one_cm":404913,"minecraft:enchant_item":14,"minecraft:interact_with_furnace":317,"minecraft:traded_with_villager":108,"minecraft:interact_with_loom":4,"minecraft:sleep_in_bed":77,"minecraft:damage_dealt":31667,"minecraft:crouch_one_cm":488463,"minecraft:interact_with_smoker":20,"minecraft:use_cauldron":1,"minecraft:horse_one_cm":6974,"minecraft:mob_kills":193,"minecraft:inspect_hopper":1,"minecraft:damage_dealt_resisted":153,"minecraft:climb_one_cm":184922,"minecraft:walk_one_cm":3748383,"minecraft:damage_dealt_absorbed":146,"minecraft:sneak_time":151307,"minecraft:walk_under_water_one_cm":490339,"minecraft:boat_one_cm":494145,"minecraft:interact_with_blast_furnace":46,"minecraft:total_world_time":1710303,"minecraft:pot_flower":6,"minecraft:interact_with_stonecutter":14,"minecraft:interact_with_grindstone":7,"minecraft:time_since_rest":23872,"minecraft:damage_taken":14866,"minecraft:swim_one_cm":377446,"minecraft:fly_one_cm":5688633,"minecraft:open_chest":990,"minecraft:fish_caught":1,"minecraft:fall_one_cm":701273},"minecraft:mined":{"minecraft:spruce_planks":2,"minecraft:white_bed":31,"minecraft:oak_sapling":26,"minecraft:cherry_log":840,"minecraft:light_blue_carpet":1,"minecraft:obsidian":123,"minecraft:spruce_trapdoor":24,"minecraft:cherry_trapdoor":1,"minecraft:granite":42,"minecraft:grass_block":1514,"minecraft:composter":2,"minecraft:hopper":1,"minecraft:chiseled_stone_bricks":1,"minecraft:spawner":2,"minecraft:tall_seagrass":3,"minecraft:raw_iron_block":1,"minecraft:magma_block":20,"minecraft:dark_oak_trapdoor":2,"minecraft:iron_ore":126,"minecraft:barrel":21,"minecraft:turtle_egg":1,"minecraft:fire":62,"minecraft:cobbled_deepslate":101,"minecraft:deepslate_lapis_ore":4,"minecraft:azure_bluet":1,"minecraft:dark_oak_stairs":5,"minecraft:enchanting_table":1,"minecraft:pointed_dripstone":13,"minecraft:dirt_path":5,"minecraft:iron_bars":2,"minecraft:oak_stairs":23,"minecraft:spruce_slab":23,"minecraft:deepslate_redstone_ore":3,"minecraft:soul_fire":3,"minecraft:amethyst_cluster":1,"minecraft:clay":13,"minecraft:torch":44,"minecraft:blast_furnace":4,"minecraft:melon":17,"minecraft:poppy":48,"minecraft:calcite":277,"minecraft:chest":7,"minecraft:cobblestone":285,"minecraft:oak_planks":130,"minecraft:grindstone":1,"minecraft:sugar_cane":151,"minecraft:iron_door":9,"minecraft:wall_torch":41,"minecraft:amethyst_block":2,"minecraft:cherry_slab":61,"minecraft:deepslate_copper_ore":9,"minecraft:pink_petals":1,"minecraft:seagrass":1,"minecraft:cherry_fence":4,"minecraft:chain":7,"minecraft:dark_oak_slab":27,"minecraft:birch_log":174,"minecraft:wheat":11,"minecraft:cherry_door":3,"minecraft:stone_brick_stairs":12,"minecraft:grass":264,"minecraft:oak_log":660,"minecraft:beetroots":1,"minecraft:dark_oak_sapling":3,"minecraft:loom":1,"minecraft:sand":85,"minecraft:dirt":1584,"minecraft:smooth_basalt":4,"minecraft:stonecutter":1,"minecraft:netherrack":658,"minecraft:piston":2,"minecraft:oak_leaves":48,"minecraft:deepslate":1064,"minecraft:suspicious_gravel":1,"minecraft:infested_deepslate":2,"minecraft:tuff":101,"minecraft:deepslate_diamond_ore":8,"minecraft:oak_door":18,"minecraft:cherry_sapling":3,"minecraft:dark_oak_log":739,"minecraft:stripped_cherry_log":20,"gravestone:gravestone":4,"minecraft:chiseled_bookshelf":54,"minecraft:spruce_fence":1,"morevillagers:gardening_table":1,"minecraft:spruce_leaves":21,"minecraft:kelp":1,"minecraft:moss_block":2,"minecraft:sandstone":1,"morevillagers:woodworking_table":3,"minecraft:hay_block":21,"minecraft:oak_trapdoor":10,"minecraft:redstone_ore":8,"minecraft:spruce_sapling":3,"minecraft:furnace":5,"minecraft:carrots":5,"minecraft:andesite":58,"minecraft:dark_oak_fence_gate":15,"minecraft:stripped_spruce_log":77,"morevillagers:hunting_post":1,"minecraft:gold_block":1,"minecraft:bell":2,"minecraft:mossy_stone_brick_stairs":1,"minecraft:bookshelf":2,"minecraft:potatoes":9,"minecraft:deepslate_iron_ore":96,"minecraft:rail":1,"minecraft:lantern":1,"minecraft:stripped_oak_log":28,"minecraft:bamboo":189,"morevillagers:mining_bench":4,"minecraft:cherry_fence_gate":5,"minecraft:stone":1433,"minecraft:cherry_stairs":2,"minecraft:white_wool":1,"minecraft:podzol":12,"minecraft:oak_slab":3,"minecraft:scaffolding":356,"minecraft:flowering_azalea":1,"minecraft:glass_pane":9,"minecraft:cherry_planks":21,"minecraft:soul_sand":2,"minecraft:dandelion":3,"minecraft:crafting_table":19,"morevillagers:oceanography_table":1,"minecraft:copper_ore":435,"minecraft:tall_grass":42,"minecraft:deepslate_coal_ore":6,"minecraft:deepslate_gold_ore":15,"minecraft:diorite":42,"minecraft:spruce_stairs":46,"minecraft:birch_planks":2,"minecraft:bamboo_trapdoor":13,"minecraft:birch_leaves":17,"minecraft:spruce_log":1428,"minecraft:black_wool":1,"minecraft:coal_ore":115,"minecraft:dark_oak_sign":1,"minecraft:flower_pot":1,"minecraft:gravel":265,"minecraft:cherry_leaves":16,"minecraft:sunflower":3,"minecraft:dripstone_block":8,"minecraft:cobweb":99,"minecraft:spruce_fence_gate":1,"minecraft:stone_bricks":300,"minecraft:gold_ore":10,"minecraft:fern":9},"minecraft:dropped":{"minecraft:piston":2,"minecraft:birch_planks":4,"minecraft:diamond_axe":1,"minecraft:cooked_beef":2,"minecraft:ender_pearl":1,"minecraft:dark_oak_sapling":25,"minecraft:dark_oak_slab":144,"minecraft:flint":6,"minecraft:dirt":109,"minecraft:raw_copper_block":64,"minecraft:cherry_trapdoor":16,"minecraft:cherry_leaves":3,"gravestone:obituary":9,"minecraft:amethyst_shard":54,"minecraft:sand":17,"minecraft:cherry_door":4,"minecraft:white_wool":1,"minecraft:gold_ingot":12,"minecraft:gravel":82,"minecraft:compass":1,"minecraft:stone_axe":1,"minecraft:sugar_cane":33,"minecraft:lever":2,"minecraft:iron_nugget":11,"minecraft:cobbled_deepslate":2660,"minecraft:nether_brick":7,"minecraft:wheat":5,"minecraft:obsidian":12,"minecraft:pointed_dripstone":1,"minecraft:cherry_sapling":372,"minecraft:rotten_flesh":10,"minecraft:oak_planks":8,"minecraft:cooked_mutton":1,"minecraft:azure_bluet":1,"minecraft:leather_chestplate":3,"minecraft:beetroot_seeds":2,"minecraft:ladder":1,"minecraft:chest":2,"minecraft:iron_ore":1,"minecraft:arrow":13,"minecraft:crying_obsidian":1,"minecraft:cherry_fence":3,"minecraft:netherrack":101,"easy_hammers:diamond_hammer":2,"minecraft:water_bucket":1,"minecraft:bread":51,"minecraft:wheat_seeds":118,"minecraft:golden_helmet":1,"minecraft:dripstone_block":4,"minecraft:cobblestone":216,"minecraft:book":1,"minecraft:granite":32,"minecraft:copper_ingot":1,"minecraft:bamboo_block":1,"minecraft:grass_block":1,"minecraft:stick":14,"minecraft:oxeye_daisy":2,"minecraft:cherry_sign":2,"minecraft:diorite":15,"minecraft:wooden_hoe":1,"minecraft:cherry_planks":58,"minecraft:paper":3,"minecraft:string":2,"minecraft:bucket":2,"minecraft:bamboo_planks":1,"minecraft:spruce_sapling":52,"minecraft:dandelion":10,"minecraft:smooth_basalt":1,"minecraft:oak_trapdoor":1,"minecraft:stone_sword":2,"minecraft:raw_copper":14,"minecraft:deepslate":23,"minecraft:tuff":87,"minecraft:raw_iron":1,"minecraft:cherry_slab":64,"easy_hammers:iron_hammer":1,"minecraft:glass_pane":1,"minecraft:copper_ore":4,"minecraft:filled_map":5,"minecraft:stone":15,"minecraft:shield":1,"minecraft:oak_button":12,"minecraft:diamond_pickaxe":2,"minecraft:andesite":30,"minecraft:oak_sapling":94,"minecraft:stone_bricks":18,"minecraft:bamboo":3,"minecraft:bow":2,"minecraft:stone_pickaxe":2,"minecraft:wooden_pickaxe":2,"minecraft:calcite":62,"minecraft:magma_block":3},"minecraft:crafted":{"minecraft:brick":46,"minecraft:grindstone":1,"minecraft:oak_planks":1796,"easy_hammers:iron_hammer":3,"minecraft:barrel":127,"minecraft:cherry_slab":558,"minecraft:spruce_hanging_sign":18,"minecraft:chain":50,"minecraft:loom":1,"minecraft:stone":892,"minecraft:lever":2,"sophisticatedbackpacks:crafting_upgrade":1,"minecraft:bookshelf":3,"minecraft:spruce_pressure_plate":1,"minecraft:bamboo_block":4,"sophisticatedbackpacks:smelting_upgrade":1,"minecraft:hopper":8,"minecraft:iron_boots":1,"minecraft:chest":185,"minecraft:oak_button":12,"minecraft:stone_bricks":1124,"minecraft:cherry_fence":159,"minecraft:flower_pot":1,"minecraft:bamboo_raft":1,"minecraft:oak_slab":144,"minecraft:deepslate":236,"minecraft:emerald":62,"sophisticatedbackpacks:backpack":9,"minecraft:cooked_porkchop":54,"minecraft:crafting_table":11,"minecraft:spruce_planks":1796,"minecraft:iron_helmet":1,"minecraft:wooden_pickaxe":1,"minecraft:baked_potato":23,"minecraft:smithing_table":1,"minecraft:fletching_table":1,"minecraft:birch_planks":628,"sophisticatedbackpacks:upgrade_base":2,"minecraft:tnt":2,"minecraft:spruce_trapdoor":164,"minecraft:bamboo_planks":6,"minecraft:pink_wool":50,"minecraft:dark_oak_slab":686,"minecraft:iron_chestplate":1,"minecraft:book":4,"minecraft:wooden_hoe":1,"minecraft:paper":66,"minecraft:diamond_pickaxe":1,"minecraft:cherry_sign":9,"minecraft:shield":4,"minecraft:stick":1808,"minecraft:stone_slab":6,"minecraft:compass":4,"minecraft:iron_ingot":350,"minecraft:iron_pickaxe":4,"minecraft:stone_sword":4,"minecraft:gold_ingot":9,"minecraft:composter":6,"minecraft:dark_oak_fence_gate":181,"minecraft:spruce_fence_gate":48,"minecraft:shears":2,"minecraft:cherry_planks":2695,"minecraft:oak_door":3,"minecraft:raw_iron":34,"minecraft:stone_shovel":1,"minecraft:iron_nugget":279,"minecraft:furnace":7,"minecraft:piston":4,"minecraft:dark_oak_trapdoor":16,"minecraft:dark_oak_sign":93,"minecraft:bone_meal":72,"minecraft:spruce_fence":27,"minecraft:pink_dye":76,"minecraft:flint_and_steel":1,"minecraft:oak_trapdoor":82,"minecraft:cherry_trapdoor":150,"minecraft:lantern":11,"minecraft:spruce_stairs":364,"minecraft:iron_axe":2,"minecraft:ladder":6,"minecraft:spruce_slab":560,"minecraft:cherry_stairs":52,"minecraft:stone_pickaxe":2,"minecraft:chiseled_bookshelf":109,"minecraft:filled_map":1,"minecraft:dark_oak_planks":2954,"sophisticatedbackpacks:iron_backpack":1,"minecraft:cherry_fence_gate":56,"minecraft:wheat":189,"minecraft:cooked_beef":51,"minecraft:red_dye":47,"minecraft:dark_oak_stairs":164,"minecraft:amethyst_shard":44,"minecraft:enchanting_table":1,"minecraft:calcite":352,"minecraft:iron_sword":1,"sophisticatedbackpacks:gold_backpack":1,"morevillagers:mining_bench":1,"minecraft:bucket":1,"minecraft:stone_axe":4,"minecraft:air":0,"minecraft:bread":1,"minecraft:oak_boat":2,"minecraft:white_dye":40,"minecraft:oak_stairs":352,"minecraft:wooden_axe":1,"minecraft:iron_shovel":6,"minecraft:cherry_door":6,"minecraft:iron_leggings":1,"minecraft:stonecutter":1,"minecraft:white_bed":3,"minecraft:pink_banner":16,"minecraft:torch":132,"minecraft:clay":1},"minecraft:picked_up":{"minecraft:wheat":20,"minecraft:flower_pot":1,"minecraft:oak_stairs":21,"minecraft:turtle_egg":1,"minecraft:nether_brick":7,"minecraft:stone_brick_stairs":12,"minecraft:string":121,"minecraft:dark_oak_trapdoor":1,"minecraft:raw_copper":1923,"minecraft:cherry_boat":11,"minecraft:cobbled_deepslate":3838,"minecraft:bucket":2,"minecraft:spruce_planks":68,"minecraft:calcite":271,"minecraft:melon_slice":79,"minecraft:furnace":3,"minecraft:golden_helmet":2,"minecraft:stick":622,"minecraft:composter":2,"minecraft:oak_fence":3,"minecraft:torch":114,"minecraft:spruce_stairs":38,"minecraft:porkchop":54,"minecraft:cherry_log":839,"minecraft:pointed_dripstone":16,"minecraft:diorite":138,"morevillagers:hunting_post":1,"minecraft:golden_chestplate":1,"minecraft:stone_sword":1,"minecraft:rotten_flesh":69,"minecraft:tropical_fish":1,"minecraft:bookshelf":1,"minecraft:obsidian":137,"minecraft:iron_bars":2,"minecraft:cobblestone":5381,"minecraft:nautilus_shell":1,"minecraft:birch_log":177,"minecraft:enchanting_table":1,"minecraft:pink_petals":11,"minecraft:magma_block":14,"minecraft:leather_chestplate":2,"minecraft:andesite":107,"minecraft:cherry_planks":90,"minecraft:iron_door":9,"minecraft:cherry_leaves":16,"minecraft:water_bucket":1,"minecraft:golden_leggings":1,"minecraft:potato":140,"minecraft:flint":27,"minecraft:tuff":151,"minecraft:cherry_fence":4,"minecraft:cherry_door":3,"minecraft:lapis_lazuli":64,"minecraft:dirt":2186,"minecraft:lantern":2,"minecraft:bone":26,"morevillagers:oceanography_table":1,"minecraft:bow":2,"minecraft:stonecutter":1,"minecraft:wheat_seeds":151,"minecraft:raw_gold":32,"minecraft:bell":2,"minecraft:grindstone":1,"minecraft:dark_oak_sign":1,"minecraft:bamboo":1480,"minecraft:oak_planks":135,"minecraft:stone_hoe":1,"morevillagers:mining_bench":4,"minecraft:sand":53,"minecraft:jungle_planks":8,"minecraft:stripped_spruce_log":77,"minecraft:grass_block":6,"minecraft:loom":1,"minecraft:dark_oak_log":739,"minecraft:barrel":21,"minecraft:spruce_fence_gate":1,"minecraft:deepslate":37,"minecraft:diamond":31,"minecraft:lever":2,"minecraft:deepslate_gold_ore":5,"minecraft:granite":88,"minecraft:bread":30,"minecraft:oak_sapling":278,"minecraft:cherry_slab":65,"minecraft:netherrack":444,"minecraft:diamond_pickaxe":2,"minecraft:crafting_table":19,"minecraft:azure_bluet":1,"minecraft:clay_ball":52,"minecraft:wooden_pickaxe":1,"minecraft:pink_wool":46,"minecraft:gold_block":1,"morevillagers:woodworking_table":3,"minecraft:stripped_cherry_log":20,"minecraft:chain":7,"gravestone:obituary":6,"minecraft:shield":2,"minecraft:oak_trapdoor":10,"minecraft:compass":3,"minecraft:iron_shovel":1,"minecraft:glass_pane":8,"morevillagers:gardening_table":1,"minecraft:deepslate_diamond_ore":1,"minecraft:beef":51,"minecraft:oak_boat":11,"minecraft:poppy":48,"minecraft:spruce_slab":33,"minecraft:spruce_trapdoor":23,"minecraft:copper_ore":208,"minecraft:sugar_cane":235,"minecraft:chest":7,"minecraft:birch_sapling":34,"minecraft:piston":4,"minecraft:cherry_trapdoor":1,"minecraft:raw_copper_block":64,"minecraft:egg":8,"minecraft:dark_oak_sapling":126,"minecraft:raw_iron":447,"minecraft:sandstone":1,"minecraft:stone":382,"minecraft:cherry_stairs":1,"minecraft:oak_door":19,"minecraft:copper_ingot":1,"sophisticatedbackpacks:backpack":1,"minecraft:fire_charge":2,"easy_hammers:diamond_hammer":2,"minecraft:carrot":86,"minecraft:redstone":95,"minecraft:dark_oak_planks":2,"minecraft:cherry_fence_gate":5,"minecraft:arrow":35,"minecraft:beetroot_seeds":2,"minecraft:hay_block":21,"minecraft:rail":2,"minecraft:white_wool":79,"minecraft:oxeye_daisy":2,"minecraft:stripped_oak_log":28,"minecraft:leather":40,"minecraft:birch_planks":16,"minecraft:filled_map":1,"minecraft:oak_log":667,"minecraft:lily_pad":1,"minecraft:gunpowder":4,"easy_hammers:iron_hammer":1,"minecraft:paper":2,"minecraft:cooked_mutton":1,"minecraft:apple":36,"minecraft:stone_bricks":367,"minecraft:kelp":1,"minecraft:iron_ingot":25,"minecraft:stone_pickaxe":1,"minecraft:iron_ore":2,"minecraft:soul_sand":4,"minecraft:dark_oak_stairs":5,"minecraft:book":3,"minecraft:scaffolding":1239,"minecraft:oak_slab":6,"minecraft:smooth_basalt":4,"minecraft:dark_oak_slab":165,"minecraft:bamboo_planks":2,"minecraft:chiseled_stone_bricks":1,"minecraft:quartz":8,"minecraft:dandelion":15,"minecraft:raw_iron_block":4,"minecraft:dripstone_block":12,"minecraft:gravel":246,"minecraft:amethyst_shard":20,"minecraft:spruce_sapling":202,"minecraft:blast_furnace":4,"minecraft:white_bed":30,"minecraft:spruce_log":1410,"minecraft:crying_obsidian":5,"minecraft:dark_oak_fence_gate":14,"minecraft:spider_eye":5,"minecraft:coal_ore":2,"minecraft:bamboo_trapdoor":13,"minecraft:stone_axe":2,"minecraft:light_blue_carpet":1,"minecraft:redstone_ore":4,"minecraft:deepslate_redstone_ore":2,"minecraft:diamond_axe":1,"minecraft:cherry_sapling":530,"minecraft:black_wool":1,"minecraft:coal":234,"minecraft:hopper":1,"minecraft:ender_pearl":10},"minecraft:killed":{"minecraft:cave_spider":2,"minecraft:spider":18,"minecraft:skeleton":27,"minecraft:pig":28,"minecraft:zombie_villager":1,"minecraft:creeper":2,"minecraft:zombie":55,"minecraft:cow":33,"minecraft:drowned":17,"minecraft:enderman":4},"minecraft:used":{"minecraft:cherry_sapling":70,"morevillagers:woodworking_table":3,"minecraft:iron_shovel":3181,"minecraft:spruce_slab":473,"minecraft:ladder":11,"minecraft:poppy":1,"minecraft:shield":127,"minecraft:decorated_pot":4,"minecraft:chest":185,"minecraft:iron_sword":156,"minecraft:stone":134,"minecraft:bell":2,"minecraft:rotten_flesh":84,"minecraft:iron_chestplate":1,"minecraft:soul_sand":2,"minecraft:carrot":110,"minecraft:tuff":2,"minecraft:axolotl_bucket":1,"minecraft:obsidian":94,"minecraft:stripped_spruce_log":31,"minecraft:lava_bucket":17,"minecraft:coal_ore":2,"minecraft:grass_block":5,"minecraft:lantern":20,"minecraft:copper_ore":204,"minecraft:iron_helmet":1,"minecraft:dark_oak_slab":204,"minecraft:cherry_leaves":13,"minecraft:stone_brick_stairs":117,"minecraft:stone_bricks":1431,"minecraft:spruce_hanging_sign":16,"minecraft:scaffolding":1232,"minecraft:oak_sapling":148,"minecraft:furnace":9,"minecraft:cooked_cod":7,"morevillagers:oceanography_table":1,"minecraft:egg":8,"minecraft:potato":36,"minecraft:bamboo_trapdoor":47,"minecraft:dark_oak_sapling":87,"minecraft:light_blue_carpet":1,"minecraft:dark_oak_stairs":97,"minecraft:diorite":118,"minecraft:clay":1,"minecraft:oak_planks":598,"minecraft:sugar_cane":95,"minecraft:stone_pickaxe":141,"minecraft:dark_oak_sign":68,"minecraft:leather_chestplate":1,"minecraft:ender_pearl":2,"minecraft:wooden_pickaxe":10,"minecraft:composter":11,"minecraft:white_wool":1,"minecraft:dark_oak_trapdoor":16,"minecraft:sand":9,"minecraft:loom":1,"minecraft:blast_furnace":4,"minecraft:dripstone_block":2,"minecraft:lever":2,"morevillagers:mining_bench":6,"easy_hammers:diamond_hammer":815,"minecraft:melon_slice":78,"minecraft:bread":42,"minecraft:deepslate":14,"minecraft:iron_door":8,"minecraft:cherry_sign":4,"minecraft:gravel":23,"minecraft:grindstone":1,"minecraft:andesite":40,"minecraft:birch_log":20,"minecraft:chain":48,"minecraft:oak_boat":12,"minecraft:bone_meal":32,"minecraft:oak_fence":3,"minecraft:cherry_boat":11,"minecraft:oak_trapdoor":116,"minecraft:iron_bars":2,"minecraft:enchanting_table":2,"minecraft:stone_sword":242,"minecraft:flint_and_steel":52,"minecraft:tropical_fish":1,"minecraft:stone_shovel":24,"minecraft:spruce_planks":202,"easy_hammers:stone_hammer":395,"minecraft:deepslate_gold_ore":5,"minecraft:cooked_salmon":7,"minecraft:stone_hoe":36,"minecraft:netherrack":306,"minecraft:oak_door":20,"minecraft:torch":381,"minecraft:dirt":1564,"minecraft:hopper":9,"minecraft:golden_shovel":32,"minecraft:spruce_stairs":380,"minecraft:granite":56,"minecraft:spruce_fence":26,"minecraft:dark_oak_planks":10,"minecraft:wooden_axe":53,"minecraft:bamboo_raft":1,"minecraft:bookshelf":17,"minecraft:iron_axe":3753,"minecraft:oak_stairs":371,"minecraft:cherry_slab":277,"easy_hammers:iron_hammer":927,"minecraft:cherry_trapdoor":135,"minecraft:barrel":121,"minecraft:cherry_fence_gate":47,"minecraft:smooth_basalt":2,"minecraft:bamboo":1,"minecraft:diamond_chestplate":1,"minecraft:cherry_fence":160,"minecraft:cherry_log":12,"minecraft:cooked_beef":49,"minecraft:calcite":1314,"minecraft:cobbled_deepslate":541,"minecraft:iron_leggings":1,"minecraft:wheat_seeds":2,"minecraft:water_bucket":451,"minecraft:chiseled_bookshelf":157,"minecraft:iron_ore":1,"minecraft:birch_planks":4,"minecraft:baked_potato":23,"minecraft:cherry_planks":504,"minecraft:fletching_table":1,"minecraft:stonecutter":2,"minecraft:spruce_fence_gate":25,"minecraft:tnt":4,"minecraft:rail":2,"minecraft:bamboo_block":1,"minecraft:oak_slab":60,"minecraft:crafting_table":29,"minecraft:white_bed":33,"minecraft:dark_oak_fence_gate":187,"minecraft:spruce_log":895,"minecraft:oak_log":80,"minecraft:piston":4,"minecraft:flower_pot":11,"minecraft:wooden_hoe":1,"minecraft:diamond_pickaxe":2361,"minecraft:apple":41,"minecraft:cherry_door":5,"minecraft:iron_pickaxe":881,"minecraft:spruce_pressure_plate":1,"minecraft:spruce_trapdoor":164,"minecraft:spruce_sapling":83,"minecraft:chiseled_stone_bricks":1,"minecraft:stone_axe":2297,"minecraft:cherry_stairs":66,"minecraft:cobblestone":2028,"minecraft:fishing_rod":2,"minecraft:cooked_porkchop":54,"minecraft:bucket":471,"minecraft:glass_pane":7,"minecraft:stripped_oak_log":28},"minecraft:killed_by":{"minecraft:creeper":1,"minecraft:skeleton":1},"minecraft:broken":{"minecraft:golden_helmet":1,"minecraft:iron_shovel":10,"minecraft:iron_boots":1,"minecraft:golden_shovel":1,"minecraft:iron_leggings":1,"easy_hammers:iron_hammer":3,"minecraft:stone_axe":18,"minecraft:iron_sword":1,"minecraft:wooden_axe":1,"minecraft:stone_sword":2,"easy_hammers:stone_hammer":3,"minecraft:shield":2,"minecraft:iron_axe":15,"minecraft:iron_pickaxe":3,"minecraft:iron_helmet":1}},"DataVersion":3465}