{"stats":{"minecraft:killed_by":{"minecraft:skeleton":1},"minecraft:picked_up":{"minecraft:crafting_table":18,"minecraft:wheat":20,"minecraft:clay_ball":4,"minecraft:wooden_pickaxe":1,"minecraft:gold_block":1,"morevillagers:woodworking_table":3,"minecraft:nether_brick":7,"gravestone:obituary":4,"minecraft:string":5,"minecraft:raw_copper":76,"minecraft:compass":3,"minecraft:iron_shovel":1,"morevillagers:gardening_table":1,"minecraft:cobbled_deepslate":938,"minecraft:beef":51,"minecraft:oak_boat":11,"minecraft:poppy":9,"minecraft:melon_slice":78,"minecraft:sugar_cane":23,"minecraft:chest":1,"minecraft:birch_sapling":34,"minecraft:piston":4,"minecraft:furnace":3,"minecraft:golden_helmet":1,"minecraft:stick":42,"minecraft:raw_iron":93,"minecraft:sandstone":1,"minecraft:stone":5,"minecraft:oak_door":14,"minecraft:composter":2,"minecraft:copper_ingot":1,"minecraft:torch":5,"sophisticatedbackpacks:backpack":1,"minecraft:fire_charge":2,"minecraft:porkchop":54,"minecraft:diorite":3,"minecraft:carrot":10,"minecraft:redstone":34,"minecraft:golden_chestplate":1,"minecraft:arrow":14,"minecraft:rotten_flesh":45,"minecraft:tropical_fish":1,"minecraft:beetroot_seeds":2,"minecraft:hay_block":21,"minecraft:obsidian":54,"minecraft:iron_bars":2,"minecraft:white_wool":10,"minecraft:cobblestone":242,"minecraft:nautilus_shell":1,"minecraft:birch_log":158,"minecraft:enchanting_table":1,"minecraft:leather_chestplate":2,"minecraft:andesite":38,"minecraft:leather":40,"minecraft:golden_leggings":1,"minecraft:potato":40,"minecraft:filled_map":1,"minecraft:birch_planks":8,"minecraft:flint":5,"minecraft:oak_log":47,"minecraft:gunpowder":4,"easy_hammers:iron_hammer":1,"minecraft:lapis_lazuli":36,"minecraft:dirt":61,"minecraft:bone":12,"morevillagers:oceanography_table":1,"minecraft:apple":2,"minecraft:kelp":1,"minecraft:bow":1,"minecraft:wheat_seeds":49,"minecraft:raw_gold":4,"minecraft:bell":2,"minecraft:iron_ingot":11,"minecraft:stone_hoe":1,"minecraft:oak_planks":39,"minecraft:soul_sand":4,"minecraft:quartz":8,"minecraft:raw_iron_block":1,"morevillagers:mining_bench":4,"minecraft:gravel":40,"minecraft:sand":43,"minecraft:amethyst_shard":20,"minecraft:blast_furnace":2,"minecraft:white_bed":22,"minecraft:crying_obsidian":5,"minecraft:spider_eye":2,"minecraft:diamond":2,"minecraft:deepslate":22,"minecraft:lever":2,"minecraft:light_blue_carpet":1,"minecraft:granite":22,"minecraft:oak_sapling":21,"minecraft:netherrack":134,"minecraft:coal":50,"minecraft:ender_pearl":5},"minecraft:mined":{"minecraft:white_bed":23,"minecraft:deepslate_diamond_ore":1,"minecraft:oak_door":14,"minecraft:light_blue_carpet":1,"minecraft:obsidian":54,"minecraft:granite":25,"gravestone:gravestone":2,"minecraft:grass_block":18,"morevillagers:gardening_table":1,"minecraft:composter":2,"minecraft:moss_block":2,"minecraft:kelp":1,"morevillagers:woodworking_table":3,"minecraft:hay_block":21,"minecraft:tall_seagrass":3,"minecraft:raw_iron_block":1,"minecraft:furnace":5,"minecraft:carrots":4,"minecraft:iron_ore":35,"minecraft:fire":24,"minecraft:cobbled_deepslate":7,"minecraft:andesite":10,"minecraft:gold_block":1,"minecraft:enchanting_table":1,"minecraft:bell":2,"minecraft:mossy_stone_brick_stairs":1,"minecraft:potatoes":8,"minecraft:dirt_path":4,"minecraft:deepslate_iron_ore":38,"minecraft:iron_bars":2,"morevillagers:mining_bench":4,"minecraft:stone":210,"minecraft:deepslate_redstone_ore":1,"minecraft:soul_sand":2,"minecraft:flowering_azalea":1,"minecraft:soul_fire":3,"minecraft:amethyst_cluster":1,"minecraft:clay":1,"minecraft:crafting_table":18,"minecraft:torch":1,"minecraft:blast_furnace":2,"morevillagers:oceanography_table":1,"minecraft:poppy":9,"minecraft:melon":17,"minecraft:chest":1,"minecraft:copper_ore":2,"minecraft:tall_grass":1,"minecraft:cobblestone":39,"minecraft:deepslate_coal_ore":6,"minecraft:deepslate_gold_ore":1,"minecraft:oak_planks":35,"minecraft:sugar_cane":18,"minecraft:diorite":4,"minecraft:wall_torch":4,"minecraft:amethyst_block":1,"minecraft:deepslate_copper_ore":6,"minecraft:seagrass":1,"minecraft:birch_log":159,"minecraft:wheat":11,"minecraft:birch_leaves":17,"minecraft:grass":11,"minecraft:coal_ore":26,"minecraft:oak_log":51,"minecraft:beetroots":1,"minecraft:gravel":56,"minecraft:dirt":22,"minecraft:sunflower":3,"minecraft:sand":72,"minecraft:netherrack":178,"minecraft:gold_ore":1,"minecraft:piston":2,"minecraft:oak_leaves":21,"minecraft:deepslate":303,"minecraft:fern":3,"minecraft:suspicious_gravel":1},"minecraft:broken":{"minecraft:golden_helmet":1,"minecraft:shield":1,"minecraft:iron_axe":1,"minecraft:stone_axe":2,"minecraft:iron_pickaxe":1,"minecraft:wooden_axe":1},"minecraft:custom":{"minecraft:mob_kills":127,"minecraft:animals_bred":6,"minecraft:interact_with_crafting_table":93,"minecraft:bell_ring":28,"minecraft:leave_game":22,"minecraft:time_since_death":276455,"minecraft:climb_one_cm":6317,"minecraft:sprint_one_cm":696717,"minecraft:walk_one_cm":671752,"minecraft:damage_blocked_by_shield":2850,"minecraft:drop":89,"minecraft:damage_dealt_absorbed":40,"minecraft:talked_to_villager":88,"minecraft:play_time":362348,"minecraft:sneak_time":17852,"minecraft:deaths":1,"minecraft:walk_under_water_one_cm":71946,"minecraft:boat_one_cm":430695,"minecraft:jump":6191,"minecraft:interact_with_blast_furnace":18,"minecraft:walk_on_water_one_cm":149558,"minecraft:enchant_item":4,"minecraft:total_world_time":362348,"minecraft:interact_with_furnace":130,"minecraft:traded_with_villager":72,"minecraft:sleep_in_bed":27,"minecraft:time_since_rest":23640,"minecraft:damage_taken":3837,"minecraft:damage_dealt":19263,"minecraft:swim_one_cm":175502,"minecraft:fly_one_cm":1144265,"minecraft:open_chest":53,"minecraft:crouch_one_cm":35370,"minecraft:fall_one_cm":161972,"minecraft:interact_with_smoker":20,"minecraft:horse_one_cm":6974},"minecraft:dropped":{"minecraft:piston":2,"minecraft:wheat_seeds":10,"minecraft:granite":2,"minecraft:copper_ingot":1,"minecraft:dirt":16,"minecraft:wooden_hoe":1,"gravestone:obituary":5,"minecraft:amethyst_shard":54,"minecraft:sand":12,"minecraft:white_wool":1,"minecraft:gold_ingot":12,"minecraft:gravel":4,"minecraft:lever":1,"minecraft:oak_trapdoor":1,"minecraft:iron_nugget":3,"minecraft:cobbled_deepslate":298,"minecraft:raw_copper":7,"minecraft:nether_brick":7,"minecraft:deepslate":22,"minecraft:wheat":5,"minecraft:rotten_flesh":3,"minecraft:oak_planks":8,"easy_hammers:iron_hammer":1,"minecraft:filled_map":5,"minecraft:leather_chestplate":3,"minecraft:stone":2,"minecraft:beetroot_seeds":2,"minecraft:andesite":9,"minecraft:chest":1,"minecraft:oak_sapling":4,"minecraft:arrow":1,"minecraft:bow":1,"minecraft:stone_pickaxe":1,"minecraft:wooden_pickaxe":2,"minecraft:crying_obsidian":1,"minecraft:netherrack":28},"minecraft:crafted":{"minecraft:oak_door":3,"easy_hammers:iron_hammer":3,"minecraft:oak_planks":128,"minecraft:raw_iron":9,"minecraft:furnace":3,"minecraft:piston":4,"minecraft:stone":2,"minecraft:bone_meal":24,"minecraft:lever":2,"minecraft:oak_trapdoor":4,"minecraft:flint_and_steel":1,"minecraft:iron_boots":1,"minecraft:iron_axe":2,"minecraft:ladder":6,"minecraft:stone_pickaxe":1,"minecraft:chest":1,"minecraft:filled_map":1,"sophisticatedbackpacks:iron_backpack":1,"minecraft:wheat":189,"minecraft:cooked_beef":51,"minecraft:red_dye":9,"minecraft:deepslate":236,"minecraft:emerald":53,"sophisticatedbackpacks:backpack":9,"minecraft:cooked_porkchop":54,"minecraft:crafting_table":6,"minecraft:amethyst_shard":34,"minecraft:enchanting_table":1,"minecraft:wooden_pickaxe":1,"minecraft:iron_helmet":1,"sophisticatedbackpacks:gold_backpack":1,"minecraft:fletching_table":1,"minecraft:bucket":1,"morevillagers:mining_bench":1,"minecraft:birch_planks":356,"minecraft:stone_axe":2,"minecraft:air":0,"minecraft:bread":1,"minecraft:tnt":2,"minecraft:oak_boat":2,"minecraft:iron_chestplate":1,"minecraft:wooden_hoe":1,"minecraft:diamond_pickaxe":1,"minecraft:shield":2,"minecraft:stick":726,"minecraft:iron_ingot":59,"minecraft:compass":4,"minecraft:iron_pickaxe":3,"minecraft:wooden_axe":1,"minecraft:gold_ingot":9,"minecraft:iron_leggings":1,"minecraft:white_bed":3,"minecraft:torch":28,"minecraft:shears":1,"minecraft:clay":1},"minecraft:killed":{"minecraft:cave_spider":1,"minecraft:spider":5,"minecraft:skeleton":10,"minecraft:drowned":17,"minecraft:pig":28,"minecraft:creeper":1,"minecraft:zombie":28,"minecraft:enderman":2,"minecraft:cow":33},"minecraft:used":{"minecraft:oak_trapdoor":1,"morevillagers:woodworking_table":3,"minecraft:iron_bars":2,"minecraft:enchanting_table":1,"minecraft:flint_and_steel":6,"minecraft:tropical_fish":1,"minecraft:ladder":6,"minecraft:chest":1,"minecraft:shield":63,"minecraft:stone":1,"minecraft:bell":2,"minecraft:cooked_salmon":7,"minecraft:rotten_flesh":1,"minecraft:netherrack":22,"minecraft:oak_door":15,"minecraft:iron_chestplate":1,"minecraft:torch":30,"minecraft:soul_sand":2,"minecraft:dirt":35,"minecraft:carrot":1,"minecraft:axolotl_bucket":1,"minecraft:granite":20,"minecraft:obsidian":25,"minecraft:wooden_axe":53,"minecraft:lava_bucket":16,"minecraft:iron_axe":374,"easy_hammers:iron_hammer":249,"minecraft:iron_helmet":1,"minecraft:furnace":6,"minecraft:cooked_cod":7,"morevillagers:oceanography_table":1,"minecraft:potato":20,"minecraft:cooked_beef":13,"minecraft:cobbled_deepslate":24,"minecraft:light_blue_carpet":1,"minecraft:iron_leggings":1,"minecraft:wheat_seeds":1,"minecraft:water_bucket":53,"minecraft:oak_planks":42,"minecraft:stone_pickaxe":79,"minecraft:wooden_pickaxe":10,"minecraft:leather_chestplate":1,"minecraft:ender_pearl":1,"minecraft:clay":1,"minecraft:sugar_cane":23,"minecraft:composter":2,"minecraft:fletching_table":1,"minecraft:blast_furnace":2,"minecraft:sand":4,"minecraft:tnt":4,"minecraft:crafting_table":24,"minecraft:white_bed":24,"minecraft:piston":4,"morevillagers:mining_bench":5,"minecraft:wooden_hoe":1,"minecraft:lever":2,"minecraft:diamond_pickaxe":237,"minecraft:apple":2,"minecraft:melon_slice":78,"minecraft:bread":1,"minecraft:iron_pickaxe":408,"minecraft:gravel":22,"minecraft:stone_axe":153,"minecraft:cobblestone":71,"minecraft:cooked_porkchop":16,"minecraft:bucket":72,"minecraft:birch_log":5,"minecraft:oak_boat":12,"minecraft:bone_meal":24}},"DataVersion":3465}