{"stats":{"minecraft:dropped":{"minecraft:sugar_cane":9},"minecraft:mined":{"minecraft:grass_block":1,"minecraft:packed_ice":1,"minecraft:ice":22,"minecraft:spruce_log":11,"minecraft:spruce_leaves":2,"minecraft:spruce_door":9,"minecraft:sugar_cane":1},"minecraft:used":{"minecraft:wooden_axe":19,"securitycraft:sentry":1,"minecraft:spruce_door":12,"minecraft:crafting_table":1,"securitycraft:rift_stabilizer":5,"minecraft:spruce_pressure_plate":1},"minecraft:picked_up":{"securitycraft:sentry":1,"minecraft:spruce_log":9,"minecraft:sugar_cane":11,"minecraft:spruce_door":8},"minecraft:crafted":{"minecraft:spruce_door":6,"minecraft:crafting_table":1,"minecraft:spruce_planks":36,"minecraft:stick":4,"minecraft:spruce_pressure_plate":1,"minecraft:wooden_axe":1},"minecraft:custom":{"minecraft:time_since_rest":35482,"minecraft:open_chest":2,"minecraft:crouch_one_cm":6899,"minecraft:sprint_one_cm":44740,"minecraft:play_time":35482,"minecraft:damage_taken":65,"minecraft:walk_one_cm":31948,"minecraft:sneak_time":2729,"minecraft:walk_under_water_one_cm":29361,"minecraft:drop":9,"minecraft:jump":415,"minecraft:damage_dealt":10,"minecraft:leave_game":3,"minecraft:time_since_death":35482,"minecraft:walk_on_water_one_cm":6071,"minecraft:total_world_time":35482,"minecraft:swim_one_cm":8132,"minecraft:interact_with_crafting_table":2,"minecraft:fall_one_cm":1585,"minecraft:fly_one_cm":566775}},"DataVersion":3465}