{"stats":{"minecraft:killed_by":{"minecraft:skeleton":1},"minecraft:picked_up":{"minecraft:crafting_table":17,"minecraft:wheat":6,"minecraft:clay_ball":4,"minecraft:wooden_pickaxe":1,"minecraft:gold_block":1,"morevillagers:woodworking_table":3,"gravestone:obituary":4,"minecraft:string":3,"minecraft:raw_copper":7,"minecraft:iron_shovel":1,"morevillagers:gardening_table":1,"minecraft:cobbled_deepslate":16,"minecraft:beef":51,"minecraft:oak_boat":9,"minecraft:poppy":9,"minecraft:sugar_cane":8,"minecraft:melon_slice":78,"minecraft:chest":1,"minecraft:birch_sapling":14,"minecraft:furnace":3,"minecraft:stick":31,"minecraft:raw_iron":71,"minecraft:sandstone":1,"minecraft:oak_door":14,"minecraft:composter":2,"minecraft:copper_ingot":1,"minecraft:torch":2,"sophisticatedbackpacks:backpack":1,"minecraft:porkchop":54,"minecraft:diorite":3,"minecraft:carrot":10,"minecraft:arrow":11,"minecraft:rotten_flesh":44,"minecraft:tropical_fish":1,"minecraft:beetroot_seeds":2,"minecraft:hay_block":21,"minecraft:iron_bars":2,"minecraft:cobblestone":161,"minecraft:white_wool":9,"minecraft:nautilus_shell":1,"minecraft:birch_log":95,"minecraft:leather_chestplate":2,"minecraft:andesite":6,"minecraft:leather":36,"minecraft:potato":37,"minecraft:flint":3,"minecraft:oak_log":47,"minecraft:dirt":32,"minecraft:bone":8,"minecraft:apple":2,"minecraft:kelp":1,"minecraft:wheat_seeds":17,"minecraft:bell":2,"minecraft:iron_ingot":9,"minecraft:oak_planks":17,"morevillagers:mining_bench":2,"minecraft:raw_iron_block":1,"minecraft:gravel":24,"minecraft:sand":37,"minecraft:blast_furnace":2,"minecraft:white_bed":9,"minecraft:spider_eye":2,"minecraft:granite":20,"minecraft:oak_sapling":21,"minecraft:netherrack":1,"minecraft:coal":26},"minecraft:mined":{"minecraft:white_bed":10,"minecraft:oak_door":14,"minecraft:granite":20,"gravestone:gravestone":2,"morevillagers:gardening_table":1,"minecraft:grass_block":13,"minecraft:kelp":1,"minecraft:moss_block":2,"minecraft:composter":2,"morevillagers:woodworking_table":3,"minecraft:hay_block":21,"minecraft:tall_seagrass":3,"minecraft:raw_iron_block":1,"minecraft:furnace":5,"minecraft:carrots":4,"minecraft:iron_ore":33,"minecraft:fire":17,"minecraft:andesite":8,"minecraft:gold_block":1,"minecraft:bell":2,"minecraft:mossy_stone_brick_stairs":1,"minecraft:potatoes":7,"minecraft:dirt_path":2,"minecraft:deepslate_iron_ore":33,"minecraft:iron_bars":2,"morevillagers:mining_bench":2,"minecraft:stone":154,"minecraft:flowering_azalea":1,"minecraft:clay":1,"minecraft:crafting_table":17,"minecraft:torch":1,"minecraft:blast_furnace":2,"minecraft:poppy":9,"minecraft:melon":17,"minecraft:chest":1,"minecraft:tall_grass":1,"minecraft:copper_ore":2,"minecraft:cobblestone":7,"minecraft:sugar_cane":4,"minecraft:oak_planks":13,"minecraft:diorite":3,"minecraft:wall_torch":1,"minecraft:seagrass":1,"minecraft:birch_log":96,"minecraft:wheat":10,"minecraft:birch_leaves":8,"minecraft:grass":10,"minecraft:oak_log":51,"minecraft:coal_ore":26,"minecraft:beetroots":1,"minecraft:sunflower":3,"minecraft:gravel":42,"minecraft:sand":66,"minecraft:dirt":18,"minecraft:netherrack":14,"minecraft:oak_leaves":19,"minecraft:deepslate":13,"minecraft:fern":3,"minecraft:suspicious_gravel":1},"minecraft:broken":{"minecraft:iron_axe":1,"minecraft:stone_axe":2,"minecraft:wooden_axe":1},"minecraft:dropped":{"minecraft:copper_ingot":1,"minecraft:dirt":4,"minecraft:wooden_hoe":1,"gravestone:obituary":5,"minecraft:sand":12,"minecraft:iron_nugget":3,"minecraft:cobbled_deepslate":1,"minecraft:raw_copper":7,"minecraft:wheat":5,"minecraft:rotten_flesh":2,"minecraft:oak_planks":8,"minecraft:filled_map":3,"minecraft:leather_chestplate":3,"minecraft:beetroot_seeds":2,"minecraft:chest":1,"minecraft:oak_sapling":4,"minecraft:wooden_pickaxe":2,"minecraft:arrow":1,"minecraft:stone_pickaxe":1},"minecraft:custom":{"minecraft:mob_kills":118,"minecraft:interact_with_crafting_table":60,"minecraft:bell_ring":28,"minecraft:leave_game":15,"minecraft:time_since_death":122652,"minecraft:climb_one_cm":4375,"minecraft:sprint_one_cm":435783,"minecraft:walk_one_cm":359057,"minecraft:damage_blocked_by_shield":2370,"minecraft:drop":39,"minecraft:damage_dealt_absorbed":40,"minecraft:talked_to_villager":52,"minecraft:play_time":208545,"minecraft:sneak_time":12940,"minecraft:deaths":1,"minecraft:walk_under_water_one_cm":63412,"minecraft:boat_one_cm":430695,"minecraft:jump":3698,"minecraft:interact_with_blast_furnace":9,"minecraft:walk_on_water_one_cm":48531,"minecraft:total_world_time":208545,"minecraft:interact_with_furnace":90,"minecraft:traded_with_villager":11,"minecraft:sleep_in_bed":15,"minecraft:time_since_rest":15022,"minecraft:damage_taken":2777,"minecraft:damage_dealt":17157,"minecraft:swim_one_cm":149858,"minecraft:fly_one_cm":723082,"minecraft:open_chest":24,"minecraft:crouch_one_cm":23858,"minecraft:fall_one_cm":103756,"minecraft:horse_one_cm":6974},"minecraft:crafted":{"minecraft:oak_door":3,"easy_hammers:iron_hammer":3,"minecraft:oak_planks":92,"minecraft:raw_iron":9,"minecraft:furnace":3,"minecraft:stone":2,"minecraft:bone_meal":24,"minecraft:iron_boots":1,"minecraft:iron_axe":2,"minecraft:stone_pickaxe":1,"minecraft:chest":1,"sophisticatedbackpacks:iron_backpack":1,"minecraft:wheat":189,"minecraft:cooked_beef":13,"minecraft:red_dye":9,"minecraft:emerald":11,"sophisticatedbackpacks:backpack":9,"minecraft:cooked_porkchop":54,"minecraft:crafting_table":5,"minecraft:wooden_pickaxe":1,"minecraft:iron_helmet":1,"sophisticatedbackpacks:gold_backpack":1,"morevillagers:mining_bench":1,"minecraft:bucket":1,"minecraft:stone_axe":2,"minecraft:bread":1,"minecraft:air":0,"minecraft:oak_boat":2,"minecraft:iron_chestplate":1,"minecraft:wooden_hoe":1,"minecraft:shield":2,"minecraft:stick":8,"minecraft:iron_ingot":41,"minecraft:iron_pickaxe":2,"minecraft:wooden_axe":1,"minecraft:iron_leggings":1,"minecraft:gold_ingot":9,"minecraft:white_bed":2,"minecraft:torch":12,"minecraft:shears":1,"minecraft:clay":1},"minecraft:killed":{"minecraft:cave_spider":1,"minecraft:spider":5,"minecraft:skeleton":6,"minecraft:drowned":17,"minecraft:pig":28,"minecraft:creeper":1,"minecraft:zombie":25,"minecraft:cow":33},"minecraft:used":{"morevillagers:woodworking_table":3,"minecraft:iron_bars":2,"minecraft:tropical_fish":1,"minecraft:chest":1,"minecraft:shield":56,"minecraft:bell":2,"minecraft:cooked_salmon":7,"minecraft:rotten_flesh":1,"minecraft:netherrack":1,"minecraft:iron_chestplate":1,"minecraft:oak_door":15,"minecraft:torch":11,"minecraft:dirt":14,"minecraft:carrot":1,"minecraft:axolotl_bucket":1,"minecraft:wooden_axe":53,"minecraft:lava_bucket":6,"minecraft:iron_axe":254,"easy_hammers:iron_hammer":1,"minecraft:iron_helmet":1,"minecraft:furnace":6,"minecraft:cooked_cod":7,"minecraft:cooked_beef":2,"minecraft:potato":19,"minecraft:cobbled_deepslate":15,"minecraft:iron_leggings":1,"minecraft:wheat_seeds":1,"minecraft:water_bucket":26,"minecraft:stone_pickaxe":79,"minecraft:oak_planks":20,"minecraft:wooden_pickaxe":10,"minecraft:leather_chestplate":1,"minecraft:composter":2,"minecraft:sugar_cane":8,"minecraft:clay":1,"minecraft:sand":4,"minecraft:crafting_table":22,"minecraft:blast_furnace":2,"minecraft:white_bed":10,"morevillagers:mining_bench":3,"minecraft:wooden_hoe":1,"minecraft:apple":2,"minecraft:bread":1,"minecraft:melon_slice":78,"minecraft:iron_pickaxe":253,"minecraft:gravel":1,"minecraft:stone_axe":153,"minecraft:cobblestone":46,"minecraft:cooked_porkchop":10,"minecraft:birch_log":5,"minecraft:bucket":34,"minecraft:oak_boat":10,"minecraft:bone_meal":24}},"DataVersion":3465}