{"stats":{"minecraft:killed_by":{"minecraft:skeleton":1},"minecraft:picked_up":{"minecraft:crafting_table":17,"minecraft:wheat":6,"minecraft:clay_ball":4,"minecraft:wooden_pickaxe":1,"minecraft:gold_block":1,"morevillagers:woodworking_table":3,"gravestone:obituary":4,"minecraft:string":3,"minecraft:raw_copper":76,"minecraft:iron_shovel":1,"morevillagers:gardening_table":1,"minecraft:cobbled_deepslate":932,"minecraft:beef":51,"minecraft:oak_boat":9,"minecraft:poppy":9,"minecraft:melon_slice":78,"minecraft:sugar_cane":23,"minecraft:chest":1,"minecraft:birch_sapling":34,"minecraft:furnace":3,"minecraft:stick":37,"minecraft:raw_iron":93,"minecraft:sandstone":1,"minecraft:oak_door":14,"minecraft:composter":2,"minecraft:copper_ingot":1,"minecraft:torch":5,"sophisticatedbackpacks:backpack":1,"minecraft:porkchop":54,"minecraft:diorite":3,"minecraft:carrot":10,"minecraft:arrow":11,"minecraft:rotten_flesh":44,"minecraft:tropical_fish":1,"minecraft:beetroot_seeds":2,"minecraft:hay_block":21,"minecraft:iron_bars":2,"minecraft:white_wool":10,"minecraft:cobblestone":233,"minecraft:nautilus_shell":1,"minecraft:birch_log":158,"minecraft:leather_chestplate":2,"minecraft:andesite":38,"minecraft:leather":36,"minecraft:potato":37,"minecraft:flint":3,"minecraft:oak_log":47,"minecraft:lapis_lazuli":18,"minecraft:dirt":51,"minecraft:bone":8,"minecraft:apple":2,"minecraft:kelp":1,"minecraft:wheat_seeds":17,"minecraft:raw_gold":4,"minecraft:bell":2,"minecraft:iron_ingot":9,"minecraft:oak_planks":34,"morevillagers:mining_bench":2,"minecraft:raw_iron_block":1,"minecraft:gravel":24,"minecraft:sand":37,"minecraft:amethyst_shard":4,"minecraft:blast_furnace":2,"minecraft:white_bed":14,"minecraft:spider_eye":2,"minecraft:diamond":2,"minecraft:deepslate":22,"minecraft:granite":22,"minecraft:oak_sapling":21,"minecraft:netherrack":1,"minecraft:coal":50},"minecraft:mined":{"minecraft:white_bed":15,"minecraft:deepslate_diamond_ore":1,"minecraft:oak_door":14,"gravestone:gravestone":2,"minecraft:granite":25,"minecraft:grass_block":14,"morevillagers:gardening_table":1,"minecraft:moss_block":2,"minecraft:composter":2,"minecraft:kelp":1,"morevillagers:woodworking_table":3,"minecraft:hay_block":21,"minecraft:tall_seagrass":3,"minecraft:raw_iron_block":1,"minecraft:furnace":5,"minecraft:carrots":4,"minecraft:iron_ore":35,"minecraft:cobbled_deepslate":1,"minecraft:fire":24,"minecraft:andesite":10,"minecraft:gold_block":1,"minecraft:bell":2,"minecraft:mossy_stone_brick_stairs":1,"minecraft:potatoes":7,"minecraft:dirt_path":4,"minecraft:deepslate_iron_ore":38,"minecraft:iron_bars":2,"morevillagers:mining_bench":2,"minecraft:stone":197,"minecraft:flowering_azalea":1,"minecraft:amethyst_cluster":1,"minecraft:clay":1,"minecraft:crafting_table":17,"minecraft:torch":1,"minecraft:blast_furnace":2,"minecraft:poppy":9,"minecraft:melon":17,"minecraft:chest":1,"minecraft:copper_ore":2,"minecraft:tall_grass":1,"minecraft:cobblestone":28,"minecraft:deepslate_coal_ore":6,"minecraft:deepslate_gold_ore":1,"minecraft:sugar_cane":18,"minecraft:oak_planks":30,"minecraft:diorite":3,"minecraft:wall_torch":4,"minecraft:amethyst_block":1,"minecraft:deepslate_copper_ore":6,"minecraft:seagrass":1,"minecraft:birch_log":159,"minecraft:wheat":10,"minecraft:birch_leaves":17,"minecraft:grass":11,"minecraft:oak_log":51,"minecraft:coal_ore":26,"minecraft:beetroots":1,"minecraft:sunflower":3,"minecraft:gravel":42,"minecraft:sand":66,"minecraft:dirt":19,"minecraft:netherrack":14,"minecraft:gold_ore":1,"minecraft:oak_leaves":21,"minecraft:deepslate":303,"minecraft:fern":3,"minecraft:suspicious_gravel":1},"minecraft:broken":{"minecraft:iron_axe":1,"minecraft:stone_axe":2,"minecraft:iron_pickaxe":1,"minecraft:wooden_axe":1},"minecraft:dropped":{"minecraft:granite":2,"minecraft:copper_ingot":1,"minecraft:dirt":4,"minecraft:wooden_hoe":1,"gravestone:obituary":5,"minecraft:amethyst_shard":4,"minecraft:sand":12,"minecraft:white_wool":1,"minecraft:iron_nugget":3,"minecraft:cobbled_deepslate":298,"minecraft:raw_copper":7,"minecraft:deepslate":22,"minecraft:wheat":5,"minecraft:rotten_flesh":2,"minecraft:oak_planks":8,"minecraft:filled_map":3,"minecraft:leather_chestplate":3,"minecraft:andesite":9,"minecraft:beetroot_seeds":2,"minecraft:oak_sapling":4,"minecraft:chest":1,"minecraft:wooden_pickaxe":2,"minecraft:arrow":1,"minecraft:stone_pickaxe":1},"minecraft:custom":{"minecraft:mob_kills":118,"minecraft:interact_with_crafting_table":68,"minecraft:bell_ring":28,"minecraft:leave_game":17,"minecraft:time_since_death":173477,"minecraft:climb_one_cm":4375,"minecraft:sprint_one_cm":567050,"minecraft:walk_one_cm":497003,"minecraft:damage_blocked_by_shield":2385,"minecraft:drop":51,"minecraft:damage_dealt_absorbed":40,"minecraft:talked_to_villager":68,"minecraft:play_time":259370,"minecraft:sneak_time":14306,"minecraft:deaths":1,"minecraft:walk_under_water_one_cm":67760,"minecraft:boat_one_cm":430695,"minecraft:jump":4879,"minecraft:interact_with_blast_furnace":14,"minecraft:walk_on_water_one_cm":60148,"minecraft:total_world_time":259370,"minecraft:interact_with_furnace":116,"minecraft:traded_with_villager":21,"minecraft:sleep_in_bed":19,"minecraft:time_since_rest":174,"minecraft:damage_taken":3130,"minecraft:damage_dealt":17292,"minecraft:swim_one_cm":165584,"minecraft:fly_one_cm":936524,"minecraft:open_chest":25,"minecraft:crouch_one_cm":27006,"minecraft:fall_one_cm":135246,"minecraft:horse_one_cm":6974},"minecraft:crafted":{"minecraft:oak_door":3,"easy_hammers:iron_hammer":3,"minecraft:oak_planks":92,"minecraft:raw_iron":9,"minecraft:furnace":3,"minecraft:stone":2,"minecraft:bone_meal":24,"minecraft:flint_and_steel":1,"minecraft:iron_boots":1,"minecraft:iron_axe":2,"minecraft:stone_pickaxe":1,"minecraft:chest":1,"sophisticatedbackpacks:iron_backpack":1,"minecraft:wheat":189,"minecraft:cooked_beef":13,"minecraft:red_dye":9,"minecraft:deepslate":133,"minecraft:emerald":21,"sophisticatedbackpacks:backpack":9,"minecraft:cooked_porkchop":54,"minecraft:crafting_table":5,"minecraft:wooden_pickaxe":1,"minecraft:iron_helmet":1,"sophisticatedbackpacks:gold_backpack":1,"minecraft:bucket":1,"morevillagers:mining_bench":1,"minecraft:stone_axe":2,"minecraft:bread":1,"minecraft:air":0,"minecraft:oak_boat":2,"minecraft:wooden_hoe":1,"minecraft:iron_chestplate":1,"minecraft:shield":2,"minecraft:stick":8,"minecraft:iron_ingot":59,"minecraft:iron_pickaxe":3,"minecraft:wooden_axe":1,"minecraft:iron_leggings":1,"minecraft:gold_ingot":9,"minecraft:white_bed":3,"minecraft:torch":28,"minecraft:shears":1,"minecraft:clay":1},"minecraft:killed":{"minecraft:cave_spider":1,"minecraft:spider":5,"minecraft:skeleton":6,"minecraft:drowned":17,"minecraft:pig":28,"minecraft:creeper":1,"minecraft:zombie":25,"minecraft:cow":33},"minecraft:used":{"morevillagers:woodworking_table":3,"minecraft:iron_bars":2,"minecraft:flint_and_steel":1,"minecraft:tropical_fish":1,"minecraft:chest":1,"minecraft:shield":57,"minecraft:bell":2,"minecraft:cooked_salmon":7,"minecraft:rotten_flesh":1,"minecraft:netherrack":1,"minecraft:iron_chestplate":1,"minecraft:oak_door":15,"minecraft:torch":30,"minecraft:dirt":31,"minecraft:carrot":1,"minecraft:granite":20,"minecraft:axolotl_bucket":1,"minecraft:wooden_axe":53,"minecraft:lava_bucket":16,"minecraft:iron_axe":348,"easy_hammers:iron_hammer":248,"minecraft:iron_helmet":1,"minecraft:furnace":6,"minecraft:cooked_cod":7,"minecraft:potato":19,"minecraft:cooked_beef":8,"minecraft:cobbled_deepslate":16,"minecraft:iron_leggings":1,"minecraft:wheat_seeds":1,"minecraft:water_bucket":48,"minecraft:stone_pickaxe":79,"minecraft:oak_planks":35,"minecraft:wooden_pickaxe":10,"minecraft:leather_chestplate":1,"minecraft:composter":2,"minecraft:clay":1,"minecraft:sugar_cane":23,"minecraft:sand":4,"minecraft:crafting_table":22,"minecraft:blast_furnace":2,"minecraft:white_bed":17,"morevillagers:mining_bench":3,"minecraft:wooden_hoe":1,"minecraft:apple":2,"minecraft:melon_slice":78,"minecraft:bread":1,"minecraft:iron_pickaxe":393,"minecraft:gravel":1,"minecraft:stone_axe":153,"minecraft:cobblestone":62,"minecraft:cooked_porkchop":10,"minecraft:bucket":66,"minecraft:birch_log":5,"minecraft:oak_boat":10,"minecraft:bone_meal":24}},"DataVersion":3465}