{"stats":{"minecraft:custom":{"minecraft:animals_bred":6,"minecraft:interact_with_crafting_table":182,"minecraft:bell_ring":28,"minecraft:leave_game":26,"minecraft:time_since_death":572787,"minecraft:sprint_one_cm":1345891,"minecraft:damage_blocked_by_shield":4410,"minecraft:drop":130,"minecraft:talked_to_villager":105,"minecraft:play_time":658680,"minecraft:deaths":1,"minecraft:jump":11190,"minecraft:walk_on_water_one_cm":231996,"minecraft:enchant_item":13,"minecraft:interact_with_furnace":176,"minecraft:traded_with_villager":98,"minecraft:sleep_in_bed":39,"minecraft:damage_dealt":22802,"minecraft:crouch_one_cm":105457,"minecraft:interact_with_smoker":20,"minecraft:horse_one_cm":6974,"minecraft:mob_kills":143,"minecraft:climb_one_cm":7053,"minecraft:walk_one_cm":1439901,"minecraft:damage_dealt_absorbed":40,"minecraft:sneak_time":38465,"minecraft:walk_under_water_one_cm":188061,"minecraft:boat_one_cm":430695,"minecraft:interact_with_blast_furnace":18,"minecraft:total_world_time":658680,"minecraft:interact_with_grindstone":7,"minecraft:interact_with_stonecutter":6,"minecraft:time_since_rest":26743,"minecraft:damage_taken":5394,"minecraft:swim_one_cm":338195,"minecraft:fly_one_cm":2430307,"minecraft:open_chest":297,"minecraft:fish_caught":1,"minecraft:fall_one_cm":289212},"minecraft:mined":{"minecraft:white_bed":27,"minecraft:oak_sapling":4,"minecraft:cherry_log":382,"minecraft:light_blue_carpet":1,"minecraft:obsidian":68,"minecraft:granite":25,"minecraft:grass_block":910,"minecraft:composter":2,"minecraft:spawner":2,"minecraft:tall_seagrass":3,"minecraft:raw_iron_block":1,"minecraft:iron_ore":126,"minecraft:cobbled_deepslate":49,"minecraft:fire":46,"minecraft:deepslate_lapis_ore":4,"minecraft:azure_bluet":1,"minecraft:enchanting_table":1,"minecraft:pointed_dripstone":13,"minecraft:dirt_path":4,"minecraft:iron_bars":2,"minecraft:deepslate_redstone_ore":1,"minecraft:soul_fire":3,"minecraft:amethyst_cluster":1,"minecraft:clay":1,"minecraft:torch":22,"minecraft:blast_furnace":2,"minecraft:calcite":7,"minecraft:poppy":25,"minecraft:melon":17,"minecraft:chest":1,"minecraft:cobblestone":59,"minecraft:sugar_cane":127,"minecraft:oak_planks":41,"minecraft:wall_torch":14,"minecraft:amethyst_block":2,"minecraft:deepslate_copper_ore":6,"minecraft:seagrass":1,"minecraft:birch_log":174,"minecraft:wheat":11,"minecraft:grass":178,"minecraft:oak_log":157,"minecraft:beetroots":1,"minecraft:sand":72,"minecraft:dirt":472,"minecraft:smooth_basalt":3,"minecraft:netherrack":178,"minecraft:piston":2,"minecraft:oak_leaves":31,"minecraft:deepslate":315,"minecraft:suspicious_gravel":1,"minecraft:deepslate_diamond_ore":2,"minecraft:oak_door":18,"minecraft:cherry_sapling":2,"minecraft:stripped_cherry_log":20,"gravestone:gravestone":2,"morevillagers:gardening_table":1,"minecraft:kelp":1,"minecraft:moss_block":2,"morevillagers:woodworking_table":3,"minecraft:hay_block":21,"minecraft:redstone_ore":8,"minecraft:furnace":5,"minecraft:carrots":4,"minecraft:andesite":19,"morevillagers:hunting_post":1,"minecraft:gold_block":1,"minecraft:bell":2,"minecraft:mossy_stone_brick_stairs":1,"minecraft:bookshelf":2,"minecraft:potatoes":8,"minecraft:deepslate_iron_ore":38,"minecraft:rail":1,"morevillagers:mining_bench":4,"minecraft:bamboo":4,"minecraft:stone":778,"minecraft:white_wool":1,"minecraft:flowering_azalea":1,"minecraft:soul_sand":2,"minecraft:dandelion":2,"minecraft:crafting_table":19,"morevillagers:oceanography_table":1,"minecraft:tall_grass":42,"minecraft:copper_ore":221,"minecraft:deepslate_coal_ore":6,"minecraft:deepslate_gold_ore":11,"minecraft:diorite":23,"minecraft:birch_leaves":17,"minecraft:coal_ore":66,"minecraft:cherry_leaves":2,"minecraft:sunflower":3,"minecraft:gravel":66,"minecraft:dripstone_block":2,"minecraft:cobweb":99,"minecraft:stone_bricks":2,"minecraft:gold_ore":10,"minecraft:fern":3},"minecraft:dropped":{"minecraft:piston":2,"minecraft:dirt":16,"gravestone:obituary":5,"minecraft:amethyst_shard":54,"minecraft:sand":12,"minecraft:cherry_door":4,"minecraft:white_wool":1,"minecraft:gold_ingot":12,"minecraft:gravel":4,"minecraft:compass":1,"minecraft:lever":2,"minecraft:iron_nugget":3,"minecraft:cobbled_deepslate":298,"minecraft:nether_brick":7,"minecraft:wheat":5,"minecraft:pointed_dripstone":1,"minecraft:cherry_sapling":181,"minecraft:rotten_flesh":10,"minecraft:oak_planks":8,"minecraft:azure_bluet":1,"minecraft:leather_chestplate":3,"minecraft:beetroot_seeds":2,"minecraft:chest":2,"minecraft:iron_ore":1,"minecraft:arrow":1,"minecraft:crying_obsidian":1,"minecraft:cherry_fence":3,"minecraft:netherrack":28,"minecraft:water_bucket":1,"minecraft:wheat_seeds":105,"minecraft:granite":2,"minecraft:copper_ingot":1,"minecraft:bamboo_block":1,"minecraft:oxeye_daisy":2,"minecraft:cherry_sign":2,"minecraft:wooden_hoe":1,"minecraft:cherry_planks":49,"minecraft:bamboo_planks":1,"minecraft:dandelion":9,"minecraft:oak_trapdoor":1,"minecraft:raw_copper":14,"minecraft:deepslate":23,"minecraft:raw_iron":1,"easy_hammers:iron_hammer":1,"minecraft:copper_ore":1,"minecraft:filled_map":5,"minecraft:stone":2,"minecraft:oak_button":12,"minecraft:andesite":16,"minecraft:oak_sapling":27,"minecraft:bamboo":2,"minecraft:stone_pickaxe":1,"minecraft:bow":1,"minecraft:wooden_pickaxe":2},"minecraft:crafted":{"minecraft:grindstone":1,"easy_hammers:iron_hammer":3,"minecraft:oak_planks":476,"minecraft:cherry_slab":306,"minecraft:stone":258,"minecraft:lever":2,"sophisticatedbackpacks:crafting_upgrade":1,"minecraft:bamboo_block":4,"sophisticatedbackpacks:smelting_upgrade":1,"minecraft:iron_boots":1,"minecraft:chest":7,"minecraft:oak_button":12,"minecraft:stone_bricks":512,"minecraft:cherry_fence":159,"minecraft:bamboo_raft":1,"minecraft:oak_slab":102,"minecraft:deepslate":236,"minecraft:emerald":57,"sophisticatedbackpacks:backpack":9,"minecraft:cooked_porkchop":54,"minecraft:crafting_table":8,"minecraft:wooden_pickaxe":1,"minecraft:iron_helmet":1,"minecraft:fletching_table":1,"minecraft:birch_planks":612,"sophisticatedbackpacks:upgrade_base":2,"minecraft:tnt":2,"minecraft:bamboo_planks":6,"minecraft:diamond_pickaxe":1,"minecraft:wooden_hoe":1,"minecraft:iron_chestplate":1,"minecraft:book":4,"minecraft:paper":66,"minecraft:cherry_sign":6,"minecraft:pink_wool":18,"minecraft:shield":2,"minecraft:stick":1146,"minecraft:stone_slab":6,"minecraft:iron_ingot":59,"minecraft:compass":4,"minecraft:iron_pickaxe":4,"minecraft:gold_ingot":9,"minecraft:shears":2,"minecraft:cherry_planks":1215,"minecraft:oak_door":3,"minecraft:raw_iron":9,"minecraft:furnace":7,"minecraft:piston":4,"minecraft:bone_meal":54,"minecraft:pink_dye":18,"minecraft:flint_and_steel":1,"minecraft:oak_trapdoor":4,"minecraft:cherry_trapdoor":150,"minecraft:iron_axe":2,"minecraft:ladder":6,"minecraft:cherry_stairs":52,"minecraft:stone_pickaxe":1,"minecraft:filled_map":1,"sophisticatedbackpacks:iron_backpack":1,"minecraft:cherry_fence_gate":56,"minecraft:wheat":189,"minecraft:cooked_beef":51,"minecraft:red_dye":24,"minecraft:amethyst_shard":34,"minecraft:enchanting_table":1,"minecraft:calcite":352,"minecraft:iron_sword":1,"sophisticatedbackpacks:gold_backpack":1,"morevillagers:mining_bench":1,"minecraft:bucket":1,"minecraft:stone_axe":2,"minecraft:air":0,"minecraft:bread":1,"minecraft:oak_boat":2,"minecraft:white_dye":18,"minecraft:oak_stairs":60,"minecraft:wooden_axe":1,"minecraft:iron_shovel":3,"minecraft:cherry_door":6,"minecraft:iron_leggings":1,"minecraft:stonecutter":1,"minecraft:white_bed":3,"minecraft:pink_banner":3,"minecraft:torch":132,"minecraft:clay":1},"minecraft:picked_up":{"minecraft:wheat":20,"minecraft:nether_brick":7,"minecraft:string":106,"minecraft:raw_copper":226,"minecraft:cherry_boat":1,"minecraft:cobbled_deepslate":1059,"minecraft:calcite":7,"minecraft:melon_slice":79,"minecraft:furnace":3,"minecraft:golden_helmet":1,"minecraft:stick":229,"minecraft:composter":2,"minecraft:oak_fence":3,"minecraft:torch":36,"minecraft:porkchop":54,"minecraft:cherry_log":381,"minecraft:pointed_dripstone":16,"minecraft:diorite":120,"morevillagers:hunting_post":1,"minecraft:golden_chestplate":1,"minecraft:rotten_flesh":53,"minecraft:tropical_fish":1,"minecraft:bookshelf":1,"minecraft:obsidian":68,"minecraft:iron_bars":2,"minecraft:cobblestone":3419,"minecraft:nautilus_shell":1,"minecraft:enchanting_table":1,"minecraft:birch_log":173,"minecraft:pink_petals":8,"minecraft:leather_chestplate":2,"minecraft:cherry_planks":61,"minecraft:water_bucket":1,"minecraft:andesite":62,"minecraft:golden_leggings":1,"minecraft:potato":40,"minecraft:flint":5,"minecraft:lapis_lazuli":64,"minecraft:dirt":1366,"minecraft:bone":18,"morevillagers:oceanography_table":1,"minecraft:bow":1,"minecraft:wheat_seeds":135,"minecraft:raw_gold":24,"minecraft:bell":2,"minecraft:bamboo":39,"minecraft:stone_hoe":1,"minecraft:oak_planks":46,"morevillagers:mining_bench":4,"minecraft:sand":43,"minecraft:diamond":2,"minecraft:deepslate":24,"minecraft:lever":2,"minecraft:deepslate_gold_ore":5,"minecraft:granite":58,"minecraft:oak_sapling":81,"minecraft:netherrack":134,"minecraft:crafting_table":19,"minecraft:azure_bluet":1,"minecraft:clay_ball":4,"minecraft:wooden_pickaxe":1,"minecraft:gold_block":1,"morevillagers:woodworking_table":3,"minecraft:stripped_cherry_log":20,"gravestone:obituary":4,"minecraft:compass":3,"minecraft:iron_shovel":1,"morevillagers:gardening_table":1,"minecraft:deepslate_diamond_ore":1,"minecraft:beef":51,"minecraft:oak_boat":11,"minecraft:poppy":25,"minecraft:sugar_cane":144,"minecraft:chest":1,"minecraft:birch_sapling":34,"minecraft:piston":4,"minecraft:egg":5,"minecraft:copper_ore":203,"minecraft:raw_iron":195,"minecraft:sandstone":1,"minecraft:stone":167,"minecraft:oak_door":19,"minecraft:copper_ingot":1,"sophisticatedbackpacks:backpack":1,"minecraft:fire_charge":2,"minecraft:carrot":10,"minecraft:redstone":53,"minecraft:arrow":18,"minecraft:beetroot_seeds":2,"minecraft:hay_block":21,"minecraft:rail":2,"minecraft:white_wool":68,"minecraft:oxeye_daisy":2,"minecraft:leather":40,"minecraft:filled_map":1,"minecraft:birch_planks":8,"minecraft:oak_log":153,"minecraft:lily_pad":1,"minecraft:gunpowder":4,"easy_hammers:iron_hammer":1,"minecraft:apple":8,"minecraft:stone_bricks":2,"minecraft:kelp":1,"minecraft:iron_ingot":24,"minecraft:iron_ore":2,"minecraft:soul_sand":4,"minecraft:book":3,"minecraft:oak_slab":2,"minecraft:smooth_basalt":3,"minecraft:bamboo_planks":2,"minecraft:quartz":8,"minecraft:dandelion":14,"minecraft:raw_iron_block":1,"minecraft:dripstone_block":2,"minecraft:gravel":49,"minecraft:amethyst_shard":20,"minecraft:blast_furnace":2,"minecraft:white_bed":26,"minecraft:crying_obsidian":5,"minecraft:spider_eye":2,"minecraft:coal_ore":2,"minecraft:light_blue_carpet":1,"minecraft:redstone_ore":4,"minecraft:cherry_sapling":267,"minecraft:coal":145,"minecraft:ender_pearl":6},"minecraft:killed":{"minecraft:cave_spider":2,"minecraft:spider":5,"minecraft:skeleton":15,"minecraft:pig":28,"minecraft:zombie_villager":1,"minecraft:creeper":1,"minecraft:zombie":35,"minecraft:cow":33,"minecraft:drowned":17,"minecraft:enderman":3},"minecraft:used":{"minecraft:cherry_sapling":37,"morevillagers:woodworking_table":3,"minecraft:iron_shovel":1394,"minecraft:ladder":6,"minecraft:poppy":1,"minecraft:chest":9,"minecraft:shield":85,"minecraft:stone":27,"minecraft:iron_sword":156,"minecraft:bell":2,"minecraft:rotten_flesh":1,"minecraft:iron_chestplate":1,"minecraft:soul_sand":2,"minecraft:carrot":1,"minecraft:axolotl_bucket":1,"minecraft:obsidian":45,"minecraft:lava_bucket":16,"minecraft:coal_ore":2,"minecraft:iron_helmet":1,"minecraft:stone_bricks":2,"minecraft:oak_sapling":37,"minecraft:furnace":9,"minecraft:cooked_cod":7,"morevillagers:oceanography_table":1,"minecraft:egg":3,"minecraft:potato":20,"minecraft:light_blue_carpet":1,"minecraft:diorite":115,"minecraft:stone_pickaxe":79,"minecraft:oak_planks":44,"minecraft:ender_pearl":1,"minecraft:wooden_pickaxe":10,"minecraft:leather_chestplate":1,"minecraft:composter":2,"minecraft:clay":1,"minecraft:sugar_cane":69,"minecraft:white_wool":1,"minecraft:sand":4,"minecraft:blast_furnace":2,"minecraft:dripstone_block":2,"minecraft:lever":2,"morevillagers:mining_bench":6,"minecraft:melon_slice":78,"minecraft:bread":1,"minecraft:deepslate":1,"minecraft:gravel":22,"minecraft:grindstone":1,"minecraft:andesite":17,"minecraft:birch_log":20,"minecraft:oak_boat":12,"minecraft:bone_meal":32,"minecraft:oak_fence":3,"minecraft:cherry_boat":1,"minecraft:oak_trapdoor":1,"minecraft:iron_bars":2,"minecraft:enchanting_table":2,"minecraft:flint_and_steel":31,"minecraft:tropical_fish":1,"minecraft:deepslate_gold_ore":5,"minecraft:cooked_salmon":7,"minecraft:netherrack":22,"minecraft:oak_door":20,"minecraft:torch":138,"minecraft:dirt":1127,"minecraft:granite":56,"minecraft:wooden_axe":53,"minecraft:bamboo_raft":1,"minecraft:bookshelf":14,"minecraft:iron_axe":1005,"easy_hammers:iron_hammer":676,"minecraft:bamboo":1,"minecraft:cooked_beef":14,"minecraft:cobbled_deepslate":143,"minecraft:cherry_log":12,"minecraft:iron_leggings":1,"minecraft:wheat_seeds":1,"minecraft:water_bucket":135,"minecraft:iron_ore":1,"minecraft:fletching_table":1,"minecraft:stonecutter":1,"minecraft:rail":2,"minecraft:tnt":4,"minecraft:crafting_table":26,"minecraft:white_bed":29,"minecraft:piston":4,"minecraft:wooden_hoe":1,"minecraft:diamond_pickaxe":692,"minecraft:apple":2,"minecraft:iron_pickaxe":631,"minecraft:stone_axe":153,"minecraft:fishing_rod":2,"minecraft:cobblestone":1838,"minecraft:cooked_porkchop":47,"minecraft:bucket":154},"minecraft:killed_by":{"minecraft:skeleton":1},"minecraft:broken":{"minecraft:golden_helmet":1,"minecraft:iron_shovel":3,"easy_hammers:iron_hammer":2,"minecraft:stone_axe":2,"minecraft:iron_sword":1,"minecraft:wooden_axe":1,"minecraft:shield":1,"minecraft:iron_axe":4,"minecraft:iron_pickaxe":2}},"DataVersion":3465}