{"stats":{"minecraft:killed_by":{"minecraft:skeleton":1},"minecraft:picked_up":{"minecraft:crafting_table":16,"minecraft:wheat":6,"minecraft:clay_ball":4,"minecraft:wooden_pickaxe":1,"minecraft:gold_block":1,"gravestone:obituary":4,"minecraft:string":3,"minecraft:raw_copper":7,"minecraft:iron_shovel":1,"minecraft:cobbled_deepslate":16,"minecraft:beef":51,"minecraft:oak_boat":9,"minecraft:poppy":9,"minecraft:melon_slice":78,"minecraft:chest":1,"minecraft:furnace":3,"minecraft:stick":15,"minecraft:raw_iron":62,"minecraft:sandstone":1,"minecraft:oak_door":14,"minecraft:composter":2,"minecraft:copper_ingot":1,"minecraft:torch":1,"sophisticatedbackpacks:backpack":1,"minecraft:porkchop":54,"minecraft:carrot":10,"minecraft:arrow":11,"minecraft:rotten_flesh":44,"minecraft:tropical_fish":1,"minecraft:beetroot_seeds":2,"minecraft:hay_block":13,"minecraft:iron_bars":2,"minecraft:cobblestone":79,"minecraft:white_wool":9,"minecraft:nautilus_shell":1,"minecraft:leather_chestplate":2,"minecraft:leather":36,"minecraft:potato":37,"minecraft:flint":2,"minecraft:oak_log":47,"minecraft:dirt":19,"minecraft:bone":8,"minecraft:apple":2,"minecraft:kelp":1,"minecraft:wheat_seeds":17,"minecraft:bell":2,"minecraft:iron_ingot":9,"minecraft:oak_planks":5,"minecraft:raw_iron_block":1,"minecraft:gravel":11,"minecraft:sand":37,"minecraft:white_bed":8,"minecraft:spider_eye":2,"minecraft:oak_sapling":21,"minecraft:netherrack":1,"minecraft:coal":26},"minecraft:mined":{"minecraft:white_bed":9,"minecraft:oak_door":14,"gravestone:gravestone":2,"minecraft:grass_block":12,"minecraft:kelp":1,"minecraft:moss_block":2,"minecraft:composter":2,"minecraft:hay_block":13,"minecraft:tall_seagrass":3,"minecraft:raw_iron_block":1,"minecraft:furnace":5,"minecraft:carrots":4,"minecraft:iron_ore":24,"minecraft:fire":17,"minecraft:andesite":2,"minecraft:gold_block":1,"minecraft:bell":2,"minecraft:mossy_stone_brick_stairs":1,"minecraft:potatoes":7,"minecraft:deepslate_iron_ore":33,"minecraft:iron_bars":2,"minecraft:stone":72,"minecraft:flowering_azalea":1,"minecraft:clay":1,"minecraft:crafting_table":16,"minecraft:poppy":9,"minecraft:melon":17,"minecraft:chest":1,"minecraft:tall_grass":1,"minecraft:copper_ore":2,"minecraft:cobblestone":7,"minecraft:oak_planks":1,"minecraft:wall_torch":1,"minecraft:seagrass":1,"minecraft:wheat":10,"minecraft:birch_leaves":1,"minecraft:grass":9,"minecraft:oak_log":51,"minecraft:coal_ore":26,"minecraft:beetroots":1,"minecraft:sunflower":3,"minecraft:gravel":29,"minecraft:sand":66,"minecraft:dirt":8,"minecraft:netherrack":14,"minecraft:oak_leaves":19,"minecraft:deepslate":13,"minecraft:fern":3,"minecraft:suspicious_gravel":1},"minecraft:broken":{"minecraft:stone_axe":2,"minecraft:wooden_axe":1},"minecraft:dropped":{"minecraft:copper_ingot":1,"minecraft:dirt":2,"minecraft:wooden_hoe":1,"gravestone:obituary":5,"minecraft:sand":12,"minecraft:iron_nugget":3,"minecraft:cobbled_deepslate":1,"minecraft:raw_copper":7,"minecraft:wheat":5,"minecraft:rotten_flesh":2,"minecraft:oak_planks":8,"minecraft:filled_map":3,"minecraft:leather_chestplate":3,"minecraft:beetroot_seeds":1,"minecraft:chest":1,"minecraft:oak_sapling":4,"minecraft:wooden_pickaxe":2,"minecraft:arrow":1,"minecraft:stone_pickaxe":1},"minecraft:custom":{"minecraft:mob_kills":118,"minecraft:interact_with_crafting_table":50,"minecraft:bell_ring":28,"minecraft:leave_game":15,"minecraft:time_since_death":98652,"minecraft:climb_one_cm":4375,"minecraft:sprint_one_cm":378468,"minecraft:walk_one_cm":297668,"minecraft:damage_blocked_by_shield":2370,"minecraft:drop":37,"minecraft:damage_dealt_absorbed":40,"minecraft:talked_to_villager":26,"minecraft:play_time":184545,"minecraft:sneak_time":11538,"minecraft:deaths":1,"minecraft:walk_under_water_one_cm":60829,"minecraft:boat_one_cm":430695,"minecraft:jump":3345,"minecraft:walk_on_water_one_cm":46788,"minecraft:total_world_time":184545,"minecraft:interact_with_furnace":76,"minecraft:traded_with_villager":5,"minecraft:sleep_in_bed":14,"minecraft:time_since_rest":3154,"minecraft:damage_taken":2637,"minecraft:damage_dealt":17157,"minecraft:swim_one_cm":137470,"minecraft:fly_one_cm":647116,"minecraft:open_chest":23,"minecraft:crouch_one_cm":21234,"minecraft:fall_one_cm":91562,"minecraft:horse_one_cm":6974},"minecraft:crafted":{"minecraft:oak_door":3,"minecraft:oak_planks":92,"minecraft:raw_iron":9,"minecraft:furnace":3,"minecraft:bone_meal":24,"minecraft:iron_boots":1,"minecraft:iron_axe":1,"minecraft:stone_pickaxe":1,"minecraft:chest":1,"sophisticatedbackpacks:iron_backpack":1,"minecraft:wheat":117,"minecraft:cooked_beef":9,"minecraft:red_dye":9,"minecraft:emerald":5,"sophisticatedbackpacks:backpack":9,"minecraft:cooked_porkchop":45,"minecraft:crafting_table":3,"minecraft:wooden_pickaxe":1,"minecraft:iron_helmet":1,"sophisticatedbackpacks:gold_backpack":1,"minecraft:bucket":1,"minecraft:stone_axe":2,"minecraft:bread":1,"minecraft:air":0,"minecraft:oak_boat":2,"minecraft:iron_chestplate":1,"minecraft:wooden_hoe":1,"minecraft:shield":2,"minecraft:stick":8,"minecraft:iron_ingot":31,"minecraft:iron_pickaxe":1,"minecraft:wooden_axe":1,"minecraft:iron_leggings":1,"minecraft:gold_ingot":9,"minecraft:white_bed":2,"minecraft:torch":4,"minecraft:shears":1,"minecraft:clay":1},"minecraft:killed":{"minecraft:cave_spider":1,"minecraft:spider":5,"minecraft:skeleton":6,"minecraft:drowned":17,"minecraft:pig":28,"minecraft:creeper":1,"minecraft:zombie":25,"minecraft:cow":33},"minecraft:used":{"minecraft:iron_bars":2,"minecraft:tropical_fish":1,"minecraft:chest":1,"minecraft:shield":56,"minecraft:bell":2,"minecraft:cooked_salmon":6,"minecraft:rotten_flesh":1,"minecraft:netherrack":1,"minecraft:iron_chestplate":1,"minecraft:oak_door":15,"minecraft:torch":5,"minecraft:dirt":7,"minecraft:carrot":1,"minecraft:axolotl_bucket":1,"minecraft:wooden_axe":53,"minecraft:lava_bucket":6,"minecraft:iron_axe":125,"minecraft:iron_helmet":1,"minecraft:furnace":5,"minecraft:cooked_cod":7,"minecraft:potato":19,"minecraft:cobbled_deepslate":15,"minecraft:iron_leggings":1,"minecraft:wheat_seeds":1,"minecraft:water_bucket":26,"minecraft:stone_pickaxe":79,"minecraft:oak_planks":8,"minecraft:wooden_pickaxe":10,"minecraft:leather_chestplate":1,"minecraft:composter":2,"minecraft:clay":1,"minecraft:sand":4,"minecraft:crafting_table":19,"minecraft:white_bed":9,"minecraft:wooden_hoe":1,"minecraft:apple":2,"minecraft:bread":1,"minecraft:melon_slice":78,"minecraft:iron_pickaxe":129,"minecraft:gravel":1,"minecraft:stone_axe":153,"minecraft:cobblestone":46,"minecraft:cooked_porkchop":10,"minecraft:bucket":34,"minecraft:oak_boat":10,"minecraft:bone_meal":24}},"DataVersion":3465}