{"stats":{"minecraft:killed_by":{"minecraft:creeper":1,"minecraft:skeleton":1},"minecraft:dropped":{"minecraft:piston":2,"minecraft:birch_planks":3,"minecraft:ender_pearl":1,"minecraft:dark_oak_slab":16,"minecraft:dirt":19,"gravestone:obituary":7,"minecraft:amethyst_shard":54,"minecraft:sand":12,"minecraft:cherry_door":4,"minecraft:white_wool":1,"minecraft:gold_ingot":12,"minecraft:gravel":4,"minecraft:stone_axe":1,"minecraft:sugar_cane":32,"minecraft:compass":1,"minecraft:lever":2,"minecraft:iron_nugget":3,"minecraft:cobbled_deepslate":298,"minecraft:nether_brick":7,"minecraft:wheat":5,"minecraft:obsidian":12,"minecraft:pointed_dripstone":1,"minecraft:cherry_sapling":231,"minecraft:rotten_flesh":10,"minecraft:oak_planks":8,"minecraft:cooked_mutton":1,"minecraft:azure_bluet":1,"minecraft:leather_chestplate":3,"minecraft:beetroot_seeds":2,"minecraft:chest":2,"minecraft:ladder":1,"minecraft:iron_ore":1,"minecraft:arrow":13,"minecraft:crying_obsidian":1,"minecraft:cherry_fence":3,"minecraft:netherrack":101,"minecraft:water_bucket":1,"minecraft:bread":51,"minecraft:wheat_seeds":112,"minecraft:golden_helmet":1,"minecraft:cobblestone":69,"minecraft:granite":2,"minecraft:copper_ingot":1,"minecraft:bamboo_block":1,"minecraft:grass_block":1,"minecraft:stick":14,"minecraft:oxeye_daisy":2,"minecraft:cherry_sign":2,"minecraft:wooden_hoe":1,"minecraft:cherry_planks":49,"minecraft:bamboo_planks":1,"minecraft:dandelion":10,"minecraft:oak_trapdoor":1,"minecraft:raw_copper":14,"minecraft:deepslate":23,"minecraft:raw_iron":1,"easy_hammers:iron_hammer":1,"minecraft:glass_pane":1,"minecraft:copper_ore":3,"minecraft:filled_map":5,"minecraft:stone":2,"minecraft:shield":1,"minecraft:oak_button":12,"minecraft:andesite":24,"minecraft:oak_sapling":61,"minecraft:bamboo":2,"minecraft:stone_pickaxe":2,"minecraft:bow":1,"minecraft:wooden_pickaxe":2},"minecraft:crafted":{"minecraft:grindstone":1,"easy_hammers:iron_hammer":3,"minecraft:oak_planks":912,"minecraft:barrel":45,"minecraft:cherry_slab":558,"minecraft:stone":291,"minecraft:lever":2,"sophisticatedbackpacks:crafting_upgrade":1,"minecraft:bookshelf":3,"minecraft:bamboo_block":4,"sophisticatedbackpacks:smelting_upgrade":1,"minecraft:iron_boots":1,"minecraft:chest":7,"minecraft:oak_button":12,"minecraft:stone_bricks":628,"minecraft:cherry_fence":159,"minecraft:bamboo_raft":1,"minecraft:oak_slab":102,"minecraft:deepslate":236,"minecraft:emerald":62,"sophisticatedbackpacks:backpack":9,"minecraft:cooked_porkchop":54,"minecraft:crafting_table":8,"minecraft:wooden_pickaxe":1,"minecraft:iron_helmet":1,"minecraft:fletching_table":1,"minecraft:birch_planks":628,"sophisticatedbackpacks:upgrade_base":2,"minecraft:tnt":2,"minecraft:bamboo_planks":6,"minecraft:diamond_pickaxe":1,"minecraft:wooden_hoe":1,"minecraft:iron_chestplate":1,"minecraft:book":4,"minecraft:paper":66,"minecraft:cherry_sign":6,"minecraft:pink_wool":50,"minecraft:shield":4,"minecraft:stick":1162,"minecraft:stone_slab":6,"minecraft:iron_ingot":75,"minecraft:compass":4,"minecraft:iron_pickaxe":4,"minecraft:gold_ingot":9,"minecraft:shears":2,"minecraft:cherry_planks":1611,"minecraft:oak_door":3,"minecraft:raw_iron":9,"minecraft:stone_shovel":1,"minecraft:furnace":7,"minecraft:piston":4,"minecraft:bone_meal":72,"minecraft:pink_dye":76,"minecraft:flint_and_steel":1,"minecraft:oak_trapdoor":52,"minecraft:cherry_trapdoor":150,"minecraft:iron_axe":2,"minecraft:ladder":6,"minecraft:cherry_stairs":52,"minecraft:stone_pickaxe":2,"minecraft:filled_map":1,"minecraft:dark_oak_planks":256,"sophisticatedbackpacks:iron_backpack":1,"minecraft:cherry_fence_gate":56,"minecraft:wheat":189,"minecraft:cooked_beef":51,"minecraft:red_dye":47,"minecraft:amethyst_shard":44,"minecraft:enchanting_table":1,"minecraft:calcite":352,"minecraft:iron_sword":1,"sophisticatedbackpacks:gold_backpack":1,"morevillagers:mining_bench":1,"minecraft:bucket":1,"minecraft:stone_axe":2,"minecraft:air":0,"minecraft:bread":1,"minecraft:oak_boat":2,"minecraft:white_dye":40,"minecraft:oak_stairs":252,"minecraft:wooden_axe":1,"minecraft:iron_shovel":3,"minecraft:cherry_door":6,"minecraft:iron_leggings":1,"minecraft:stonecutter":1,"minecraft:white_bed":3,"minecraft:pink_banner":16,"minecraft:torch":132,"minecraft:clay":1},"minecraft:broken":{"minecraft:golden_helmet":1,"minecraft:iron_shovel":4,"minecraft:golden_shovel":1,"easy_hammers:iron_hammer":2,"minecraft:stone_axe":2,"minecraft:iron_sword":1,"minecraft:wooden_axe":1,"minecraft:shield":1,"minecraft:iron_axe":6,"minecraft:iron_pickaxe":2},"minecraft:custom":{"minecraft:animals_bred":6,"minecraft:interact_with_crafting_table":204,"minecraft:bell_ring":29,"minecraft:leave_game":30,"minecraft:time_since_death":99924,"minecraft:sprint_one_cm":1720916,"minecraft:damage_blocked_by_shield":6218,"minecraft:drop":168,"minecraft:talked_to_villager":114,"minecraft:play_time":836739,"minecraft:deaths":2,"minecraft:jump":15370,"minecraft:walk_on_water_one_cm":237789,"minecraft:enchant_item":13,"minecraft:interact_with_furnace":181,"minecraft:traded_with_villager":108,"minecraft:sleep_in_bed":45,"minecraft:damage_dealt":26527,"minecraft:crouch_one_cm":135055,"minecraft:interact_with_smoker":20,"minecraft:use_cauldron":1,"minecraft:horse_one_cm":6974,"minecraft:mob_kills":167,"minecraft:climb_one_cm":8547,"minecraft:walk_one_cm":1842826,"minecraft:damage_dealt_absorbed":40,"minecraft:sneak_time":44321,"minecraft:walk_under_water_one_cm":193849,"minecraft:boat_one_cm":430695,"minecraft:interact_with_blast_furnace":22,"minecraft:total_world_time":836739,"minecraft:interact_with_stonecutter":10,"minecraft:interact_with_grindstone":7,"minecraft:time_since_rest":9039,"minecraft:damage_taken":7248,"minecraft:swim_one_cm":347072,"minecraft:fly_one_cm":3486188,"minecraft:open_chest":405,"minecraft:fish_caught":1,"minecraft:fall_one_cm":369404},"minecraft:used":{"minecraft:cherry_sapling":44,"morevillagers:woodworking_table":3,"minecraft:iron_shovel":1444,"minecraft:ladder":11,"minecraft:poppy":1,"minecraft:shield":107,"minecraft:chest":9,"minecraft:stone":108,"minecraft:iron_sword":156,"minecraft:bell":2,"minecraft:rotten_flesh":1,"minecraft:iron_chestplate":1,"minecraft:soul_sand":2,"minecraft:carrot":1,"minecraft:tuff":2,"minecraft:axolotl_bucket":1,"minecraft:obsidian":94,"minecraft:lava_bucket":17,"minecraft:coal_ore":2,"minecraft:grass_block":2,"minecraft:copper_ore":2,"minecraft:iron_helmet":1,"minecraft:dark_oak_slab":5,"minecraft:stone_brick_stairs":110,"minecraft:stone_bricks":686,"minecraft:oak_sapling":72,"minecraft:furnace":9,"minecraft:cooked_cod":7,"morevillagers:oceanography_table":1,"minecraft:egg":3,"minecraft:potato":20,"minecraft:dark_oak_sapling":29,"minecraft:light_blue_carpet":1,"minecraft:diorite":115,"minecraft:stone_pickaxe":141,"minecraft:oak_planks":44,"minecraft:ender_pearl":2,"minecraft:leather_chestplate":1,"minecraft:wooden_pickaxe":10,"minecraft:clay":1,"minecraft:composter":2,"minecraft:sugar_cane":95,"minecraft:white_wool":1,"minecraft:sand":4,"minecraft:blast_furnace":3,"minecraft:dripstone_block":2,"minecraft:lever":2,"morevillagers:mining_bench":6,"minecraft:melon_slice":78,"minecraft:bread":40,"minecraft:deepslate":14,"minecraft:gravel":22,"minecraft:grindstone":1,"minecraft:andesite":40,"minecraft:birch_log":20,"minecraft:oak_boat":12,"minecraft:bone_meal":32,"minecraft:oak_fence":3,"minecraft:cherry_boat":1,"minecraft:oak_trapdoor":1,"minecraft:iron_bars":2,"minecraft:enchanting_table":2,"minecraft:flint_and_steel":43,"minecraft:tropical_fish":1,"minecraft:stone_shovel":24,"minecraft:deepslate_gold_ore":5,"minecraft:cooked_salmon":7,"minecraft:netherrack":36,"minecraft:oak_door":20,"minecraft:torch":177,"minecraft:dirt":1173,"minecraft:golden_shovel":32,"minecraft:granite":56,"minecraft:wooden_axe":53,"minecraft:bamboo_raft":1,"minecraft:bookshelf":17,"minecraft:iron_axe":1536,"easy_hammers:iron_hammer":676,"minecraft:bamboo":1,"minecraft:diamond_chestplate":1,"minecraft:cooked_beef":14,"minecraft:cobbled_deepslate":165,"minecraft:cherry_log":12,"minecraft:iron_leggings":1,"minecraft:wheat_seeds":1,"minecraft:water_bucket":158,"minecraft:iron_ore":1,"minecraft:birch_planks":3,"minecraft:cherry_planks":6,"minecraft:fletching_table":1,"minecraft:stonecutter":1,"minecraft:rail":2,"minecraft:tnt":4,"minecraft:crafting_table":26,"minecraft:white_bed":30,"minecraft:oak_log":2,"minecraft:piston":4,"minecraft:wooden_hoe":1,"minecraft:diamond_pickaxe":1271,"minecraft:apple":2,"minecraft:iron_pickaxe":676,"minecraft:spruce_sapling":11,"minecraft:stone_axe":153,"minecraft:fishing_rod":2,"minecraft:cobblestone":1851,"minecraft:cooked_porkchop":54,"minecraft:bucket":178,"minecraft:glass_pane":7},"minecraft:killed":{"minecraft:cave_spider":2,"minecraft:spider":14,"minecraft:skeleton":25,"minecraft:pig":28,"minecraft:zombie_villager":1,"minecraft:creeper":1,"minecraft:zombie":40,"minecraft:cow":33,"minecraft:drowned":17,"minecraft:enderman":3},"minecraft:mined":{"minecraft:white_bed":28,"minecraft:oak_sapling":22,"minecraft:cherry_log":481,"minecraft:light_blue_carpet":1,"minecraft:obsidian":123,"minecraft:granite":25,"minecraft:grass_block":983,"minecraft:composter":2,"minecraft:spawner":2,"minecraft:tall_seagrass":3,"minecraft:raw_iron_block":1,"minecraft:iron_ore":126,"minecraft:cobbled_deepslate":49,"minecraft:fire":54,"minecraft:deepslate_lapis_ore":4,"minecraft:azure_bluet":1,"minecraft:enchanting_table":1,"minecraft:pointed_dripstone":13,"minecraft:dirt_path":4,"minecraft:iron_bars":2,"minecraft:deepslate_redstone_ore":3,"minecraft:soul_fire":3,"minecraft:amethyst_cluster":1,"minecraft:clay":1,"minecraft:torch":30,"minecraft:blast_furnace":3,"minecraft:calcite":7,"minecraft:poppy":48,"minecraft:melon":17,"minecraft:chest":1,"minecraft:cobblestone":59,"minecraft:oak_planks":41,"minecraft:sugar_cane":151,"minecraft:wall_torch":21,"minecraft:amethyst_block":2,"minecraft:deepslate_copper_ore":9,"minecraft:seagrass":1,"minecraft:dark_oak_slab":18,"minecraft:birch_log":174,"minecraft:wheat":11,"minecraft:stone_brick_stairs":8,"minecraft:grass":218,"minecraft:oak_log":266,"minecraft:beetroots":1,"minecraft:dark_oak_sapling":1,"minecraft:sand":72,"minecraft:dirt":534,"minecraft:smooth_basalt":3,"minecraft:netherrack":390,"minecraft:piston":2,"minecraft:oak_leaves":37,"minecraft:deepslate":416,"minecraft:suspicious_gravel":1,"minecraft:infested_deepslate":2,"minecraft:tuff":2,"minecraft:deepslate_diamond_ore":2,"minecraft:oak_door":18,"minecraft:dark_oak_log":205,"minecraft:cherry_sapling":2,"minecraft:stripped_cherry_log":20,"gravestone:gravestone":3,"morevillagers:gardening_table":1,"minecraft:spruce_leaves":2,"minecraft:moss_block":2,"minecraft:kelp":1,"morevillagers:woodworking_table":3,"minecraft:hay_block":21,"minecraft:redstone_ore":8,"minecraft:spruce_sapling":3,"minecraft:furnace":5,"minecraft:carrots":4,"minecraft:andesite":51,"morevillagers:hunting_post":1,"minecraft:gold_block":1,"minecraft:bell":2,"minecraft:mossy_stone_brick_stairs":1,"minecraft:bookshelf":2,"minecraft:potatoes":8,"minecraft:deepslate_iron_ore":38,"minecraft:rail":1,"minecraft:bamboo":4,"morevillagers:mining_bench":4,"minecraft:stone":929,"minecraft:white_wool":1,"minecraft:flowering_azalea":1,"minecraft:glass_pane":9,"minecraft:cherry_planks":3,"minecraft:soul_sand":2,"minecraft:dandelion":3,"minecraft:crafting_table":19,"morevillagers:oceanography_table":1,"minecraft:copper_ore":223,"minecraft:tall_grass":42,"minecraft:deepslate_coal_ore":6,"minecraft:deepslate_gold_ore":11,"minecraft:diorite":31,"minecraft:spruce_log":22,"minecraft:birch_leaves":17,"minecraft:coal_ore":109,"minecraft:cherry_leaves":2,"minecraft:sunflower":3,"minecraft:gravel":66,"minecraft:dripstone_block":8,"minecraft:cobweb":99,"minecraft:stone_bricks":39,"minecraft:gold_ore":10,"minecraft:fern":3},"minecraft:picked_up":{"minecraft:wheat":20,"minecraft:nether_brick":7,"minecraft:stone_brick_stairs":8,"minecraft:string":115,"minecraft:raw_copper":226,"minecraft:cherry_boat":1,"minecraft:cobbled_deepslate":1081,"minecraft:calcite":7,"minecraft:melon_slice":79,"minecraft:furnace":3,"minecraft:golden_helmet":2,"minecraft:stick":300,"minecraft:composter":2,"minecraft:oak_fence":3,"minecraft:torch":52,"minecraft:porkchop":54,"minecraft:cherry_log":480,"minecraft:pointed_dripstone":16,"minecraft:diorite":120,"morevillagers:hunting_post":1,"minecraft:golden_chestplate":1,"minecraft:rotten_flesh":55,"minecraft:tropical_fish":1,"minecraft:bookshelf":1,"minecraft:obsidian":137,"minecraft:iron_bars":2,"minecraft:cobblestone":3508,"minecraft:nautilus_shell":1,"minecraft:enchanting_table":1,"minecraft:birch_log":177,"minecraft:pink_petals":8,"minecraft:leather_chestplate":2,"minecraft:cherry_planks":64,"minecraft:water_bucket":1,"minecraft:andesite":101,"minecraft:golden_leggings":1,"minecraft:potato":40,"minecraft:flint":5,"minecraft:tuff":2,"minecraft:lapis_lazuli":64,"minecraft:dirt":1488,"minecraft:bone":24,"morevillagers:oceanography_table":1,"minecraft:bow":2,"minecraft:wheat_seeds":142,"minecraft:raw_gold":24,"minecraft:bell":2,"minecraft:bamboo":39,"minecraft:stone_hoe":1,"minecraft:oak_planks":46,"morevillagers:mining_bench":4,"minecraft:sand":43,"minecraft:grass_block":3,"minecraft:dark_oak_log":205,"minecraft:diamond":2,"minecraft:deepslate":37,"minecraft:lever":2,"minecraft:deepslate_gold_ore":5,"minecraft:granite":58,"minecraft:bread":30,"minecraft:oak_sapling":150,"minecraft:netherrack":216,"minecraft:crafting_table":19,"minecraft:azure_bluet":1,"minecraft:clay_ball":4,"minecraft:pink_wool":46,"minecraft:wooden_pickaxe":1,"minecraft:gold_block":1,"morevillagers:woodworking_table":3,"minecraft:stripped_cherry_log":20,"gravestone:obituary":5,"minecraft:shield":2,"minecraft:compass":3,"minecraft:iron_shovel":1,"minecraft:glass_pane":8,"morevillagers:gardening_table":1,"minecraft:deepslate_diamond_ore":1,"minecraft:beef":51,"minecraft:oak_boat":11,"minecraft:poppy":48,"minecraft:sugar_cane":234,"minecraft:chest":1,"minecraft:birch_sapling":34,"minecraft:piston":4,"minecraft:egg":7,"minecraft:copper_ore":207,"minecraft:dark_oak_sapling":36,"minecraft:raw_iron":195,"minecraft:sandstone":1,"minecraft:stone":299,"minecraft:oak_door":19,"minecraft:copper_ingot":1,"sophisticatedbackpacks:backpack":1,"minecraft:fire_charge":2,"minecraft:carrot":10,"minecraft:redstone":53,"minecraft:arrow":33,"minecraft:beetroot_seeds":2,"minecraft:hay_block":21,"minecraft:rail":2,"minecraft:white_wool":79,"minecraft:oxeye_daisy":2,"minecraft:leather":40,"minecraft:filled_map":1,"minecraft:birch_planks":14,"minecraft:oak_log":262,"minecraft:lily_pad":1,"minecraft:gunpowder":4,"easy_hammers:iron_hammer":1,"minecraft:cooked_mutton":1,"minecraft:apple":17,"minecraft:stone_bricks":39,"minecraft:kelp":1,"minecraft:iron_ingot":25,"minecraft:stone_pickaxe":1,"minecraft:iron_ore":2,"minecraft:soul_sand":4,"minecraft:book":3,"minecraft:oak_slab":2,"minecraft:smooth_basalt":3,"minecraft:dark_oak_slab":29,"minecraft:bamboo_planks":2,"minecraft:quartz":8,"minecraft:dandelion":15,"minecraft:raw_iron_block":1,"minecraft:dripstone_block":8,"minecraft:gravel":49,"minecraft:amethyst_shard":20,"minecraft:spruce_sapling":16,"minecraft:blast_furnace":3,"minecraft:white_bed":27,"minecraft:spruce_log":22,"minecraft:crying_obsidian":5,"minecraft:spider_eye":5,"minecraft:coal_ore":2,"minecraft:stone_axe":2,"minecraft:light_blue_carpet":1,"minecraft:redstone_ore":4,"minecraft:deepslate_redstone_ore":2,"minecraft:cherry_sapling":324,"minecraft:coal":188,"minecraft:ender_pearl":9}},"DataVersion":3465}