{"stats":{"minecraft:custom":{"minecraft:mob_kills":68,"minecraft:animals_bred":2,"minecraft:interact_with_crafting_table":105,"minecraft:leave_game":13,"minecraft:time_since_death":56099,"minecraft:sprint_one_cm":814802,"minecraft:walk_one_cm":1391595,"minecraft:drop":181,"minecraft:talked_to_villager":9,"minecraft:play_time":441223,"minecraft:sneak_time":61172,"minecraft:deaths":15,"minecraft:walk_under_water_one_cm":63502,"minecraft:boat_one_cm":295100,"minecraft:jump":5787,"minecraft:interact_with_blast_furnace":17,"minecraft:walk_on_water_one_cm":62378,"minecraft:total_world_time":441223,"minecraft:interact_with_furnace":59,"minecraft:sleep_in_bed":9,"minecraft:time_since_rest":56122,"minecraft:damage_taken":6897,"minecraft:damage_dealt":8183,"minecraft:swim_one_cm":65019,"minecraft:fly_one_cm":987393,"minecraft:open_chest":215,"minecraft:crouch_one_cm":226958,"minecraft:fall_one_cm":112296},"minecraft:mined":{"minecraft:nether_gold_ore":62,"minecraft:tuff":73,"minecraft:white_bed":9,"minecraft:farmland":2,"minecraft:deepslate_diamond_ore":30,"minecraft:oak_door":6,"minecraft:stripped_birch_log":1,"minecraft:brewing_stand":1,"minecraft:obsidian":2,"minecraft:granite":48,"gravestone:gravestone":12,"minecraft:grass_block":499,"morevillagers:gardening_table":4,"minecraft:cartography_table":2,"minecraft:oxeye_daisy":1,"minecraft:hay_block":64,"minecraft:magma_block":3,"minecraft:furnace":3,"minecraft:iron_ore":12,"minecraft:fire":6,"minecraft:cobbled_deepslate":26,"minecraft:andesite":41,"minecraft:deepslate_lapis_ore":3,"morevillagers:hunting_post":1,"minecraft:azure_bluet":8,"minecraft:gold_block":1,"minecraft:pointed_dripstone":1,"minecraft:deepslate_iron_ore":23,"minecraft:dirt_path":27,"minecraft:warped_stem":10,"minecraft:stripped_oak_log":16,"minecraft:stone":796,"sophisticatedbackpacks:backpack":2,"minecraft:deepslate_redstone_ore":32,"minecraft:glass_pane":1,"minecraft:soul_sand":2,"minecraft:blackstone":52,"minecraft:basalt":43,"minecraft:dandelion":12,"minecraft:oak_fence":7,"minecraft:cornflower":3,"minecraft:crafting_table":16,"minecraft:torch":10,"minecraft:poppy":1,"minecraft:chest":3,"minecraft:nether_quartz_ore":23,"minecraft:copper_ore":7,"minecraft:tall_grass":26,"minecraft:cobblestone":16,"minecraft:deepslate_gold_ore":27,"minecraft:sugar_cane":3,"minecraft:diorite":27,"minecraft:wall_torch":8,"minecraft:birch_sapling":9,"minecraft:white_terracotta":10,"minecraft:birch_planks":5,"minecraft:warped_nylium":2,"minecraft:birch_log":929,"minecraft:birch_leaves":1,"minecraft:stripped_oak_wood":4,"minecraft:bee_nest":1,"minecraft:grass":288,"minecraft:coal_ore":134,"minecraft:oak_log":40,"minecraft:gravel":133,"minecraft:dirt":461,"minecraft:sand":4,"minecraft:dripstone_block":16,"minecraft:netherrack":873,"minecraft:gold_ore":2,"minecraft:oak_leaves":8,"minecraft:deepslate":1868},"minecraft:dropped":{"minecraft:bread":3,"morevillagers:hunting_post":1,"minecraft:wheat_seeds":28,"minecraft:oak_fence":7,"minecraft:cobblestone":265,"morevillagers:gardening_table":1,"minecraft:spectral_arrow":11,"minecraft:granite":156,"minecraft:coal":2,"minecraft:flint":3,"minecraft:stick":4,"minecraft:dirt":69,"minecraft:diorite":112,"minecraft:cornflower":2,"minecraft:mutton":2,"minecraft:potion":2,"minecraft:stripped_birch_log":1,"gravestone:obituary":15,"minecraft:sand":2,"minecraft:stripped_oak_wood":2,"minecraft:string":1,"minecraft:white_wool":1,"minecraft:bucket":1,"minecraft:dandelion":10,"minecraft:oak_door":7,"minecraft:gravel":9,"minecraft:cobbled_deepslate":371,"minecraft:raw_copper":22,"minecraft:nether_brick":39,"minecraft:tuff":64,"minecraft:birch_sapling":4,"minecraft:pointed_dripstone":2,"minecraft:rotten_flesh":13,"easy_hammers:stone_hammer":1,"minecraft:oak_planks":17,"minecraft:diamond_shovel":1,"sophisticatedbackpacks:backpack":1,"minecraft:white_terracotta":15,"minecraft:azure_bluet":8,"minecraft:diamond_pickaxe":1,"minecraft:andesite":115,"minecraft:chest":2,"minecraft:golden_sword":1,"minecraft:sandstone":12,"minecraft:arrow":1,"minecraft:beef":1,"minecraft:wooden_pickaxe":1,"minecraft:magma_cream":2,"minecraft:quartz":53},"minecraft:crafted":{"easy_hammers:iron_hammer":4,"minecraft:smooth_stone":6,"minecraft:oak_planks":204,"minecraft:stone_shovel":4,"minecraft:birch_boat":3,"minecraft:birch_slab":84,"minecraft:furnace":78,"minecraft:blast_furnace":2,"minecraft:stone":9,"easy_hammers:stone_hammer":47,"minecraft:bone_meal":18,"minecraft:diamond_shovel":1,"minecraft:cooked_mutton":32,"minecraft:diamond_leggings":1,"minecraft:iron_hoe":1,"minecraft:birch_fence_gate":1,"minecraft:stone_pickaxe":18,"minecraft:chest":51,"minecraft:birch_sign":9,"sophisticatedbackpacks:iron_backpack":2,"minecraft:golden_boots":1,"minecraft:wheat":567,"minecraft:cooked_beef":22,"easy_hammers:diamond_hammer":1,"minecraft:deepslate":9,"minecraft:wooden_shovel":4,"sophisticatedbackpacks:backpack":3,"minecraft:diamond_axe":1,"minecraft:crafting_table":5,"minecraft:wooden_pickaxe":1,"minecraft:bucket":2,"minecraft:birch_planks":612,"minecraft:stone_axe":1,"minecraft:air":0,"minecraft:bread":187,"minecraft:oak_boat":5,"minecraft:diamond_pickaxe":2,"minecraft:stick":144,"minecraft:iron_ingot":81,"minecraft:iron_pickaxe":1,"minecraft:wooden_axe":5,"minecraft:gold_ingot":66,"minecraft:white_bed":6,"minecraft:composter":2,"minecraft:torch":368,"minecraft:diamond_chestplate":1},"minecraft:picked_up":{"minecraft:crafting_table":16,"minecraft:wheat":7,"minecraft:azure_bluet":9,"minecraft:lead":3,"minecraft:gold_block":1,"minecraft:potion":3,"minecraft:nether_brick":39,"gravestone:obituary":4,"minecraft:brewing_stand":1,"minecraft:cornflower":3,"minecraft:string":25,"minecraft:raw_copper":210,"minecraft:blackstone":96,"morevillagers:gardening_table":4,"minecraft:cartography_table":2,"minecraft:gold_nugget":245,"minecraft:cobbled_deepslate":14084,"minecraft:bucket":1,"minecraft:beef":26,"easy_hammers:stone_hammer":1,"minecraft:oak_boat":14,"minecraft:iron_nugget":22,"minecraft:poppy":3,"minecraft:sugar_cane":8,"minecraft:chest":4,"minecraft:birch_sapling":227,"minecraft:furnace":3,"minecraft:egg":1,"minecraft:stick":197,"minecraft:raw_iron":79,"minecraft:sandstone":12,"minecraft:oak_door":7,"minecraft:oak_fence":7,"minecraft:torch":54,"sophisticatedbackpacks:backpack":2,"minecraft:pointed_dripstone":4,"minecraft:diorite":283,"morevillagers:hunting_post":1,"minecraft:redstone":269,"minecraft:arrow":3,"minecraft:rotten_flesh":17,"minecraft:hay_block":64,"minecraft:white_terracotta":21,"minecraft:obsidian":5,"minecraft:mutton":34,"minecraft:birch_log":886,"minecraft:white_wool":21,"minecraft:cobblestone":6162,"minecraft:stripped_oak_log":9,"minecraft:magma_block":3,"minecraft:basalt":40,"minecraft:magma_cream":2,"minecraft:andesite":468,"minecraft:leather":14,"minecraft:potato":1,"minecraft:birch_planks":5,"minecraft:flint":11,"minecraft:tuff":637,"minecraft:oak_log":40,"minecraft:lapis_lazuli":130,"minecraft:stripped_birch_log":1,"minecraft:dirt":1000,"minecraft:bone":6,"minecraft:wheat_seeds":50,"minecraft:warped_stem":10,"minecraft:raw_gold":34,"minecraft:iron_ingot":4,"minecraft:stripped_oak_wood":4,"minecraft:soul_sand":8,"minecraft:birch_boat":5,"minecraft:quartz":53,"minecraft:dandelion":14,"minecraft:dripstone_block":110,"minecraft:gravel":116,"minecraft:sand":4,"minecraft:white_bed":9,"minecraft:crying_obsidian":2,"minecraft:spectral_arrow":19,"minecraft:spider_eye":1,"minecraft:diamond_shovel":1,"minecraft:diamond":32,"minecraft:stone_axe":1,"minecraft:granite":368,"minecraft:bread":3,"minecraft:oak_sapling":10,"minecraft:netherrack":874,"minecraft:coal":368,"minecraft:ender_pearl":4,"minecraft:diamond_pickaxe":1},"minecraft:killed":{"minecraft:spider":4,"minecraft:skeleton":2,"minecraft:horse":1,"minecraft:bee":2,"minecraft:magma_cube":10,"minecraft:creeper":2,"minecraft:sheep":22,"minecraft:zombie":10,"minecraft:cow":14},"minecraft:used":{"minecraft:flint_and_steel":1,"minecraft:stone_shovel":198,"minecraft:poppy":1,"minecraft:chest":50,"minecraft:white_terracotta":5,"easy_hammers:stone_hammer":2166,"minecraft:wooden_shovel":238,"minecraft:netherrack":824,"minecraft:torch":303,"minecraft:dirt":505,"minecraft:golden_shovel":32,"minecraft:tuff":33,"minecraft:obsidian":2,"minecraft:iron_hoe":236,"minecraft:wooden_axe":289,"minecraft:lava_bucket":9,"minecraft:birch_sapling":129,"easy_hammers:iron_hammer":129,"minecraft:golden_sword":16,"minecraft:basalt":40,"minecraft:magma_block":3,"minecraft:hay_block":1,"minecraft:furnace":79,"minecraft:egg":1,"minecraft:cooked_beef":22,"minecraft:cobbled_deepslate":633,"minecraft:wheat_seeds":22,"minecraft:cooked_mutton":11,"minecraft:water_bucket":67,"minecraft:diorite":68,"minecraft:birch_planks":88,"minecraft:oak_planks":13,"minecraft:stone_pickaxe":1172,"minecraft:cartography_table":1,"minecraft:wooden_pickaxe":30,"minecraft:birch_boat":8,"minecraft:composter":2,"minecraft:sugar_cane":4,"minecraft:diamond_axe":838,"minecraft:sand":2,"minecraft:birch_sign":9,"minecraft:blast_furnace":2,"minecraft:crafting_table":20,"minecraft:white_bed":14,"morevillagers:gardening_table":3,"sophisticatedbackpacks:backpack":2,"minecraft:cornflower":1,"minecraft:diamond_pickaxe":22,"easy_hammers:diamond_hammer":661,"minecraft:diamond_shovel":515,"minecraft:birch_fence_gate":1,"minecraft:birch_slab":17,"minecraft:bread":30,"minecraft:iron_pickaxe":251,"minecraft:gravel":9,"minecraft:stone_axe":191,"minecraft:cobblestone":91,"minecraft:stripped_oak_wood":2,"minecraft:andesite":68,"minecraft:bucket":78,"minecraft:oak_boat":16,"minecraft:bone_meal":18,"minecraft:dandelion":3},"minecraft:killed_by":{"minecraft:ghast":3,"minecraft:player":2,"minecraft:creeper":1,"minecraft:skeleton":5,"minecraft:zombie":1},"minecraft:broken":{"minecraft:wooden_shovel":4,"easy_hammers:stone_hammer":14,"minecraft:golden_shovel":1,"minecraft:stone_pickaxe":7,"minecraft:stone_axe":1,"minecraft:iron_pickaxe":1,"minecraft:wooden_axe":4,"minecraft:stone_shovel":1}},"DataVersion":3465}