{"stats":{"minecraft:used":{"minecraft:flint_and_steel":1,"minecraft:crafting_table":2,"minecraft:birch_boat":4,"minecraft:obsidian":15},"minecraft:picked_up":{"minecraft:birch_log":3,"minecraft:crafting_table":2,"minecraft:birch_boat":4,"minecraft:hay_block":21},"minecraft:custom":{"minecraft:time_since_rest":21217,"minecraft:crouch_one_cm":3074,"minecraft:sprint_one_cm":21098,"minecraft:play_time":21217,"minecraft:damage_taken":20,"minecraft:walk_one_cm":11589,"minecraft:sneak_time":979,"minecraft:boat_one_cm":79862,"minecraft:jump":233,"minecraft:leave_game":1,"minecraft:walk_on_water_one_cm":765,"minecraft:time_since_death":21217,"minecraft:total_world_time":21217,"minecraft:interact_with_crafting_table":2,"minecraft:fall_one_cm":3942,"minecraft:fly_one_cm":224957},"minecraft:mined":{"minecraft:hay_block":21,"minecraft:birch_log":3,"minecraft:crafting_table":2},"minecraft:crafted":{"minecraft:birch_planks":12,"minecraft:crafting_table":1,"minecraft:bread":63,"minecraft:birch_boat":1,"minecraft:wheat":189}},"DataVersion":3953}