{"stats":{"minecraft:custom":{"minecraft:animals_bred":6,"minecraft:interact_with_crafting_table":110,"minecraft:leave_game":13,"minecraft:time_since_death":12920,"minecraft:sprint_one_cm":962091,"minecraft:drop":228,"minecraft:talked_to_villager":9,"minecraft:play_time":489223,"minecraft:deaths":16,"minecraft:jump":6559,"minecraft:walk_on_water_one_cm":62465,"minecraft:interact_with_furnace":60,"minecraft:sleep_in_bed":9,"minecraft:damage_dealt":8483,"minecraft:crouch_one_cm":244100,"minecraft:mob_kills":71,"minecraft:walk_one_cm":1582081,"minecraft:sneak_time":64712,"minecraft:walk_under_water_one_cm":63502,"minecraft:boat_one_cm":295100,"minecraft:interact_with_blast_furnace":19,"minecraft:total_world_time":489223,"minecraft:time_since_rest":12983,"minecraft:damage_taken":7267,"minecraft:swim_one_cm":65019,"minecraft:fly_one_cm":1172883,"minecraft:open_chest":221,"minecraft:fall_one_cm":129358},"minecraft:mined":{"minecraft:white_bed":11,"minecraft:farmland":2,"minecraft:brewing_stand":1,"minecraft:obsidian":2,"minecraft:granite":48,"minecraft:grass_block":513,"minecraft:oxeye_daisy":1,"minecraft:magma_block":60,"minecraft:cobbled_deepslate":26,"minecraft:iron_ore":12,"minecraft:fire":6,"minecraft:deepslate_lapis_ore":3,"minecraft:azure_bluet":8,"minecraft:pointed_dripstone":1,"minecraft:dirt_path":27,"minecraft:deepslate_redstone_ore":32,"minecraft:blackstone":71,"minecraft:torch":10,"minecraft:poppy":2,"minecraft:chest":4,"minecraft:nether_quartz_ore":68,"minecraft:cobblestone":16,"minecraft:sugar_cane":3,"minecraft:wall_torch":9,"minecraft:birch_sapling":9,"minecraft:white_terracotta":10,"minecraft:warped_nylium":3,"minecraft:birch_log":929,"minecraft:stripped_oak_wood":4,"minecraft:grass":516,"minecraft:oak_log":40,"minecraft:sand":4,"minecraft:dirt":472,"minecraft:ancient_debris":14,"minecraft:netherrack":1566,"minecraft:oak_leaves":8,"minecraft:deepslate":1868,"minecraft:nether_gold_ore":79,"minecraft:tuff":73,"minecraft:deepslate_diamond_ore":30,"minecraft:oak_door":6,"minecraft:stripped_birch_log":1,"gravestone:gravestone":14,"morevillagers:gardening_table":4,"minecraft:cartography_table":2,"minecraft:hay_block":64,"minecraft:furnace":3,"minecraft:andesite":41,"morevillagers:hunting_post":1,"minecraft:gold_block":1,"minecraft:deepslate_iron_ore":23,"minecraft:warped_stem":10,"minecraft:stripped_oak_log":16,"minecraft:stone":796,"sophisticatedbackpacks:backpack":2,"minecraft:glass_pane":1,"minecraft:soul_sand":2,"minecraft:basalt":80,"minecraft:dandelion":13,"minecraft:oak_fence":7,"minecraft:crafting_table":16,"minecraft:cornflower":3,"minecraft:tall_grass":54,"minecraft:copper_ore":7,"minecraft:deepslate_gold_ore":27,"minecraft:diorite":27,"minecraft:birch_planks":5,"minecraft:birch_leaves":1,"minecraft:bee_nest":1,"minecraft:coal_ore":134,"minecraft:gravel":133,"minecraft:dripstone_block":16,"minecraft:gold_ore":2},"minecraft:dropped":{"minecraft:flint":3,"minecraft:dirt":70,"minecraft:grass":5,"minecraft:cornflower":2,"minecraft:mutton":2,"gravestone:obituary":17,"minecraft:gold_nugget":8,"minecraft:sand":2,"minecraft:stripped_oak_wood":2,"minecraft:white_wool":1,"minecraft:oak_door":7,"minecraft:gravel":9,"minecraft:blackstone":45,"minecraft:cobbled_deepslate":371,"minecraft:nether_brick":39,"minecraft:wheat":2,"minecraft:birch_sapling":4,"minecraft:pointed_dripstone":2,"minecraft:rotten_flesh":13,"easy_hammers:stone_hammer":1,"minecraft:oak_planks":17,"minecraft:diamond_shovel":1,"minecraft:azure_bluet":8,"minecraft:chest":2,"minecraft:basalt":183,"minecraft:arrow":3,"minecraft:beef":1,"minecraft:quartz":68,"minecraft:netherrack":1513,"minecraft:bread":3,"morevillagers:hunting_post":1,"minecraft:wheat_seeds":28,"minecraft:oak_fence":7,"minecraft:cobblestone":267,"morevillagers:gardening_table":1,"minecraft:spectral_arrow":11,"minecraft:granite":156,"minecraft:coal":3,"minecraft:stick":4,"minecraft:diorite":112,"minecraft:potion":2,"minecraft:stripped_birch_log":1,"minecraft:string":1,"minecraft:bucket":1,"minecraft:dandelion":11,"minecraft:raw_copper":22,"minecraft:tuff":64,"sophisticatedbackpacks:backpack":1,"minecraft:white_terracotta":15,"minecraft:potato":1,"minecraft:diamond_pickaxe":1,"minecraft:andesite":115,"minecraft:golden_sword":1,"minecraft:sandstone":12,"minecraft:wooden_pickaxe":1,"minecraft:magma_cream":2},"minecraft:crafted":{"minecraft:oak_planks":204,"minecraft:smooth_stone":6,"easy_hammers:iron_hammer":4,"minecraft:birch_boat":3,"minecraft:birch_slab":84,"minecraft:stone":9,"minecraft:diamond_shovel":1,"minecraft:cooked_mutton":32,"minecraft:diamond_leggings":1,"minecraft:birch_fence_gate":1,"minecraft:chest":51,"minecraft:golden_boots":1,"minecraft:deepslate":9,"minecraft:wooden_shovel":4,"sophisticatedbackpacks:backpack":3,"minecraft:diamond_axe":1,"minecraft:crafting_table":5,"minecraft:wooden_pickaxe":1,"minecraft:birch_planks":612,"minecraft:diamond_pickaxe":2,"minecraft:yellow_dye":1,"minecraft:stick":144,"minecraft:iron_ingot":81,"minecraft:iron_pickaxe":1,"minecraft:gold_ingot":66,"minecraft:composter":2,"minecraft:shears":1,"minecraft:stone_shovel":4,"minecraft:furnace":78,"minecraft:blast_furnace":2,"easy_hammers:stone_hammer":47,"minecraft:bone_meal":18,"minecraft:iron_hoe":1,"minecraft:stone_pickaxe":18,"minecraft:birch_sign":9,"minecraft:wheat":567,"sophisticatedbackpacks:iron_backpack":4,"minecraft:cooked_beef":22,"minecraft:red_dye":1,"easy_hammers:diamond_hammer":1,"sophisticatedbackpacks:gold_backpack":2,"minecraft:bucket":2,"minecraft:stone_axe":1,"minecraft:bread":187,"minecraft:air":0,"minecraft:oak_boat":5,"minecraft:wooden_axe":5,"minecraft:white_bed":16,"minecraft:torch":368,"minecraft:diamond_chestplate":1},"minecraft:picked_up":{"minecraft:wheat":10,"minecraft:lead":3,"minecraft:potion":3,"minecraft:nether_brick":39,"minecraft:brewing_stand":1,"minecraft:string":25,"minecraft:raw_copper":210,"minecraft:gold_nugget":463,"minecraft:cobbled_deepslate":14084,"minecraft:bucket":1,"minecraft:furnace":3,"minecraft:stick":197,"minecraft:oak_fence":7,"minecraft:torch":54,"minecraft:pointed_dripstone":4,"minecraft:diorite":283,"morevillagers:hunting_post":1,"minecraft:rotten_flesh":17,"minecraft:white_terracotta":21,"minecraft:obsidian":5,"minecraft:cobblestone":6162,"minecraft:birch_log":886,"minecraft:magma_block":274,"minecraft:magma_cream":2,"minecraft:andesite":468,"minecraft:potato":1,"minecraft:flint":11,"minecraft:tuff":637,"minecraft:dirt":1025,"minecraft:lapis_lazuli":130,"minecraft:stripped_birch_log":1,"minecraft:bone":6,"minecraft:wheat_seeds":87,"minecraft:raw_gold":34,"minecraft:sand":4,"minecraft:spectral_arrow":19,"minecraft:diamond":32,"minecraft:granite":368,"minecraft:grass":5,"minecraft:bread":3,"minecraft:oak_sapling":10,"minecraft:netherrack":3033,"minecraft:diamond_pickaxe":1,"minecraft:crafting_table":16,"minecraft:azure_bluet":9,"minecraft:gold_block":1,"gravestone:obituary":4,"minecraft:cornflower":3,"minecraft:blackstone":229,"morevillagers:gardening_table":4,"minecraft:cartography_table":2,"minecraft:beef":34,"easy_hammers:stone_hammer":1,"minecraft:oak_boat":14,"minecraft:poppy":4,"minecraft:iron_nugget":22,"minecraft:sugar_cane":8,"minecraft:chest":5,"minecraft:birch_sapling":227,"minecraft:egg":2,"minecraft:raw_iron":79,"minecraft:sandstone":12,"minecraft:oak_door":7,"sophisticatedbackpacks:backpack":2,"minecraft:redstone":269,"minecraft:arrow":3,"minecraft:hay_block":64,"minecraft:mutton":34,"minecraft:white_wool":57,"minecraft:stripped_oak_log":9,"minecraft:basalt":356,"minecraft:leather":17,"minecraft:birch_planks":5,"minecraft:oak_log":40,"minecraft:ancient_debris":14,"minecraft:warped_stem":10,"minecraft:iron_ingot":4,"minecraft:stripped_oak_wood":4,"minecraft:soul_sand":8,"minecraft:birch_boat":5,"minecraft:quartz":132,"minecraft:dandelion":15,"minecraft:dripstone_block":110,"minecraft:gravel":116,"minecraft:white_bed":11,"minecraft:crying_obsidian":2,"minecraft:spider_eye":1,"minecraft:diamond_shovel":1,"minecraft:stone_axe":1,"minecraft:gray_wool":4,"minecraft:black_wool":4,"minecraft:warped_nylium":1,"minecraft:coal":368,"minecraft:ender_pearl":5},"minecraft:killed":{"minecraft:spider":4,"minecraft:skeleton":2,"minecraft:bee":2,"minecraft:magma_cube":10,"minecraft:creeper":2,"minecraft:sheep":22,"minecraft:zombie":10,"minecraft:cow":17,"minecraft:horse":1},"minecraft:used":{"minecraft:poppy":1,"minecraft:chest":51,"minecraft:white_terracotta":5,"minecraft:tuff":33,"minecraft:obsidian":2,"minecraft:lava_bucket":9,"minecraft:birch_sapling":129,"minecraft:golden_sword":16,"minecraft:magma_block":3,"minecraft:hay_block":1,"minecraft:furnace":79,"minecraft:egg":2,"minecraft:diorite":68,"minecraft:stone_pickaxe":1172,"minecraft:oak_planks":13,"minecraft:wooden_pickaxe":30,"minecraft:composter":2,"minecraft:diamond_axe":846,"minecraft:sugar_cane":4,"minecraft:white_wool":6,"minecraft:sand":2,"minecraft:blast_furnace":2,"minecraft:shears":9,"morevillagers:gardening_table":3,"sophisticatedbackpacks:backpack":2,"easy_hammers:diamond_hammer":661,"minecraft:birch_fence_gate":1,"minecraft:birch_slab":17,"minecraft:bread":30,"minecraft:gravel":9,"minecraft:stripped_oak_wood":2,"minecraft:andesite":68,"minecraft:oak_boat":18,"minecraft:bone_meal":18,"minecraft:flint_and_steel":1,"minecraft:stone_shovel":198,"easy_hammers:stone_hammer":2166,"minecraft:wooden_shovel":238,"minecraft:netherrack":832,"minecraft:torch":324,"minecraft:dirt":524,"minecraft:golden_shovel":32,"minecraft:iron_hoe":236,"minecraft:wooden_axe":289,"easy_hammers:iron_hammer":980,"minecraft:basalt":115,"minecraft:cooked_beef":22,"minecraft:cobbled_deepslate":633,"minecraft:wheat_seeds":59,"minecraft:cooked_mutton":18,"minecraft:water_bucket":67,"minecraft:birch_planks":88,"minecraft:cartography_table":2,"minecraft:birch_boat":8,"minecraft:crafting_table":20,"minecraft:birch_sign":9,"minecraft:white_bed":26,"minecraft:diamond_pickaxe":55,"minecraft:cornflower":1,"minecraft:black_wool":4,"minecraft:diamond_shovel":539,"minecraft:iron_pickaxe":251,"minecraft:stone_axe":191,"minecraft:cobblestone":91,"minecraft:bucket":78,"minecraft:dandelion":3,"minecraft:gray_wool":4},"minecraft:killed_by":{"minecraft:ghast":3,"minecraft:creeper":1,"minecraft:zombie":1,"minecraft:player":2,"minecraft:skeleton":5},"minecraft:broken":{"minecraft:wooden_shovel":4,"minecraft:golden_shovel":1,"minecraft:stone_pickaxe":7,"easy_hammers:iron_hammer":3,"minecraft:stone_axe":1,"minecraft:wooden_axe":4,"minecraft:stone_shovel":1,"easy_hammers:stone_hammer":14,"minecraft:iron_pickaxe":1}},"DataVersion":3465}