{"stats":{"minecraft:killed_by":{"minecraft:ghast":3,"minecraft:player":2,"minecraft:creeper":1,"minecraft:skeleton":4,"minecraft:zombie":1},"minecraft:picked_up":{"minecraft:crafting_table":16,"minecraft:azure_bluet":1,"minecraft:lead":1,"minecraft:gold_block":1,"minecraft:potion":3,"minecraft:nether_brick":39,"gravestone:obituary":4,"minecraft:brewing_stand":1,"minecraft:cornflower":1,"minecraft:string":25,"minecraft:raw_copper":68,"minecraft:blackstone":96,"morevillagers:gardening_table":2,"minecraft:cartography_table":1,"minecraft:gold_nugget":245,"minecraft:cobbled_deepslate":421,"minecraft:beef":26,"minecraft:oak_boat":12,"minecraft:iron_nugget":22,"minecraft:poppy":3,"minecraft:sugar_cane":4,"minecraft:chest":1,"minecraft:birch_sapling":68,"minecraft:furnace":1,"minecraft:egg":1,"minecraft:stick":31,"minecraft:raw_iron":36,"minecraft:sandstone":12,"minecraft:oak_door":6,"minecraft:oak_fence":1,"minecraft:torch":6,"sophisticatedbackpacks:backpack":1,"minecraft:pointed_dripstone":2,"minecraft:diorite":176,"morevillagers:hunting_post":1,"minecraft:arrow":1,"minecraft:rotten_flesh":13,"minecraft:hay_block":63,"minecraft:white_terracotta":5,"minecraft:obsidian":3,"minecraft:mutton":32,"minecraft:white_wool":20,"minecraft:cobblestone":1673,"minecraft:birch_log":240,"minecraft:magma_block":3,"minecraft:basalt":40,"minecraft:magma_cream":2,"minecraft:andesite":152,"minecraft:leather":14,"minecraft:potato":1,"minecraft:birch_planks":5,"minecraft:tuff":6,"minecraft:oak_log":27,"minecraft:stripped_birch_log":1,"minecraft:lapis_lazuli":11,"minecraft:dirt":319,"minecraft:bone":2,"minecraft:wheat_seeds":7,"minecraft:raw_gold":2,"minecraft:warped_stem":10,"minecraft:iron_ingot":4,"minecraft:stripped_oak_wood":2,"minecraft:soul_sand":8,"minecraft:birch_boat":5,"minecraft:quartz":53,"minecraft:dandelion":3,"minecraft:dripstone_block":110,"minecraft:gravel":13,"minecraft:sand":4,"minecraft:white_bed":2,"minecraft:crying_obsidian":2,"minecraft:spectral_arrow":19,"minecraft:spider_eye":1,"minecraft:granite":156,"minecraft:bread":3,"minecraft:oak_sapling":4,"minecraft:netherrack":861,"minecraft:coal":223,"minecraft:ender_pearl":4},"minecraft:mined":{"minecraft:nether_gold_ore":62,"minecraft:tuff":2,"minecraft:white_bed":2,"minecraft:oak_door":6,"minecraft:stripped_birch_log":1,"minecraft:brewing_stand":1,"gravestone:gravestone":9,"minecraft:granite":18,"minecraft:grass_block":252,"morevillagers:gardening_table":2,"minecraft:cartography_table":1,"minecraft:hay_block":63,"minecraft:magma_block":3,"minecraft:furnace":1,"minecraft:iron_ore":8,"minecraft:fire":6,"minecraft:andesite":16,"minecraft:deepslate_lapis_ore":1,"morevillagers:hunting_post":1,"minecraft:gold_block":1,"minecraft:pointed_dripstone":1,"minecraft:deepslate_iron_ore":4,"minecraft:dirt_path":27,"minecraft:warped_stem":10,"minecraft:stone":247,"sophisticatedbackpacks:backpack":2,"minecraft:deepslate_redstone_ore":3,"minecraft:blackstone":52,"minecraft:soul_sand":2,"minecraft:basalt":43,"minecraft:dandelion":2,"minecraft:oak_fence":1,"minecraft:crafting_table":16,"minecraft:cornflower":1,"minecraft:torch":2,"minecraft:poppy":1,"minecraft:chest":1,"minecraft:copper_ore":3,"minecraft:nether_quartz_ore":23,"minecraft:tall_grass":2,"minecraft:deepslate_gold_ore":2,"minecraft:sugar_cane":1,"minecraft:diorite":19,"minecraft:white_terracotta":1,"minecraft:birch_planks":5,"minecraft:warped_nylium":2,"minecraft:birch_log":246,"minecraft:stripped_oak_wood":2,"minecraft:grass":27,"minecraft:oak_log":27,"minecraft:coal_ore":112,"minecraft:dripstone_block":16,"minecraft:gravel":5,"minecraft:sand":4,"minecraft:dirt":26,"minecraft:netherrack":869,"minecraft:oak_leaves":8,"minecraft:deepslate":61},"minecraft:broken":{"minecraft:wooden_shovel":4,"easy_hammers:stone_hammer":1,"minecraft:golden_shovel":1,"minecraft:stone_pickaxe":7,"minecraft:wooden_axe":4},"minecraft:custom":{"minecraft:mob_kills":56,"minecraft:interact_with_crafting_table":70,"minecraft:leave_game":6,"minecraft:time_since_death":5078,"minecraft:sprint_one_cm":433268,"minecraft:walk_one_cm":472668,"minecraft:drop":122,"minecraft:talked_to_villager":5,"minecraft:play_time":194668,"minecraft:sneak_time":39713,"minecraft:deaths":13,"minecraft:walk_under_water_one_cm":20946,"minecraft:boat_one_cm":295100,"minecraft:jump":3231,"minecraft:walk_on_water_one_cm":25291,"minecraft:total_world_time":194668,"minecraft:interact_with_furnace":33,"minecraft:sleep_in_bed":9,"minecraft:time_since_rest":5107,"minecraft:damage_taken":4924,"minecraft:damage_dealt":5768,"minecraft:swim_one_cm":63248,"minecraft:fly_one_cm":690178,"minecraft:open_chest":83,"minecraft:crouch_one_cm":154024,"minecraft:fall_one_cm":75783},"minecraft:dropped":{"minecraft:bread":3,"morevillagers:hunting_post":1,"minecraft:wheat_seeds":3,"minecraft:oak_fence":1,"minecraft:cobblestone":222,"morevillagers:gardening_table":1,"minecraft:spectral_arrow":11,"minecraft:coal":2,"minecraft:dirt":24,"minecraft:potion":2,"minecraft:stripped_birch_log":1,"gravestone:obituary":14,"minecraft:sand":2,"minecraft:string":1,"minecraft:oak_door":6,"minecraft:gravel":3,"minecraft:raw_copper":22,"minecraft:nether_brick":39,"minecraft:birch_sapling":4,"minecraft:rotten_flesh":5,"minecraft:oak_planks":17,"minecraft:andesite":1,"minecraft:golden_sword":1,"minecraft:sandstone":12,"minecraft:wooden_pickaxe":1,"minecraft:arrow":1,"minecraft:beef":1,"minecraft:magma_cream":2,"minecraft:quartz":53},"minecraft:crafted":{"minecraft:oak_planks":116,"minecraft:birch_boat":3,"minecraft:birch_slab":6,"minecraft:furnace":5,"easy_hammers:stone_hammer":14,"minecraft:bone_meal":6,"minecraft:cooked_mutton":32,"minecraft:stone_pickaxe":18,"minecraft:chest":7,"minecraft:golden_boots":1,"minecraft:wheat":558,"minecraft:cooked_beef":22,"minecraft:wooden_shovel":4,"sophisticatedbackpacks:backpack":3,"minecraft:crafting_table":3,"minecraft:wooden_pickaxe":1,"minecraft:bucket":2,"minecraft:birch_planks":244,"minecraft:stone_axe":1,"minecraft:air":0,"minecraft:bread":187,"minecraft:oak_boat":5,"minecraft:stick":144,"minecraft:iron_ingot":8,"minecraft:iron_pickaxe":1,"minecraft:wooden_axe":5,"minecraft:gold_ingot":32,"minecraft:white_bed":6,"minecraft:torch":196},"minecraft:killed":{"minecraft:spider":4,"minecraft:magma_cube":10,"minecraft:creeper":1,"minecraft:sheep":21,"minecraft:zombie":5,"minecraft:cow":14},"minecraft:used":{"minecraft:flint_and_steel":1,"minecraft:poppy":1,"minecraft:chest":5,"minecraft:white_terracotta":5,"easy_hammers:stone_hammer":362,"minecraft:wooden_shovel":238,"minecraft:netherrack":727,"minecraft:torch":98,"minecraft:dirt":168,"minecraft:golden_shovel":32,"minecraft:obsidian":2,"minecraft:wooden_axe":289,"minecraft:lava_bucket":9,"minecraft:basalt":15,"minecraft:golden_sword":16,"minecraft:magma_block":3,"minecraft:hay_block":1,"minecraft:furnace":6,"minecraft:egg":1,"minecraft:cooked_beef":7,"minecraft:water_bucket":20,"minecraft:birch_planks":88,"minecraft:stone_pickaxe":1172,"minecraft:oak_planks":13,"minecraft:cartography_table":1,"minecraft:wooden_pickaxe":30,"minecraft:birch_boat":8,"minecraft:sand":2,"minecraft:crafting_table":18,"minecraft:white_bed":7,"morevillagers:gardening_table":1,"sophisticatedbackpacks:backpack":2,"minecraft:cornflower":1,"minecraft:birch_slab":1,"minecraft:bread":30,"minecraft:iron_pickaxe":64,"minecraft:gravel":9,"minecraft:stone_axe":137,"minecraft:stripped_oak_wood":2,"minecraft:bucket":30,"minecraft:oak_boat":16,"minecraft:dandelion":3}},"DataVersion":3465}