{"stats":{"minecraft:killed_by":{"minecraft:ghast":3,"minecraft:player":2,"minecraft:creeper":1,"minecraft:skeleton":4,"minecraft:zombie":1},"minecraft:picked_up":{"minecraft:crafting_table":16,"minecraft:azure_bluet":1,"minecraft:lead":1,"minecraft:gold_block":1,"minecraft:potion":3,"minecraft:nether_brick":39,"gravestone:obituary":4,"minecraft:brewing_stand":1,"minecraft:cornflower":1,"minecraft:string":25,"minecraft:raw_copper":68,"minecraft:blackstone":96,"morevillagers:gardening_table":2,"minecraft:cartography_table":1,"minecraft:gold_nugget":245,"minecraft:cobbled_deepslate":880,"minecraft:bucket":1,"minecraft:beef":26,"minecraft:oak_boat":12,"minecraft:iron_nugget":22,"minecraft:poppy":3,"minecraft:sugar_cane":4,"minecraft:chest":1,"minecraft:birch_sapling":73,"minecraft:furnace":1,"minecraft:egg":1,"minecraft:stick":43,"minecraft:raw_iron":53,"minecraft:sandstone":12,"minecraft:oak_door":7,"minecraft:oak_fence":7,"minecraft:torch":18,"sophisticatedbackpacks:backpack":1,"minecraft:pointed_dripstone":4,"minecraft:diorite":226,"morevillagers:hunting_post":1,"minecraft:arrow":3,"minecraft:rotten_flesh":17,"minecraft:hay_block":63,"minecraft:white_terracotta":20,"minecraft:obsidian":3,"minecraft:mutton":34,"minecraft:white_wool":21,"minecraft:cobblestone":1993,"minecraft:birch_log":240,"minecraft:magma_block":3,"minecraft:basalt":40,"minecraft:magma_cream":2,"minecraft:andesite":298,"minecraft:leather":14,"minecraft:potato":1,"minecraft:birch_planks":5,"minecraft:tuff":205,"minecraft:oak_log":40,"minecraft:lapis_lazuli":23,"minecraft:stripped_birch_log":1,"minecraft:dirt":322,"minecraft:bone":4,"minecraft:wheat_seeds":19,"minecraft:warped_stem":10,"minecraft:raw_gold":7,"minecraft:iron_ingot":4,"minecraft:stripped_oak_wood":4,"minecraft:soul_sand":8,"minecraft:birch_boat":5,"minecraft:quartz":53,"minecraft:dandelion":5,"minecraft:dripstone_block":110,"minecraft:gravel":15,"minecraft:sand":4,"minecraft:white_bed":2,"minecraft:crying_obsidian":2,"minecraft:spectral_arrow":19,"minecraft:spider_eye":1,"minecraft:diamond":6,"minecraft:stone_axe":1,"minecraft:granite":184,"minecraft:bread":3,"minecraft:oak_sapling":10,"minecraft:netherrack":863,"minecraft:coal":223,"minecraft:ender_pearl":4},"minecraft:mined":{"minecraft:nether_gold_ore":62,"minecraft:tuff":18,"minecraft:white_bed":2,"minecraft:deepslate_diamond_ore":6,"minecraft:oak_door":6,"minecraft:stripped_birch_log":1,"minecraft:brewing_stand":1,"gravestone:gravestone":10,"minecraft:granite":24,"minecraft:grass_block":253,"morevillagers:gardening_table":2,"minecraft:cartography_table":1,"minecraft:hay_block":63,"minecraft:magma_block":3,"minecraft:furnace":1,"minecraft:iron_ore":10,"minecraft:fire":6,"minecraft:andesite":24,"minecraft:deepslate_lapis_ore":1,"morevillagers:hunting_post":1,"minecraft:gold_block":1,"minecraft:pointed_dripstone":1,"minecraft:deepslate_iron_ore":11,"minecraft:dirt_path":27,"minecraft:warped_stem":10,"minecraft:stripped_oak_log":1,"minecraft:stone":294,"sophisticatedbackpacks:backpack":2,"minecraft:deepslate_redstone_ore":3,"minecraft:soul_sand":2,"minecraft:blackstone":52,"minecraft:basalt":43,"minecraft:dandelion":4,"minecraft:oak_fence":7,"minecraft:cornflower":1,"minecraft:crafting_table":16,"minecraft:torch":3,"minecraft:poppy":1,"minecraft:chest":1,"minecraft:cobblestone":1,"minecraft:nether_quartz_ore":23,"minecraft:copper_ore":3,"minecraft:tall_grass":22,"minecraft:deepslate_gold_ore":7,"minecraft:sugar_cane":1,"minecraft:diorite":19,"minecraft:wall_torch":3,"minecraft:birch_sapling":5,"minecraft:white_terracotta":10,"minecraft:birch_planks":5,"minecraft:warped_nylium":2,"minecraft:birch_log":246,"minecraft:stripped_oak_wood":4,"minecraft:grass":147,"minecraft:oak_log":40,"minecraft:coal_ore":112,"minecraft:gravel":6,"minecraft:dirt":30,"minecraft:sand":4,"minecraft:dripstone_block":16,"minecraft:netherrack":870,"minecraft:oak_leaves":8,"minecraft:deepslate":150},"minecraft:broken":{"minecraft:wooden_shovel":4,"easy_hammers:stone_hammer":3,"minecraft:golden_shovel":1,"minecraft:stone_pickaxe":7,"minecraft:wooden_axe":4},"minecraft:custom":{"minecraft:mob_kills":64,"minecraft:interact_with_crafting_table":70,"minecraft:leave_game":7,"minecraft:time_since_death":27964,"minecraft:sprint_one_cm":464954,"minecraft:walk_one_cm":543609,"minecraft:drop":141,"minecraft:talked_to_villager":5,"minecraft:play_time":217554,"minecraft:sneak_time":43979,"minecraft:deaths":13,"minecraft:walk_under_water_one_cm":22381,"minecraft:boat_one_cm":295100,"minecraft:jump":3554,"minecraft:walk_on_water_one_cm":25801,"minecraft:total_world_time":217554,"minecraft:interact_with_furnace":33,"minecraft:sleep_in_bed":9,"minecraft:time_since_rest":27993,"minecraft:damage_taken":5433,"minecraft:damage_dealt":7363,"minecraft:swim_one_cm":64230,"minecraft:fly_one_cm":708181,"minecraft:open_chest":88,"minecraft:crouch_one_cm":164625,"minecraft:fall_one_cm":78729},"minecraft:dropped":{"minecraft:bread":3,"morevillagers:hunting_post":1,"minecraft:wheat_seeds":3,"minecraft:oak_fence":1,"minecraft:cobblestone":233,"morevillagers:gardening_table":1,"minecraft:spectral_arrow":11,"minecraft:granite":156,"minecraft:coal":2,"minecraft:stick":4,"minecraft:dirt":24,"minecraft:diorite":112,"minecraft:potion":2,"minecraft:stripped_birch_log":1,"gravestone:obituary":14,"minecraft:sand":2,"minecraft:string":1,"minecraft:bucket":1,"minecraft:oak_door":6,"minecraft:gravel":4,"minecraft:cobbled_deepslate":16,"minecraft:raw_copper":22,"minecraft:nether_brick":39,"minecraft:tuff":64,"minecraft:birch_sapling":4,"minecraft:pointed_dripstone":2,"minecraft:rotten_flesh":13,"minecraft:oak_planks":17,"minecraft:andesite":73,"minecraft:golden_sword":1,"minecraft:sandstone":12,"minecraft:arrow":1,"minecraft:beef":1,"minecraft:wooden_pickaxe":1,"minecraft:magma_cream":2,"minecraft:quartz":53},"minecraft:crafted":{"minecraft:oak_planks":116,"minecraft:birch_boat":3,"minecraft:birch_slab":6,"minecraft:furnace":5,"easy_hammers:stone_hammer":14,"minecraft:bone_meal":6,"minecraft:cooked_mutton":32,"minecraft:stone_pickaxe":18,"minecraft:chest":7,"minecraft:golden_boots":1,"minecraft:wheat":558,"minecraft:cooked_beef":22,"minecraft:wooden_shovel":4,"sophisticatedbackpacks:backpack":3,"minecraft:crafting_table":3,"minecraft:wooden_pickaxe":1,"minecraft:bucket":2,"minecraft:birch_planks":244,"minecraft:stone_axe":1,"minecraft:air":0,"minecraft:bread":187,"minecraft:oak_boat":5,"minecraft:stick":144,"minecraft:iron_ingot":8,"minecraft:iron_pickaxe":1,"minecraft:wooden_axe":5,"minecraft:gold_ingot":32,"minecraft:white_bed":6,"minecraft:torch":196},"minecraft:killed":{"minecraft:spider":4,"minecraft:skeleton":1,"minecraft:magma_cube":10,"minecraft:creeper":2,"minecraft:sheep":22,"minecraft:zombie":10,"minecraft:cow":14},"minecraft:used":{"minecraft:flint_and_steel":1,"minecraft:poppy":1,"minecraft:chest":5,"minecraft:white_terracotta":5,"easy_hammers:stone_hammer":538,"minecraft:wooden_shovel":238,"minecraft:netherrack":790,"minecraft:torch":127,"minecraft:dirt":195,"minecraft:golden_shovel":32,"minecraft:obsidian":2,"minecraft:wooden_axe":289,"minecraft:lava_bucket":9,"minecraft:birch_sapling":30,"minecraft:basalt":15,"minecraft:golden_sword":16,"minecraft:magma_block":3,"minecraft:hay_block":1,"minecraft:furnace":6,"minecraft:cooked_beef":14,"minecraft:egg":1,"minecraft:water_bucket":20,"minecraft:diorite":61,"minecraft:birch_planks":88,"minecraft:stone_pickaxe":1172,"minecraft:oak_planks":13,"minecraft:cartography_table":1,"minecraft:wooden_pickaxe":30,"minecraft:birch_boat":8,"minecraft:sand":2,"minecraft:crafting_table":18,"minecraft:white_bed":7,"morevillagers:gardening_table":1,"sophisticatedbackpacks:backpack":2,"minecraft:cornflower":1,"minecraft:birch_slab":1,"minecraft:bread":30,"minecraft:iron_pickaxe":92,"minecraft:gravel":9,"minecraft:stone_axe":189,"minecraft:cobblestone":28,"minecraft:stripped_oak_wood":2,"minecraft:bucket":30,"minecraft:oak_boat":16,"minecraft:dandelion":3}},"DataVersion":3465}