{"stats":{"minecraft:dropped":{"minecraft:birch_planks":10,"minecraft:glass_bottle":1,"minecraft:ender_pearl":4,"minecraft:flint":3,"minecraft:dirt":76,"minecraft:grass":5,"minecraft:cornflower":2,"minecraft:mutton":2,"minecraft:snowball":56,"gravestone:obituary":21,"minecraft:gold_nugget":8,"minecraft:sand":3,"minecraft:stripped_oak_wood":2,"minecraft:birch_log":4,"minecraft:white_wool":1,"minecraft:oak_door":9,"minecraft:gravel":78,"minecraft:stone_axe":1,"minecraft:sugar_cane":1,"minecraft:blackstone":140,"minecraft:cobbled_deepslate":409,"minecraft:nether_brick":49,"minecraft:wheat":44,"minecraft:birch_sapling":14,"minecraft:obsidian":2,"minecraft:pointed_dripstone":2,"minecraft:rotten_flesh":13,"easy_hammers:stone_hammer":1,"minecraft:oak_planks":20,"minecraft:diamond_shovel":1,"minecraft:cooked_mutton":1,"minecraft:azure_bluet":8,"minecraft:carrot":14,"minecraft:chest":2,"morevillagers:woodworking_table":2,"minecraft:basalt":183,"minecraft:arrow":5,"minecraft:beef":1,"minecraft:quartz":68,"minecraft:netherrack":2091,"easy_hammers:diamond_hammer":1,"minecraft:iron_ingot":1,"minecraft:bread":162,"morevillagers:hunting_post":1,"minecraft:wheat_seeds":47,"minecraft:diamond_leggings":1,"minecraft:oak_fence":7,"minecraft:cobblestone":351,"morevillagers:gardening_table":1,"minecraft:spectral_arrow":11,"minecraft:apple":2,"minecraft:granite":161,"minecraft:coal":3,"minecraft:stick":11,"minecraft:diorite":116,"minecraft:fire_charge":2,"minecraft:potion":2,"minecraft:stripped_birch_log":1,"securitycraft:reinforced_obsidian":3,"minecraft:paper":18,"minecraft:string":1,"minecraft:bucket":1,"minecraft:dandelion":11,"minecraft:kelp":2,"minecraft:netherite_ingot":4,"minecraft:raw_copper":23,"securitycraft:reinforced_glass_pane":3,"minecraft:tuff":66,"sophisticatedbackpacks:backpack":1,"minecraft:stone_slab":10,"minecraft:white_terracotta":15,"minecraft:potato":47,"minecraft:stone":5,"minecraft:diamond_chestplate":1,"minecraft:diamond_pickaxe":2,"minecraft:andesite":150,"minecraft:oak_sapling":79,"minecraft:golden_sword":1,"minecraft:sandstone":12,"minecraft:wooden_pickaxe":1,"minecraft:magma_cream":2},"minecraft:killed_by":{"minecraft:ghast":3,"minecraft:creeper":1,"minecraft:zombie":1,"minecraft:player":2,"minecraft:skeleton":5},"minecraft:crafted":{"minecraft:grindstone":1,"easy_hammers:iron_hammer":4,"minecraft:smooth_stone":6,"minecraft:oak_planks":1968,"minecraft:birch_boat":3,"minecraft:birch_slab":96,"minecraft:stone":14,"minecraft:diamond_shovel":1,"minecraft:bookshelf":17,"minecraft:cooked_mutton":32,"minecraft:diamond_leggings":1,"minecraft:birch_fence_gate":1,"minecraft:chest":53,"minecraft:golden_boots":1,"minecraft:deepslate":1329,"minecraft:wooden_shovel":4,"sophisticatedbackpacks:backpack":3,"minecraft:emerald":304,"minecraft:diamond_axe":1,"minecraft:crafting_table":7,"minecraft:wooden_pickaxe":1,"minecraft:smithing_table":1,"minecraft:fletching_table":3,"minecraft:birch_planks":2252,"minecraft:lectern":1,"minecraft:diamond_pickaxe":2,"minecraft:book":12,"minecraft:paper":57,"minecraft:charcoal":118,"minecraft:yellow_dye":1,"minecraft:stick":6704,"minecraft:stone_slab":6,"minecraft:iron_ingot":82,"minecraft:iron_pickaxe":3,"minecraft:gold_ingot":89,"minecraft:netherite_ingot":4,"minecraft:composter":2,"minecraft:shears":1,"minecraft:stone_shovel":4,"minecraft:furnace":78,"minecraft:blast_furnace":2,"easy_hammers:stone_hammer":47,"minecraft:bone_meal":18,"minecraft:flint_and_steel":1,"minecraft:iron_hoe":1,"minecraft:stone_pickaxe":18,"minecraft:redstone_block":38,"minecraft:netherite_scrap":16,"minecraft:birch_sign":9,"minecraft:wheat":774,"sophisticatedbackpacks:iron_backpack":4,"minecraft:cooked_beef":63,"minecraft:red_dye":1,"easy_hammers:diamond_hammer":1,"minecraft:amethyst_shard":72,"minecraft:enchanting_table":1,"minecraft:calcite":944,"sophisticatedbackpacks:gold_backpack":2,"minecraft:bucket":2,"morevillagers:mining_bench":2,"minecraft:stone_axe":2,"minecraft:enchanted_book":2,"minecraft:bread":448,"minecraft:air":0,"minecraft:oak_boat":5,"minecraft:wooden_axe":5,"minecraft:white_bed":16,"minecraft:diorite_slab":6,"minecraft:torch":368,"minecraft:diamond_chestplate":1},"minecraft:broken":{"minecraft:wooden_shovel":4,"minecraft:golden_shovel":1,"minecraft:stone_pickaxe":7,"easy_hammers:iron_hammer":4,"minecraft:stone_axe":1,"minecraft:wooden_axe":4,"minecraft:stone_shovel":1,"minecraft:iron_hoe":1,"minecraft:golden_hoe":1,"easy_hammers:stone_hammer":14,"minecraft:iron_pickaxe":1},"minecraft:custom":{"minecraft:animals_bred":8,"minecraft:interact_with_crafting_table":148,"minecraft:bell_ring":4,"minecraft:leave_game":14,"minecraft:time_since_death":204288,"minecraft:sprint_one_cm":1605021,"minecraft:drop":370,"minecraft:talked_to_villager":265,"minecraft:play_time":782242,"minecraft:deaths":18,"minecraft:jump":10517,"minecraft:walk_on_water_one_cm":86217,"minecraft:enchant_item":4,"minecraft:interact_with_furnace":216,"minecraft:traded_with_villager":446,"minecraft:interact_with_cartography_table":2,"minecraft:sleep_in_bed":13,"minecraft:damage_dealt":10722,"minecraft:player_kills":1,"minecraft:crouch_one_cm":287591,"minecraft:interact_with_smithing_table":5,"minecraft:mob_kills":90,"minecraft:climb_one_cm":802,"minecraft:walk_one_cm":2198143,"minecraft:sneak_time":79949,"minecraft:walk_under_water_one_cm":100333,"minecraft:boat_one_cm":457924,"minecraft:interact_with_blast_furnace":33,"minecraft:total_world_time":782242,"minecraft:interact_with_grindstone":2,"minecraft:interact_with_stonecutter":1,"minecraft:time_since_rest":50536,"minecraft:damage_taken":9001,"minecraft:swim_one_cm":188409,"minecraft:fly_one_cm":1942988,"minecraft:open_chest":360,"minecraft:fall_one_cm":199666},"minecraft:used":{"morevillagers:woodworking_table":4,"minecraft:poppy":1,"minecraft:chest":53,"minecraft:white_terracotta":10,"minecraft:stone":44,"minecraft:soul_sand":12,"minecraft:carrot":31,"minecraft:tuff":35,"minecraft:obsidian":25,"minecraft:lava_bucket":17,"minecraft:birch_sapling":129,"minecraft:warped_nylium":1,"minecraft:golden_sword":16,"minecraft:magma_block":3,"minecraft:hay_block":1,"minecraft:furnace":79,"minecraft:egg":3,"minecraft:diorite":68,"minecraft:stone_pickaxe":1172,"minecraft:oak_planks":61,"minecraft:ender_pearl":1,"minecraft:blackstone":26,"minecraft:wooden_pickaxe":30,"minecraft:composter":2,"minecraft:sugar_cane":31,"minecraft:diamond_axe":1558,"minecraft:white_wool":6,"minecraft:golden_hoe":1,"minecraft:sand":2,"minecraft:blast_furnace":2,"minecraft:deepslate_lapis_ore":1,"minecraft:shears":9,"morevillagers:gardening_table":5,"morevillagers:mining_bench":2,"sophisticatedbackpacks:backpack":2,"easy_hammers:diamond_hammer":1133,"minecraft:birch_fence_gate":1,"minecraft:birch_slab":49,"minecraft:bread":34,"minecraft:lectern":53,"minecraft:deepslate":10,"minecraft:gravel":9,"minecraft:grindstone":1,"minecraft:stripped_oak_wood":2,"minecraft:smithing_table":1,"minecraft:andesite":74,"minecraft:oak_boat":18,"minecraft:bone_meal":18,"minecraft:diorite_slab":9,"minecraft:jungle_leaves":7,"minecraft:enchanting_table":1,"minecraft:flint_and_steel":15,"minecraft:stone_shovel":198,"easy_hammers:stone_hammer":2166,"minecraft:wooden_shovel":238,"minecraft:netherrack":974,"minecraft:oak_door":3,"minecraft:torch":394,"minecraft:dirt":525,"minecraft:golden_shovel":32,"minecraft:granite":11,"minecraft:iron_hoe":236,"minecraft:wooden_axe":289,"minecraft:bamboo_raft":2,"minecraft:bookshelf":16,"minecraft:oak_stairs":1,"easy_hammers:iron_hammer":1000,"minecraft:basalt":137,"minecraft:cooked_beef":32,"minecraft:cobbled_deepslate":633,"sophisticatedbackpacks:gold_backpack":12,"minecraft:wheat_seeds":170,"minecraft:cooked_mutton":32,"minecraft:water_bucket":113,"minecraft:iron_ore":1,"minecraft:birch_planks":93,"minecraft:cartography_table":2,"minecraft:birch_boat":8,"minecraft:stonecutter":1,"minecraft:fletching_table":10,"minecraft:crafting_table":22,"morevillagers:hunting_post":8,"minecraft:birch_sign":9,"minecraft:white_bed":26,"minecraft:black_wool":4,"minecraft:cornflower":1,"minecraft:diamond_pickaxe":467,"minecraft:diamond_shovel":593,"minecraft:iron_pickaxe":251,"minecraft:stone_axe":191,"minecraft:cobblestone":115,"minecraft:bucket":132,"minecraft:dandelion":3,"minecraft:gray_wool":4,"minecraft:splash_potion":2},"minecraft:killed":{"minecraft:witch":1,"minecraft:spider":4,"minecraft:skeleton":2,"minecraft:bee":2,"minecraft:magma_cube":10,"minecraft:creeper":2,"minecraft:sheep":22,"minecraft:zombie":10,"minecraft:cow":35,"minecraft:horse":1},"minecraft:mined":{"minecraft:white_bed":11,"minecraft:farmland":2,"sophisticatedbackpacks:gold_backpack":12,"minecraft:jungle_leaves":10,"minecraft:brewing_stand":2,"minecraft:obsidian":25,"minecraft:granite":59,"minecraft:grass_block":516,"minecraft:oxeye_daisy":1,"minecraft:smooth_stone":2,"minecraft:magma_block":60,"minecraft:turtle_egg":2,"minecraft:iron_ore":17,"minecraft:cobbled_deepslate":29,"minecraft:fire":14,"minecraft:fletching_table":7,"minecraft:deepslate_lapis_ore":6,"minecraft:azure_bluet":8,"minecraft:pointed_dripstone":1,"minecraft:water_cauldron":5,"minecraft:dirt_path":27,"minecraft:oak_stairs":1,"minecraft:deepslate_redstone_ore":34,"minecraft:blackstone":71,"minecraft:torch":15,"minecraft:poppy":2,"minecraft:chest":4,"minecraft:nether_quartz_ore":68,"minecraft:cobblestone":28,"minecraft:oak_planks":8,"minecraft:sugar_cane":45,"minecraft:wall_torch":13,"minecraft:birch_sapling":9,"minecraft:seagrass":1,"minecraft:white_terracotta":16,"minecraft:warped_nylium":3,"minecraft:birch_log":969,"minecraft:wheat":70,"minecraft:stripped_oak_wood":4,"minecraft:grass":522,"minecraft:oak_log":494,"minecraft:sand":5,"minecraft:dirt":488,"minecraft:stripped_birch_wood":5,"minecraft:stonecutter":2,"minecraft:netherrack":1648,"minecraft:ancient_debris":16,"minecraft:oak_leaves":14,"minecraft:deepslate":2302,"minecraft:nether_gold_ore":79,"minecraft:tuff":99,"minecraft:deepslate_diamond_ore":33,"minecraft:oak_door":12,"minecraft:stripped_birch_log":1,"gravestone:gravestone":16,"morevillagers:gardening_table":6,"minecraft:birch_slab":10,"minecraft:cartography_table":2,"morevillagers:woodworking_table":5,"minecraft:hay_block":87,"minecraft:diorite_slab":3,"minecraft:furnace":3,"minecraft:carrots":14,"minecraft:andesite":82,"morevillagers:hunting_post":9,"minecraft:gold_block":1,"minecraft:bookshelf":1,"minecraft:potatoes":31,"minecraft:deepslate_iron_ore":26,"minecraft:warped_stem":10,"minecraft:stripped_oak_log":16,"minecraft:stone":946,"sophisticatedbackpacks:backpack":2,"minecraft:glass_pane":9,"minecraft:soul_sand":3,"minecraft:snow_block":21,"minecraft:basalt":80,"minecraft:dandelion":13,"minecraft:oak_fence":7,"minecraft:crafting_table":16,"minecraft:cornflower":3,"minecraft:lectern":52,"minecraft:tall_grass":56,"minecraft:copper_ore":49,"minecraft:lapis_ore":4,"minecraft:deepslate_gold_ore":33,"minecraft:diorite":31,"minecraft:birch_planks":9,"minecraft:white_carpet":9,"minecraft:birch_leaves":1,"minecraft:bee_nest":1,"minecraft:coal_ore":137,"minecraft:gravel":133,"minecraft:dripstone_block":16,"minecraft:gold_ore":2},"minecraft:picked_up":{"minecraft:wheat":59,"minecraft:stone_slab":5,"minecraft:lead":3,"minecraft:oak_stairs":1,"minecraft:turtle_egg":2,"minecraft:potion":3,"minecraft:nether_brick":56,"minecraft:brewing_stand":2,"minecraft:string":25,"minecraft:raw_copper":412,"minecraft:deepslate_lapis_ore":1,"minecraft:netherite_ingot":4,"minecraft:diamond_leggings":1,"minecraft:cobbled_deepslate":17606,"minecraft:gold_nugget":463,"minecraft:smooth_stone":2,"minecraft:bucket":1,"minecraft:furnace":3,"minecraft:iron_boots":1,"minecraft:stick":295,"minecraft:oak_fence":7,"minecraft:torch":71,"minecraft:pointed_dripstone":4,"minecraft:diorite":290,"morevillagers:hunting_post":9,"minecraft:cauldron":5,"minecraft:rotten_flesh":17,"minecraft:white_terracotta":27,"minecraft:stripped_birch_wood":5,"minecraft:obsidian":29,"minecraft:snowball":56,"minecraft:cobblestone":6332,"minecraft:birch_log":921,"minecraft:magma_block":274,"minecraft:magma_cream":2,"minecraft:birch_slab":14,"minecraft:andesite":509,"minecraft:potato":47,"minecraft:flint":11,"minecraft:tuff":848,"securitycraft:reinforced_obsidian":3,"minecraft:lapis_lazuli":152,"minecraft:stripped_birch_log":1,"minecraft:dirt":1041,"minecraft:bone":6,"minecraft:stonecutter":2,"minecraft:wheat_seeds":245,"minecraft:raw_gold":41,"minecraft:fletching_table":7,"minecraft:oak_planks":7,"minecraft:bamboo_raft":2,"minecraft:sand":5,"minecraft:spectral_arrow":37,"minecraft:jungle_leaves":7,"minecraft:diamond":40,"minecraft:granite":384,"minecraft:grass":5,"minecraft:bread":56,"minecraft:oak_sapling":89,"minecraft:light_gray_carpet":1,"minecraft:netherrack":3156,"minecraft:diamond_pickaxe":2,"sophisticatedbackpacks:gold_backpack":12,"minecraft:crafting_table":16,"minecraft:azure_bluet":9,"minecraft:splash_potion":2,"minecraft:diorite_slab":3,"securitycraft:reinforced_glass_pane":3,"minecraft:gold_block":1,"morevillagers:woodworking_table":6,"gravestone:obituary":8,"minecraft:cornflower":3,"minecraft:white_carpet":9,"minecraft:blackstone":260,"morevillagers:gardening_table":6,"minecraft:cartography_table":2,"minecraft:beef":67,"easy_hammers:stone_hammer":1,"minecraft:oak_boat":14,"minecraft:jungle_sapling":1,"minecraft:iron_nugget":32,"minecraft:poppy":4,"minecraft:lectern":52,"minecraft:sugar_cane":93,"minecraft:chest":5,"minecraft:birch_sapling":237,"minecraft:copper_ore":20,"minecraft:egg":4,"minecraft:raw_iron":86,"minecraft:sandstone":12,"minecraft:stone":112,"minecraft:oak_door":13,"sophisticatedbackpacks:backpack":2,"minecraft:fire_charge":4,"easy_hammers:diamond_hammer":1,"minecraft:carrot":80,"minecraft:redstone":360,"minecraft:arrow":4,"minecraft:diamond_chestplate":1,"minecraft:hay_block":87,"minecraft:mutton":34,"minecraft:white_wool":61,"minecraft:lapis_ore":4,"minecraft:stripped_oak_log":9,"minecraft:basalt":356,"minecraft:leather":36,"minecraft:birch_planks":14,"minecraft:ancient_debris":16,"minecraft:oak_log":481,"minecraft:paper":18,"minecraft:cooked_mutton":1,"minecraft:apple":10,"minecraft:kelp":2,"minecraft:warped_stem":10,"minecraft:iron_ingot":4,"minecraft:iron_ore":4,"minecraft:stripped_oak_wood":4,"minecraft:glass_bottle":1,"minecraft:soul_sand":20,"minecraft:book":3,"minecraft:birch_boat":5,"minecraft:quartz":140,"minecraft:dandelion":15,"minecraft:dripstone_block":110,"minecraft:gravel":206,"minecraft:white_bed":11,"minecraft:crying_obsidian":5,"minecraft:spider_eye":1,"minecraft:diamond_shovel":1,"minecraft:stone_axe":1,"minecraft:gray_wool":4,"minecraft:black_wool":4,"minecraft:warped_nylium":1,"minecraft:coal":381,"minecraft:ender_pearl":7}},"DataVersion":3465}