{"stats":{"minecraft:custom":{"minecraft:interact_with_crafting_table":235,"minecraft:bell_ring":4,"minecraft:leave_game":27,"minecraft:time_since_death":11072,"minecraft:damage_blocked_by_shield":960,"minecraft:play_time":1628643,"minecraft:deaths":45,"minecraft:jump":25941,"minecraft:enchant_item":8,"minecraft:interact_with_furnace":228,"minecraft:traded_with_villager":2191,"minecraft:interact_with_cartography_table":2,"minecraft:sleep_in_bed":33,"minecraft:damage_dealt":20512,"minecraft:interact_with_smoker":2,"minecraft:interact_with_smithing_table":5,"minecraft:interact_with_anvil":6,"minecraft:inspect_hopper":1,"minecraft:damage_dealt_absorbed":120,"minecraft:sneak_time":215358,"minecraft:interact_with_blast_furnace":77,"minecraft:total_world_time":1628643,"minecraft:interact_with_stonecutter":1,"minecraft:time_since_rest":11094,"minecraft:swim_one_cm":375349,"minecraft:fly_one_cm":4958058,"minecraft:open_chest":889,"minecraft:fall_one_cm":524443,"minecraft:animals_bred":11,"minecraft:sprint_one_cm":3386174,"minecraft:drop":715,"minecraft:talked_to_villager":531,"minecraft:walk_on_water_one_cm":144427,"minecraft:player_kills":1,"minecraft:crouch_one_cm":873768,"minecraft:mob_kills":221,"minecraft:damage_dealt_resisted":71,"minecraft:climb_one_cm":69330,"minecraft:walk_one_cm":4622652,"minecraft:walk_under_water_one_cm":165627,"minecraft:boat_one_cm":522077,"minecraft:interact_with_grindstone":3,"minecraft:damage_taken":24115},"minecraft:mined":{"minecraft:potted_pink_tulip":3,"minecraft:white_bed":39,"minecraft:cherry_log":227,"minecraft:jungle_leaves":17,"minecraft:obsidian":35,"minecraft:granite":169,"minecraft:chiseled_polished_blackstone":1,"minecraft:jungle_log":1959,"minecraft:hopper":1,"minecraft:oxeye_daisy":3,"minecraft:spawner":1,"minecraft:polished_blackstone_bricks":78,"minecraft:magma_block":624,"minecraft:cobbled_deepslate":58,"minecraft:fire":40,"minecraft:fletching_table":7,"minecraft:deepslate_lapis_ore":10,"minecraft:potted_dandelion":1,"minecraft:water_cauldron":5,"minecraft:dirt_path":27,"minecraft:oak_stairs":118,"minecraft:jungle_trapdoor":1,"minecraft:kelp_plant":2,"minecraft:soul_fire":1,"minecraft:torch":23,"minecraft:white_stained_glass_pane":4,"minecraft:sugar_cane":141,"minecraft:amethyst_block":2,"minecraft:birch_sapling":9,"minecraft:white_terracotta":66,"sophisticatedbackpacks:diamond_backpack":1,"minecraft:wheat":71,"minecraft:grass":597,"minecraft:birch_button":1,"minecraft:stripped_birch_wood":6,"minecraft:smooth_basalt":1,"minecraft:stonecutter":2,"minecraft:deepslate":4292,"minecraft:mossy_cobblestone":2,"minecraft:cherry_sapling":1,"minecraft:dark_oak_log":82,"minecraft:stripped_birch_log":1,"minecraft:cobbled_deepslate_slab":1,"minecraft:jungle_planks":3,"minecraft:kelp":2,"minecraft:cartography_table":3,"minecraft:jungle_sapling":52,"minecraft:andesite":207,"morevillagers:hunting_post":15,"minecraft:potatoes":31,"minecraft:vine":24,"minecraft:rail":4,"minecraft:warped_stem":10,"minecraft:bamboo":1,"minecraft:potted_allium":3,"minecraft:oak_slab":33,"minecraft:glass_pane":23,"minecraft:soul_sand":14,"minecraft:dandelion":15,"minecraft:cornflower":6,"minecraft:tall_grass":57,"minecraft:copper_ore":288,"minecraft:deepslate_gold_ore":47,"minecraft:diorite":74,"minecraft:cobblestone_wall":2,"minecraft:white_carpet":9,"minecraft:spruce_log":2913,"minecraft:birch_leaves":1,"minecraft:jungle_fence":1,"minecraft:gravel":186,"minecraft:dripstone_block":16,"minecraft:cobweb":15,"minecraft:gold_ore":2,"minecraft:farmland":2,"minecraft:cobblestone_stairs":12,"sophisticatedbackpacks:gold_backpack":15,"minecraft:brewing_stand":2,"minecraft:grass_block":727,"minecraft:cracked_polished_blackstone_bricks":47,"minecraft:composter":20,"minecraft:gilded_blackstone":13,"minecraft:smooth_stone":2,"minecraft:potted_birch_sapling":1,"minecraft:glowstone":11,"minecraft:iron_ore":43,"minecraft:turtle_egg":4,"minecraft:anvil":1,"minecraft:azure_bluet":9,"minecraft:pointed_dripstone":1,"minecraft:spruce_slab":16,"minecraft:deepslate_redstone_ore":65,"minecraft:blackstone":82,"minecraft:clay":4,"minecraft:calcite":1,"minecraft:poppy":2,"minecraft:chest":7,"minecraft:nether_quartz_ore":88,"minecraft:cobblestone":143,"minecraft:oak_planks":239,"minecraft:wall_torch":32,"minecraft:deepslate_copper_ore":4,"minecraft:pink_petals":3,"minecraft:seagrass":1,"minecraft:warped_nylium":3,"minecraft:birch_log":981,"minecraft:stripped_oak_wood":10,"minecraft:yellow_stained_glass_pane":5,"minecraft:oak_log":845,"minecraft:sand":328,"minecraft:dirt":676,"minecraft:raw_copper_block":1,"minecraft:netherrack":2286,"minecraft:ancient_debris":16,"minecraft:oak_leaves":34,"minecraft:nether_gold_ore":90,"minecraft:tuff":229,"minecraft:deepslate_diamond_ore":48,"minecraft:oak_door":12,"minecraft:ladder":2,"gravestone:gravestone":42,"morevillagers:gardening_table":8,"minecraft:birch_slab":10,"minecraft:spruce_leaves":32,"morevillagers:woodworking_table":8,"minecraft:hay_block":87,"minecraft:diorite_slab":3,"minecraft:oak_trapdoor":13,"minecraft:spruce_sapling":39,"minecraft:furnace":3,"minecraft:carrots":44,"minecraft:gold_block":20,"minecraft:bookshelf":1,"minecraft:deepslate_iron_ore":39,"minecraft:lantern":1,"minecraft:stripped_oak_log":50,"morevillagers:mining_bench":3,"minecraft:stone":1919,"sophisticatedbackpacks:backpack":2,"minecraft:jungle_fence_gate":1,"minecraft:podzol":14,"minecraft:snow_block":21,"minecraft:basalt":87,"minecraft:oak_fence":30,"minecraft:crafting_table":17,"morevillagers:oceanography_table":4,"minecraft:lectern":52,"minecraft:lapis_ore":13,"minecraft:polished_blackstone_brick_stairs":2,"minecraft:birch_planks":61,"minecraft:bee_nest":8,"minecraft:coal_ore":187,"minecraft:jungle_wall_sign":1},"minecraft:dropped":{"minecraft:lapis_lazuli":42,"minecraft:glass_bottle":1,"sophisticatedbackpacks:gold_backpack":1,"minecraft:dirt":104,"minecraft:grass":7,"minecraft:raw_copper_block":2,"securitycraft:reinforced_sand":30,"minecraft:chain":1,"minecraft:gold_nugget":10,"minecraft:sand":6,"minecraft:white_wool":1,"minecraft:bone":2,"minecraft:oak_door":9,"minecraft:stone_axe":1,"minecraft:sugar_cane":64,"minecraft:iron_nugget":6,"minecraft:cobbled_deepslate":970,"minecraft:nether_brick":49,"minecraft:birch_sapling":14,"minecraft:wheat":45,"minecraft:obsidian":2,"minecraft:rotten_flesh":28,"minecraft:oak_planks":21,"minecraft:azure_bluet":8,"minecraft:coal_ore":7,"minecraft:beef":1,"minecraft:egg":2,"minecraft:iron_ingot":1,"morevillagers:hunting_post":1,"minecraft:wheat_seeds":106,"minecraft:oak_fence":7,"minecraft:cobblestone":1467,"minecraft:apple":2,"minecraft:granite":303,"minecraft:coal":3,"minecraft:oxeye_daisy":1,"minecraft:potion":2,"minecraft:stripped_birch_log":1,"securitycraft:reinforced_obsidian":3,"minecraft:paper":18,"minecraft:string":3,"minecraft:spruce_sapling":3,"minecraft:netherite_ingot":4,"minecraft:stone_shovel":1,"sophisticatedbackpacks:backpack":1,"minecraft:stone_slab":10,"minecraft:cobbled_deepslate_slab":1412,"minecraft:white_terracotta":15,"minecraft:potato":47,"minecraft:stone":44,"minecraft:spruce_planks":36,"minecraft:diamond_pickaxe":2,"minecraft:sandstone":12,"minecraft:magma_block":39,"minecraft:birch_planks":10,"minecraft:diamond_axe":3,"minecraft:ender_pearl":4,"minecraft:dark_oak_sapling":2,"minecraft:lantern":10,"minecraft:jungle_planks":1,"minecraft:flint":3,"minecraft:deepslate_gold_ore":1,"minecraft:cornflower":2,"minecraft:mutton":2,"minecraft:snowball":56,"gravestone:obituary":52,"minecraft:pumpkin_pie":2,"minecraft:stripped_oak_wood":2,"minecraft:birch_log":4,"minecraft:gravel":78,"minecraft:blackstone":158,"minecraft:pointed_dripstone":4,"minecraft:cherry_sapling":30,"easy_hammers:stone_hammer":2,"minecraft:diamond_shovel":1,"minecraft:cooked_mutton":1,"sophisticatedbackpacks:diamond_backpack":1,"minecraft:carrot":187,"minecraft:gunpowder":2,"minecraft:chest":2,"morevillagers:woodworking_table":2,"minecraft:basalt":183,"minecraft:arrow":8,"minecraft:quartz":113,"minecraft:netherrack":4197,"easy_hammers:diamond_hammer":8,"minecraft:bread":1174,"minecraft:oak_slab":2,"minecraft:diamond_leggings":1,"minecraft:golden_axe":1,"morevillagers:gardening_table":1,"minecraft:spectral_arrow":11,"minecraft:stick":101,"minecraft:diorite":131,"minecraft:torch":211,"minecraft:fire_charge":2,"minecraft:iron_axe":1,"minecraft:pink_petals":11,"minecraft:bucket":1,"minecraft:dandelion":11,"minecraft:kelp":2,"minecraft:raw_copper":24,"securitycraft:reinforced_glass_pane":3,"minecraft:tuff":102,"minecraft:copper_ore":9,"minecraft:diamond_chestplate":1,"minecraft:andesite":253,"minecraft:oak_sapling":79,"minecraft:golden_sword":1,"minecraft:spruce_log":7,"minecraft:wooden_pickaxe":1,"minecraft:magma_cream":2,"minecraft:calcite":192},"minecraft:crafted":{"minecraft:smooth_stone":6,"minecraft:jungle_fence_gate":2,"minecraft:birch_boat":3,"minecraft:birch_slab":96,"minecraft:diamond_shovel":1,"minecraft:bookshelf":17,"minecraft:cooked_mutton":32,"minecraft:quartz_block":2,"minecraft:diamond_helmet":1,"minecraft:diamond_leggings":1,"minecraft:birch_fence_gate":1,"minecraft:deepslate":1329,"minecraft:wooden_shovel":4,"minecraft:emerald":1430,"minecraft:diamond_axe":3,"minecraft:smithing_table":1,"minecraft:fletching_table":3,"minecraft:lectern":1,"minecraft:stone_slab":6,"minecraft:iron_pickaxe":3,"minecraft:iron_block":3,"minecraft:gold_ingot":185,"minecraft:light_gray_dye":1,"minecraft:netherite_ingot":4,"minecraft:composter":4,"minecraft:jungle_sign":12,"minecraft:golden_carrot":237,"minecraft:stone_shovel":15,"minecraft:diamond_hoe":1,"minecraft:bone_meal":33,"minecraft:lantern":12,"minecraft:ladder":87,"minecraft:spruce_slab":144,"minecraft:stone_pickaxe":18,"minecraft:diamond_boots":1,"minecraft:redstone_block":38,"minecraft:jungle_fence":3,"minecraft:dark_oak_planks":72,"minecraft:wheat":774,"minecraft:crossbow":18,"minecraft:enchanting_table":1,"minecraft:calcite":3136,"sophisticatedbackpacks:gold_backpack":6,"morevillagers:mining_bench":2,"minecraft:enchanted_book":2,"minecraft:golden_apple":4,"minecraft:wooden_axe":5,"minecraft:white_bed":16,"minecraft:grindstone":1,"easy_hammers:iron_hammer":4,"minecraft:oak_planks":3236,"minecraft:stone":75,"minecraft:suspicious_stew":17,"minecraft:hopper":12,"minecraft:bow":36,"minecraft:chest":90,"minecraft:oak_button":77,"minecraft:birch_button":48,"minecraft:oak_fence":12,"minecraft:golden_boots":1,"minecraft:oak_slab":384,"sophisticatedbackpacks:backpack":5,"minecraft:arrow":1728,"minecraft:crafting_table":15,"minecraft:spruce_planks":7216,"minecraft:wooden_pickaxe":1,"sophisticatedbackpacks:feeding_upgrade":1,"minecraft:birch_planks":2300,"sophisticatedbackpacks:upgrade_base":4,"minecraft:apple":68,"minecraft:diamond_pickaxe":2,"minecraft:book":12,"minecraft:paper":57,"minecraft:charcoal":118,"minecraft:yellow_dye":1,"minecraft:shield":1,"minecraft:stick":36575,"sophisticatedbackpacks:diamond_backpack":1,"minecraft:iron_ingot":284,"minecraft:shears":1,"minecraft:cobbled_deepslate_slab":1740,"minecraft:furnace":78,"minecraft:blast_furnace":2,"minecraft:jungle_trapdoor":4,"easy_hammers:stone_hammer":47,"minecraft:oak_trapdoor":78,"minecraft:flint_and_steel":1,"minecraft:iron_axe":3,"minecraft:iron_hoe":1,"minecraft:netherite_scrap":16,"minecraft:birch_sign":9,"minecraft:glistering_melon_slice":3,"sophisticatedbackpacks:iron_backpack":6,"minecraft:cooked_beef":95,"minecraft:red_dye":1,"easy_hammers:diamond_hammer":2,"minecraft:amethyst_shard":186,"minecraft:iron_sword":1,"minecraft:bucket":4,"minecraft:stone_axe":2,"minecraft:air":0,"minecraft:bread":994,"minecraft:jungle_planks":7648,"minecraft:blue_dye":1,"minecraft:oak_boat":6,"minecraft:anvil":1,"minecraft:pumpkin_pie":184,"minecraft:torch":868,"minecraft:diorite_slab":6,"minecraft:diamond_chestplate":1},"minecraft:picked_up":{"minecraft:iron_chestplate":1,"securitycraft:reinforced_sand":30,"minecraft:flower_pot":8,"minecraft:anvil":1,"minecraft:stone_slab":5,"minecraft:lead":3,"minecraft:oak_stairs":112,"minecraft:birch_button":1,"minecraft:brewing_stand":2,"minecraft:golden_sword":3,"minecraft:polished_blackstone_brick_stairs":2,"minecraft:string":54,"minecraft:diamond_leggings":1,"minecraft:gold_nugget":729,"minecraft:cobbled_deepslate":22070,"minecraft:spruce_planks":68,"minecraft:composter":20,"minecraft:golden_axe":2,"minecraft:cherry_log":200,"morevillagers:hunting_post":15,"minecraft:cauldron":5,"minecraft:glowstone":11,"minecraft:white_terracotta":184,"minecraft:snowball":56,"minecraft:birch_log":933,"minecraft:magma_block":2329,"minecraft:birch_slab":14,"minecraft:jungle_log":1919,"minecraft:flint":14,"minecraft:lantern":3,"morevillagers:oceanography_table":4,"minecraft:stonecutter":2,"minecraft:chiseled_polished_blackstone":5,"morevillagers:mining_bench":4,"minecraft:dark_oak_log":82,"minecraft:deepslate":35,"minecraft:deepslate_gold_ore":4,"minecraft:granite":817,"minecraft:bread":388,"minecraft:light_gray_carpet":1,"minecraft:diamond_pickaxe":2,"sophisticatedbackpacks:gold_backpack":17,"minecraft:crafting_table":17,"minecraft:bee_nest":7,"minecraft:clay_ball":16,"morevillagers:woodworking_table":9,"gravestone:obituary":13,"minecraft:cornflower":5,"minecraft:jungle_trapdoor":1,"minecraft:white_carpet":9,"morevillagers:gardening_table":8,"minecraft:cartography_table":3,"minecraft:beef":97,"easy_hammers:stone_hammer":1,"minecraft:poppy":4,"minecraft:jungle_sapling":197,"minecraft:iron_nugget":38,"minecraft:spruce_slab":16,"minecraft:chest":8,"minecraft:birch_sapling":239,"minecraft:raw_copper_block":2,"minecraft:egg":7,"minecraft:copper_ore":117,"minecraft:sandstone":12,"minecraft:stone":256,"minecraft:oak_door":16,"sophisticatedbackpacks:backpack":2,"minecraft:fire_charge":4,"minecraft:jungle_fence_gate":1,"minecraft:carrot":593,"minecraft:redstone":452,"minecraft:jungle_sign":1,"minecraft:diamond_chestplate":1,"minecraft:hay_block":87,"minecraft:gold_ingot":2,"minecraft:mutton":34,"minecraft:oxeye_daisy":2,"minecraft:rail":9,"minecraft:bone_block":8,"minecraft:white_wool":61,"minecraft:lapis_ore":4,"minecraft:stripped_oak_log":43,"minecraft:jungle_fence":1,"minecraft:oak_log":807,"minecraft:ancient_debris":18,"minecraft:paper":18,"minecraft:apple":15,"minecraft:kelp":9,"minecraft:warped_stem":10,"minecraft:iron_ore":4,"minecraft:glass_bottle":1,"minecraft:gravel":257,"minecraft:spruce_sapling":359,"minecraft:spruce_log":2879,"minecraft:crying_obsidian":7,"minecraft:diamond_shovel":1,"minecraft:coal_ore":29,"minecraft:stone_axe":1,"minecraft:diamond_axe":3,"minecraft:deepslate_redstone_ore":6,"minecraft:gray_wool":4,"minecraft:warped_roots":1,"minecraft:baked_potato":32,"minecraft:warped_nylium":1,"minecraft:hopper":1,"minecraft:ender_pearl":11,"minecraft:wheat":109,"minecraft:nether_brick":56,"minecraft:gilded_blackstone":13,"minecraft:turtle_egg":4,"minecraft:potion":3,"minecraft:raw_copper":2978,"minecraft:deepslate_lapis_ore":1,"minecraft:netherite_ingot":4,"minecraft:smooth_stone":2,"minecraft:bucket":1,"minecraft:furnace":3,"minecraft:iron_boots":1,"minecraft:stick":739,"minecraft:oak_fence":27,"minecraft:torch":159,"minecraft:pointed_dripstone":6,"minecraft:diorite":613,"minecraft:rotten_flesh":70,"minecraft:stripped_birch_wood":6,"minecraft:obsidian":39,"minecraft:cobblestone":10723,"minecraft:pink_petals":15,"minecraft:leather_chestplate":1,"minecraft:magma_cream":6,"minecraft:andesite":1023,"minecraft:potato":47,"minecraft:tuff":1134,"securitycraft:reinforced_obsidian":3,"minecraft:lapis_lazuli":423,"minecraft:dirt":1460,"minecraft:stripped_birch_log":1,"minecraft:bone":14,"minecraft:wheat_seeds":356,"minecraft:raw_gold":114,"minecraft:cobbled_deepslate_slab":3,"minecraft:fletching_table":7,"minecraft:bamboo":8,"minecraft:oak_planks":225,"minecraft:jungle_planks":159,"minecraft:bamboo_raft":2,"minecraft:sand":319,"minecraft:grass_block":2,"minecraft:spectral_arrow":37,"minecraft:mossy_cobblestone":7,"minecraft:jungle_leaves":7,"minecraft:diamond":91,"minecraft:cracked_polished_blackstone_bricks":200,"minecraft:bone_meal":3,"minecraft:grass":7,"minecraft:emerald":186,"minecraft:oak_sapling":160,"minecraft:netherrack":7002,"minecraft:allium":3,"minecraft:azure_bluet":9,"minecraft:splash_potion":2,"minecraft:ladder":1,"minecraft:gold_block":18,"securitycraft:reinforced_glass_pane":3,"minecraft:diorite_slab":3,"minecraft:chain":2,"minecraft:oak_trapdoor":13,"minecraft:iron_axe":1,"minecraft:blackstone":300,"minecraft:oak_boat":18,"minecraft:lectern":52,"minecraft:sugar_cane":399,"minecraft:dark_oak_sapling":10,"minecraft:raw_iron":282,"minecraft:polished_blackstone_bricks":342,"easy_hammers:diamond_hammer":8,"minecraft:arrow":9,"minecraft:pink_tulip":3,"minecraft:basalt":387,"minecraft:leather":54,"minecraft:birch_planks":66,"minecraft:gunpowder":2,"minecraft:cobblestone_wall":2,"minecraft:cobblestone_stairs":15,"minecraft:cooked_mutton":1,"minecraft:iron_ingot":4,"minecraft:stripped_oak_wood":10,"minecraft:soul_sand":31,"sophisticatedbackpacks:diamond_backpack":2,"minecraft:book":3,"minecraft:oak_slab":30,"minecraft:birch_boat":5,"minecraft:quartz":207,"minecraft:dandelion":18,"minecraft:dripstone_block":111,"minecraft:white_bed":39,"minecraft:spider_eye":1,"minecraft:cherry_sapling":95,"minecraft:terracotta":2,"minecraft:black_wool":4,"minecraft:coal":526},"minecraft:killed":{"minecraft:skeleton":5,"minecraft:magma_cube":29,"minecraft:zombie":15,"minecraft:cow":51,"minecraft:horse":1,"minecraft:zombified_piglin":3,"minecraft:witch":1,"minecraft:spider":7,"minecraft:bee":2,"minecraft:piglin_brute":4,"minecraft:piglin":8,"minecraft:zombie_villager":1,"minecraft:creeper":2,"minecraft:sheep":22},"minecraft:used":{"minecraft:spruce_slab":91,"minecraft:poppy":1,"minecraft:ladder":68,"minecraft:chest":73,"minecraft:stone":148,"minecraft:soul_sand":13,"minecraft:jungle_sapling":136,"minecraft:lava_bucket":17,"minecraft:jungle_fence_gate":3,"minecraft:birch_sapling":129,"minecraft:copper_ore":100,"minecraft:furnace":79,"minecraft:oak_sapling":1,"minecraft:egg":4,"minecraft:diorite":201,"minecraft:blackstone":28,"minecraft:wooden_pickaxe":30,"minecraft:composter":22,"minecraft:sand":262,"minecraft:blast_furnace":2,"minecraft:birch_slab":49,"minecraft:lectern":53,"minecraft:smithing_table":1,"minecraft:oak_boat":22,"minecraft:diorite_slab":9,"minecraft:oak_trapdoor":89,"minecraft:enchanting_table":1,"easy_hammers:stone_hammer":2448,"minecraft:netherrack":2137,"minecraft:torch":579,"minecraft:anvil":2,"minecraft:ancient_debris":1,"minecraft:golden_shovel":32,"minecraft:jungle_trapdoor":5,"minecraft:iron_axe":812,"minecraft:bamboo":8,"minecraft:basalt":147,"minecraft:cobbled_deepslate":971,"sophisticatedbackpacks:gold_backpack":15,"minecraft:wheat_seeds":171,"minecraft:water_bucket":156,"minecraft:birch_planks":93,"minecraft:cartography_table":2,"minecraft:fletching_table":10,"minecraft:polished_blackstone_bricks":81,"minecraft:oak_slab":344,"minecraft:crafting_table":31,"minecraft:birch_sign":9,"minecraft:white_bed":45,"minecraft:spruce_log":2,"minecraft:oak_log":6,"minecraft:diamond_pickaxe":1173,"minecraft:cornflower":1,"minecraft:diamond_shovel":1032,"minecraft:iron_pickaxe":251,"minecraft:oak_button":77,"minecraft:suspicious_stew":17,"minecraft:spruce_sapling":282,"minecraft:cobblestone":720,"minecraft:kelp":7,"minecraft:dandelion":3,"minecraft:cherry_sapling":30,"morevillagers:woodworking_table":4,"minecraft:diamond_hoe":108,"minecraft:shield":19,"minecraft:white_terracotta":12,"minecraft:iron_sword":23,"minecraft:iron_chestplate":1,"minecraft:jungle_planks":28,"minecraft:carrot":164,"minecraft:tuff":67,"minecraft:obsidian":35,"sophisticatedbackpacks:diamond_backpack":1,"minecraft:coal_ore":22,"minecraft:lantern":4,"minecraft:warped_nylium":1,"minecraft:birch_button":49,"minecraft:golden_sword":16,"minecraft:magma_block":1789,"minecraft:hay_block":1,"morevillagers:oceanography_table":2,"minecraft:dark_oak_sapling":8,"minecraft:stone_pickaxe":1172,"minecraft:jungle_fence":4,"minecraft:oak_planks":130,"minecraft:ender_pearl":2,"minecraft:sugar_cane":80,"minecraft:diamond_axe":7230,"minecraft:white_wool":6,"minecraft:golden_hoe":1,"minecraft:deepslate_redstone_ore":6,"minecraft:shears":9,"minecraft:deepslate_lapis_ore":1,"morevillagers:gardening_table":5,"morevillagers:mining_bench":6,"sophisticatedbackpacks:backpack":2,"easy_hammers:diamond_hammer":5709,"minecraft:birch_fence_gate":1,"minecraft:bread":41,"minecraft:string":2,"minecraft:deepslate":37,"minecraft:gravel":9,"minecraft:jungle_sign":11,"minecraft:grindstone":1,"minecraft:stripped_oak_wood":2,"minecraft:andesite":145,"minecraft:bone_meal":33,"minecraft:oak_fence":15,"minecraft:jungle_leaves":7,"minecraft:flint_and_steel":65,"minecraft:stone_shovel":514,"minecraft:deepslate_gold_ore":3,"minecraft:wooden_shovel":238,"minecraft:oak_door":3,"minecraft:dirt":786,"minecraft:hopper":13,"minecraft:bee_nest":3,"minecraft:granite":11,"minecraft:iron_hoe":236,"minecraft:wooden_axe":296,"minecraft:bamboo_raft":2,"minecraft:bookshelf":16,"minecraft:oak_stairs":1,"easy_hammers:iron_hammer":1000,"minecraft:iron_boots":1,"minecraft:golden_carrot":19,"minecraft:cooked_beef":63,"minecraft:turtle_egg":2,"minecraft:cooked_mutton":32,"minecraft:iron_ore":4,"minecraft:baked_potato":1,"minecraft:birch_boat":8,"minecraft:stonecutter":1,"morevillagers:hunting_post":8,"minecraft:black_wool":4,"minecraft:cracked_polished_blackstone_bricks":170,"minecraft:lapis_ore":4,"minecraft:stone_axe":191,"minecraft:pink_petals":4,"minecraft:cobbled_deepslate_slab":328,"minecraft:bucket":176,"minecraft:pumpkin_pie":57,"minecraft:gray_wool":4,"minecraft:splash_potion":2},"minecraft:killed_by":{"minecraft:piglin_brute":1,"minecraft:magma_cube":1,"minecraft:zombie":2,"minecraft:ghast":4,"minecraft:zombified_piglin":1,"minecraft:creeper":1,"minecraft:player":2,"minecraft:enderman":1,"minecraft:skeleton":7},"minecraft:broken":{"minecraft:golden_boots":1,"minecraft:wooden_shovel":4,"minecraft:iron_hoe":1,"minecraft:iron_axe":3,"minecraft:iron_pickaxe":1,"minecraft:leather_leggings":1,"minecraft:golden_shovel":1,"minecraft:stone_pickaxe":7,"easy_hammers:iron_hammer":4,"minecraft:stone_axe":1,"minecraft:wooden_axe":4,"minecraft:stone_shovel":2,"minecraft:golden_hoe":1,"easy_hammers:stone_hammer":15,"minecraft:flint_and_steel":1}},"DataVersion":3465}