{"stats":{"minecraft:dropped":{"minecraft:sugar_cane":1},"minecraft:used":{"minecraft:spruce_door":1},"minecraft:picked_up":{"minecraft:sugar_cane":1,"minecraft:spruce_door":1},"minecraft:custom":{"minecraft:jump":66,"minecraft:time_since_rest":9608,"minecraft:sprint_one_cm":6013,"minecraft:play_time":9608,"minecraft:damage_taken":10,"minecraft:time_since_death":9608,"minecraft:walk_one_cm":3647,"minecraft:sneak_time":14,"minecraft:total_world_time":9608,"minecraft:drop":1,"minecraft:fly_one_cm":28543}},"DataVersion":3465}